2020-04-01,West Virginia,Hancock County,Nightlife Spots,4ee18738b8f775b373652684,The Irish Pub,1
2020-04-01,West Virginia,Harrison County,Big Box Stores,4b8963b0f964a520833132e3,Walmart Supercenter,1
2020-04-01,West Virginia,Harrison County,Big Box Stores,4bfaa1eab182c9b663957a5a,Target,2
2020-04-01,West Virginia,Marshall County,Medical,4bc0f7e8abf495217e45c093,Reynolds Memorial Hospital,1
2020-04-01,West Virginia,Berkeley County,Arts & Entertainment,5129689ee4b089b2212a29ec,TJ's,1
2020-04-01,West Virginia,Raleigh County,Travel & Transport,4e7a8390a809b5699ab038a0,Beckley Travel Plaza,1
2020-04-01,West Virginia,Randolph County,Gas Stations,51dc5664498e54c9c9a22a5c,Mountaineer Mart,1
2020-04-01,West Virginia,Randolph County,Gas Stations,552833f4498ed320929e7264,Sheetz,2
2020-04-01,West Virginia,Randolph County,Gas Stations,4c657be1e75ac928c0d2f4da,Speedway,3
2020-04-01,West Virginia,Berkeley County,Travel & Transport,564f915a498e1f39982f687c,Truck Park & Rest Area,1
2020-04-01,West Virginia,Berkeley County,Travel & Transport,5086bb51e4b030d34801dba1,West Virginia Welcome Center,2
2020-04-01,West Virginia,Berkeley County,Travel & Transport,4f7e3be1e4b043dab415ccc9,West Virginia,3
2020-04-01,West Virginia,Marion County,Drug Store,56db39d4cd10b73f2aea06fe,CVS pharmacy,1
2020-04-01,West Virginia,Mingo County,Food,4d0d40687d28721e95d7f720,Cheech's,1
2020-04-01,West Virginia,Mingo County,Food,4cb90e06dd41a35d2179dfa0,Starters Sports-Bar,2
2020-04-01,West Virginia,Ohio County,Hardware Stores,4ced754a94b99eb05eb91f56,Lowe's,1
2020-04-01,West Virginia,Jackson County,Fast Food Restaurants,4bd8f1772e6f0f4733510908,McDonald's,1
2020-04-01,West Virginia,Wood County,Big Box Stores,4cb107ce1168a0938e133023,Walmart Supercenter,1
2020-04-01,West Virginia,Wood County,Big Box Stores,4bdc53843904a59373a74d9e,Walmart Supercenter,2
2020-04-01,West Virginia,Kanawha County,Travel & Transport,4b86d2dff964a520db9f31e3,Morton Travel Plaza,1
2020-04-01,West Virginia,Monongalia County,Gas Stations,4df9feea18a8ab1870bcadbb,Pilot Travel Centers,1
2020-04-01,West Virginia,Monongalia County,Gas Stations,4ba4484ef964a520c19238e3,Sheetz,2
2020-04-01,West Virginia,Monongalia County,Gas Stations,4c2d5c5de307d13a27cf0dda,Sheetz,3
2020-04-01,West Virginia,Monongalia County,Gas Stations,4be571aacf200f472e2e133c,BFS,4
2020-04-01,West Virginia,Monongalia County,Gas Stations,4fd95e0a4fc683c0ceab8d4d,Sheetz,5
2020-04-01,West Virginia,Monongalia County,Gas Stations,4b538b7bf964a5206da127e3,Sheetz,6
2020-04-01,West Virginia,Hardy County,Shops & Services,4e612bc5b993678bb5ca79c6,Tony's Fleamarket,1
2020-04-01,West Virginia,Jefferson County,Fast Food Restaurants,4bd9dc383f01c9b6b86553a5,Chick-fil-A,1
2020-04-01,West Virginia,Cabell County,Hardware Stores,4b70b1a5f964a5200d2a2de3,Lowe's,1
2020-04-01,West Virginia,Cabell County,Hardware Stores,4b6c8102f964a5204b3f2ce3,The Home Depot,2
2020-04-01,West Virginia,Randolph County,Outdoors & Recreation,4f946cc4e4b0ab5f0abea7b8,Monongahela National Forest,1
2020-04-01,West Virginia,Mercer County,Grocery,4bd45ea041b9ef3b89ce01e6,Kroger,1
2020-04-01,West Virginia,Mercer County,Grocery,4d34ce982e56236a6f1a32b4,Grants,2
2020-04-01,West Virginia,Mercer County,Grocery,4e2de342e4cdb5a70d590bf8,Grants Super Market,3
2020-04-01,West Virginia,Mercer County,Grocery,4e1cad77c65bc4a776bd2dd3,Grants Supermarket,4
2020-04-01,West Virginia,Pleasants County,Grocery,4c8baa54770fb60c46faddc3,Galaxy Food Center,1
2020-04-01,West Virginia,Taylor County,Big Box Stores,4c41b6d7520fa593d7fac9ac,Walmart Supercenter,1
2020-04-01,West Virginia,Wetzel County,Drug Store,4b8584eff964a520116331e3,Rite Aid,1
2020-04-01,West Virginia,Ohio County,Banks,4bf5561aff90c9b6f8375628,WesBanco,1
2020-04-01,West Virginia,Barbour County,Grocery,4d18cd88cc216ea8daac78d3,Shop N Save,1
2020-04-01,West Virginia,Cabell County,Drug Store,591c678fb9ac3844663d1961,Kroger Pharmacy,1
2020-04-01,West Virginia,Cabell County,Drug Store,4e6f6dc1d4c06eaf9c2c883d,Fruth Roby Rd,2
2020-04-01,West Virginia,Cabell County,Drug Store,4c387b7c2c8020a123d48a00,Walgreens,3
2020-04-01,West Virginia,Cabell County,Drug Store,4b8174caf964a52048a730e3,CVS pharmacy,4
2020-04-01,West Virginia,Cabell County,Government,5970df9210345b5dd639ddfd,Barboursville Police Department,1
2020-04-01,West Virginia,Nicholas County,Drug Store,5d4285ffbe6f750008eb3baf,Walgreens,1
2020-04-01,West Virginia,Brooke County,Convenience Store,4de93a0eb0fbcb7c9ad7fbd8,Uncle Peps,1
2020-04-01,West Virginia,Jackson County,Big Box Stores,4b6df4daf964a520dc9e2ce3,Walmart Supercenter,1
2020-04-01,West Virginia,Monongalia County,Colleges & Universities,4bbb72078a0d9521a65ad930,Milan Puskar Stadium,1
2020-04-01,West Virginia,Monongalia County,Colleges & Universities,4c3213d2a0ced13a6085146e,West Virginia University,2
2020-04-01,West Virginia,Monongalia County,Colleges & Universities,4babacadf964a52031bf3ae3,WVU Health Sciences Center,3
2020-04-01,West Virginia,Wetzel County,Colleges & Universities,4fb27e55e4b03b8c9dcd1ca8,Valley High School,1
2020-04-01,West Virginia,Mineral County,Gas Stations,4c36369f0a71c9b60fbf3cc9,Sheetz,1
2020-04-01,West Virginia,Brooke County,Medical,4b8450ebf964a520502e31e3,Weirton Medical Center,1
2020-04-01,West Virginia,Logan County,Convenience Store,58361f8583622d318474cdd3,Dollar General,1
2020-04-01,West Virginia,Mercer County,Convenience Store,4ef0d6dc0e61196dc9763b41,Village Store,1
2020-04-01,West Virginia,Nicholas County,Hardware Stores,4c434719da3dc92858aecbb9,Tractor Supply Co.,1
2020-04-01,West Virginia,Nicholas County,Hardware Stores,4ced736d94b99eb05a951f56,Lowe's,2
2020-04-01,West Virginia,Ohio County,Medical,4ba0739ef964a5203f6e37e3,Wheeling Hospital,1
2020-04-01,West Virginia,Tyler County,Shops & Services,533497e2498e5d1870d10ee7,Witschey's,1
2020-04-01,West Virginia,Wood County,Outdoors & Recreation,4e4ac41bc65bab125171bbf4,Southwood Park,1
2020-04-01,West Virginia,Wood County,Outdoors & Recreation,4ba7c315f964a52015b139e3,Parkersburg City Park,2
2020-04-01,West Virginia,Wood County,Outdoors & Recreation,58c034c137da1d5042c7d327,Bicentennial Park,3
2020-04-01,West Virginia,Marion County,Big Box Stores,4b846c07f964a5207b3431e3,Walmart Supercenter,1
2020-04-01,West Virginia,Berkeley County,Alcohol,4bffe621c30a2d7f179e111d,Big Apple Liquors,1
2020-04-01,West Virginia,Preston County,Grocery,4e1b68b5a8099d0a25c5f3a1,Shop N Save Express,1
2020-04-01,West Virginia,Raleigh County,Office,50fd4b31e4b09f8f004a7795,Pax Surface Mine,1
2020-04-01,West Virginia,Mason County,Gas Stations,4c42025dd7fad13a2d7108da,Apple Grove Market,1
2020-04-01,West Virginia,Doddridge County,Shops & Services,50b93691e4b09c65415fcdf3,Tease Me,1
2020-04-01,West Virginia,Berkeley County,Drug Store,4bfac7c45ec320a1e4248cd3,CVS pharmacy,1
2020-04-01,West Virginia,Berkeley County,Drug Store,4bcf2b470adfb713cb2baf55,CVS pharmacy,2
2020-04-01,West Virginia,Cabell County,Big Box Stores,4b562c31f964a520930328e3,Walmart Supercenter,1
2020-04-01,West Virginia,Cabell County,Big Box Stores,587383ed0bc55b0a67d9b15e,Walmart Supercenter,2
2020-04-01,West Virginia,Berkeley County,Professional & Other Places,573cce68cd10d8dbee78f20d,P&G Plant,1
2020-04-01,West Virginia,Berkeley County,Professional & Other Places,4e8c62f4d3e303e9db76eb8d,Queen Dental Care Center,2
2020-04-01,West Virginia,Berkeley County,Professional & Other Places,4c508101991c20a1ce114d86,US Post Office,3
2020-04-01,West Virginia,Berkeley County,Professional & Other Places,4d67df4cfd1b8cfad6a023f0,Bunker Hill Post Office,4
2020-04-01,West Virginia,Logan County,Professional & Other Places,54235a31498e4f26bf4f8583,man church of god,1
2020-04-01,West Virginia,Monongalia County,Outdoors & Recreation,4c55c68b479fc92872ab6e95,Cheat Lake,1
2020-04-01,West Virginia,Hampshire County,Outdoors & Recreation,4e621ba1fa76cd64ce137ba0,The Deck at The Cabin,1
2020-04-01,West Virginia,Mercer County,Gas Stations,4e4ffb5db0fb088f3c237ef8,Sheetz,1
2020-04-01,West Virginia,Mercer County,Gas Stations,4d8b76f06ce6a35d7b577642,Sheetz,2
2020-04-01,West Virginia,Fayette County,Banks,505899005d24dabaa9bc6319,Coinstar,1
2020-04-01,West Virginia,Grant County,Medical,4bbf84fc74a9a5937897cef6,Grant Memorial Hospital,1
2020-04-01,West Virginia,Ohio County,Travel & Transport,4e19bec4d4c062b044f4510f,West Virginia Welcome Center,1
2020-04-01,West Virginia,Wetzel County,Big Box Stores,4b9e895df964a520d2ec36e3,Walmart Supercenter,1
2020-04-01,West Virginia,Cabell County,Colleges & Universities,4b4808eef964a520b74626e3,Marshall University,1
2020-04-01,West Virginia,Marshall County,Discount Stores,4c83cfd6e602b1f73ffaa87a,Dollar Tree,1
2020-04-01,West Virginia,Monongalia County,Grocery,4b520c9df964a5200e6427e3,Kroger,1
2020-04-01,West Virginia,Monongalia County,Grocery,4b68dbc0f964a5206c902be3,Kroger,2
2020-04-01,West Virginia,Monongalia County,Grocery,4b801dcef964a520a65330e3,Giant Eagle Supermarket,3
2020-04-01,West Virginia,Monongalia County,Grocery,59b1dc9cf96b2c7bd7a64539,Walmart Grocery Pickup and Delivery,4
2020-04-01,West Virginia,Monongalia County,Grocery,4b805c49f964a520436b30e3,Giant Eagle Supermarket,5
2020-04-01,West Virginia,Monongalia County,Grocery,50b4dfc521c684eec9249e05,Kroger,6
2020-04-01,West Virginia,Monongalia County,Grocery,4c642790edd320a1391eb129,ALDI,7
2020-04-01,West Virginia,Upshur County,School,4c9b9f59eaa5a14357b0d6e4,Buckhannon-Upshur High School,1
2020-04-01,West Virginia,Berkeley County,Discount Stores,5b1584c8872f7d002cc98c8e,Dollar Tree,1
2020-04-01,West Virginia,Berkeley County,Discount Stores,4c83af16d34ca14325543780,Dollar General,2
2020-04-01,West Virginia,Berkeley County,Fast Food Restaurants,4e2ee66462e1fbac61058280,McDonald's,1
2020-04-01,West Virginia,Berkeley County,Fast Food Restaurants,4c79324d566db60c6df5430e,Chick-fil-A,2
2020-04-01,West Virginia,Harrison County,Outdoors & Recreation,4c0eb8a21281c9b691761d1d,Shinnston Rail Trail,1
2020-04-01,West Virginia,Kanawha County,Shops & Services,4b5ca2f1f964a5204c3b29e3,Sam's Club,1
2020-04-01,West Virginia,Kanawha County,Shops & Services,57b2280f498efeeeb94dcf89,Rural King,2
2020-04-01,West Virginia,Kanawha County,Shops & Services,4be068d6724d76b052958538,The UPS Store,3
2020-04-01,West Virginia,Raleigh County,Professional & Other Places,4f39b134e4b0594259dbd0c2,SGS North America,1
2020-04-01,West Virginia,Brooke County,Professional & Other Places,4e47efb8fa76a07fde6d3630,"Beech Bottom, WV",1
2020-04-01,West Virginia,Harrison County,Medical,4c2d215ee307d13abc520dda,United Hospital Center,1
2020-04-01,West Virginia,Wood County,Drug Store,551c1115498e6d86961800b8,Walmart Pharmacy,1
2020-04-01,West Virginia,Nicholas County,Shops & Services,58439d935490d30358e79443,SmartStyle,1
2020-04-01,West Virginia,Putnam County,Drug Store,551c1119498e6d8696186357,Walmart Pharmacy,1
2020-04-01,West Virginia,Barbour County,Shops & Services,4c291a37783d9c74b26f8f6b,Shop N Save,1
2020-04-01,West Virginia,Hampshire County,Grocery,509163e5b0b93c8e511e9ec2,Food Lion Grocery Store,1
2020-04-01,West Virginia,Jefferson County,Drug Store,4d8b9c820c4e41bd37e6657f,CVS pharmacy,1
2020-04-01,West Virginia,Wirt County,Food,4e46c40a483b03d090e4b4c5,Molly's Diner,1
2020-04-01,West Virginia,Mercer County,Travel & Transport,4dd5c56dd1647fcf3e22db2e,Bluestone Travel Plaza,1
2020-04-01,West Virginia,Ritchie County,Shops & Services,57a378e3498eff42d239b444,Advance Auto Parts,1
2020-04-01,West Virginia,Roane County,Gas Stations,4bd964d3e914a593f55456fa,Go Mart,1
2020-04-01,West Virginia,Tyler County,Government,4caf5a55eb65b1f70c0a63cd,Tyler County Courthouse,1
2020-04-01,West Virginia,Wayne County,Discount Stores,4c759addff1fb60c30baf6a7,Dollar General,1
2020-04-01,West Virginia,Nicholas County,Travel & Transport,4dbdff1193a08f9274e32d90,Mt. Nebo WV Truckstop,1
2020-04-01,West Virginia,Webster County,Discount Stores,4c26447cf7ced13aaa05266d,Family Dollar,1
2020-04-01,West Virginia,Wood County,Professional & Other Places,5bbe0bc82f97ec002c4ea245,Hino Motors Manufacturing,1
2020-04-01,West Virginia,Fayette County,Fast Food Restaurants,4c003a90ca1920a1c012ee81,McDonald's,1
2020-04-01,West Virginia,Putnam County,Gas Stations,4b698ffaf964a52078a72be3,Pilot Travel Centers,1
2020-04-01,West Virginia,Putnam County,Gas Stations,501ed046e4b0c30286cec259,Sheetz,2
2020-04-01,West Virginia,Putnam County,Gas Stations,50569e99e4b01ef822f0cda3,American Tire Distributors,3
2020-04-01,West Virginia,Putnam County,Gas Stations,51e5fc21498e392ab9035fe1,Sheetz,4
2020-04-01,West Virginia,Kanawha County,Convenience Store,562a2537498ee9074eff9b16,Sheetz,1
2020-04-01,West Virginia,Marshall County,Fast Food Restaurants,4bfebd25e584c9284f286d25,Wendy’s,1
2020-04-01,West Virginia,Marshall County,Fast Food Restaurants,4d8f6d7e1d06b1f787cb5e3b,Taco Bell,2
2020-04-01,West Virginia,Marshall County,Fast Food Restaurants,4c1a293fd4d9c928c4fff129,McDonald's,3
2020-04-01,West Virginia,Marshall County,Fast Food Restaurants,4bfebdafdaf9c9b6312ef9ef,Wendy’s,4
2020-04-01,West Virginia,Wayne County,Grocery,4c7d94a7d461a14342af7df5,Walmart Supercenter,1
2020-04-01,West Virginia,Wayne County,Grocery,51e88802498e22d754f877db,FoodFair,2
2020-04-01,West Virginia,Fayette County,Hardware Stores,4ced74a194b99eb019ab1f56,Lowe's,1
2020-04-01,West Virginia,Braxton County,Grocery,555c6508498ea9871cd8050f,Walmart Supercenter,1
2020-04-01,West Virginia,Wood County,Office,4ea83bf56c25a76b7d0729e1,West Virginia's Choice,1
2020-04-01,West Virginia,Mercer County,Drug Store,4d17be08816af04dc35551c2,CVS pharmacy,1
2020-04-01,West Virginia,Putnam County,Grocery,4b6f2b20f964a5208ee12ce3,Kroger,1
2020-04-01,West Virginia,Putnam County,Grocery,5c4b7d120802d4002c50c108,Walmart Grocery Pickup,2
2020-04-01,West Virginia,Putnam County,Grocery,4c68059f7abde21e93716768,Eleanor Food Land,3
2020-04-01,West Virginia,Kanawha County,Gas Stations,4e35cd1aaeb7f67fbd355c78,Exxon,1
2020-04-01,West Virginia,Kanawha County,Gas Stations,4b5c6fcbf964a520c92f29e3,Speedway,2
2020-04-01,West Virginia,Kanawha County,Gas Stations,4ca25e671f709eb01c33fa94,Speedway,3
2020-04-01,West Virginia,Kanawha County,Gas Stations,580b0bf838fa122cf784a072,Sheetz,4
2020-04-01,West Virginia,Kanawha County,Gas Stations,5d93c7b477a5c70008443d76,Exxon,5
2020-04-01,West Virginia,Logan County,Gas Stations,4ca25e441f709eb0a632fa94,Speedway,1
2020-04-01,West Virginia,Marion County,Food,5363de81498ec98507ad99cc,Joe n Throw,1
2020-04-01,West Virginia,Marion County,Food,4c40e84caf052d7f01907c79,Hoops Cafe,2
2020-04-01,West Virginia,Marion County,Food,4c5211642543a5937a09eb84,Muriale's Italian Kitchen,3
2020-04-01,West Virginia,Monongalia County,Medical,4bb5e0d3ef159c74611e75f7,Ruby Memorial Hospital,1
2020-04-01,West Virginia,Monongalia County,Medical,4b9f9f51f964a520952f37e3,Cheat Lake Animal Hospital,2
2020-04-01,West Virginia,Nicholas County,Big Box Stores,4bd2601bb221c9b617add7d0,Walmart Supercenter,1
2020-04-01,West Virginia,Hancock County,Grocery,4b660620f964a520180f2be3,Sparkle Market,1
2020-04-01,West Virginia,Wood County,Fitness Center,4e8377bef5b9dbc089d1c868,Planet Fitness,1
2020-04-01,West Virginia,Brooke County,Travel & Transport,4b58f0cff964a5206d7428e3,"Follansbee, WV",1
2020-04-01,West Virginia,Hardy County,Gas Stations,50b8a8d8e4b048d44463ffde,Sheetz,1
2020-04-01,West Virginia,Marion County,Professional & Other Places,4bd8d783e914a59361ce54fa,US Post Office,1
2020-04-01,West Virginia,Berkeley County,Convenience Store,4cdc6aa8fc9737040640d505,ROCS Convenience Store,1
2020-04-01,West Virginia,Berkeley County,Convenience Store,540f7499498e36d35ab20684,Sheetz,2
2020-04-01,West Virginia,Berkeley County,Convenience Store,5b5a9f646dcf04002c5df7b5,Rocs,3
2020-04-01,West Virginia,Berkeley County,Convenience Store,4cd85e868f949eb01c2a75ae,7-Eleven,4
2020-04-01,West Virginia,Berkeley County,Convenience Store,5149d288e4b0be4c381e5a4f,Travers Country Store,5
2020-04-01,West Virginia,Preston County,Big Box Stores,4c4f04b19932e21e14b9b2ce,Walmart Supercenter,1
2020-04-01,West Virginia,Berkeley County,Nightlife Spots,4c8b2e901eafb1f767a38135,Alto's,1
2020-04-01,West Virginia,Marshall County,Government,4d80af94208a54817dcc7867,West Virginia Northern Regional Jail & Correctional Facility,1
2020-04-01,West Virginia,Wood County,Shops & Services,4b53708af964a520f39c27e3,Sam's Club,1
2020-04-01,West Virginia,Wood County,Shops & Services,543ac5a5498ee8034f7cd1e8,Rural King,2
2020-04-01,West Virginia,Wood County,Shops & Services,534ad5db498e54a317ac0844,Walmart Photo Center,3
2020-04-01,West Virginia,Wood County,Shops & Services,52f80449498ed044612d93ce,Walmart Auto Center,4
2020-04-01,West Virginia,Wood County,Shops & Services,4fd37283e4b05a4aba5e06ba,O'Reilly Auto Parts,5
2020-04-01,West Virginia,Harrison County,Alcohol,4bf15319d258d13a754af940,"Rocko's Liquor,Wine & Beer",1
2020-04-01,West Virginia,Morgan County,Gas Stations,591759392f97ec53ea22e6cf,Sheetz,1
2020-04-01,West Virginia,Wood County,Food,4c4751a596abd13a755d7001,Western Sizzlin,1
2020-04-01,West Virginia,Wood County,Food,52ce96b6498ecff255128fd5,Subway,2
2020-04-01,West Virginia,Wood County,Food,4ba56a8bf964a520f50439e3,KFC,3
2020-04-01,West Virginia,Wood County,Food,5bcbe708898bdc002c8ea631,Starbucks,4
2020-04-01,West Virginia,Nicholas County,Gas Stations,5b54b57d18d43b002cc66f30,"Go Mart, Nettie, Wv",1
2020-04-01,West Virginia,Putnam County,Fast Food Restaurants,4b5b499af964a520c5f128e3,Dairy Queen,1
2020-04-01,West Virginia,Putnam County,Fast Food Restaurants,4b8a2727f964a520156232e3,McDonald's,2
2020-04-01,West Virginia,Harrison County,Gas Stations,51d4aef1498e92436a0fb561,Sheetz,1
2020-04-01,West Virginia,Harrison County,Gas Stations,4ddd11c01838306b8214c746,Sam's Club Fuel Center,2
2020-04-01,West Virginia,Harrison County,Gas Stations,54b07b26498e215dcc385644,New BFS,3
2020-04-01,West Virginia,Harrison County,Gas Stations,4b8063a7f964a520dc6d30e3,Sheetz,4
2020-04-01,West Virginia,Harrison County,Gas Stations,4c0bbcdfffb8c9b6d1a26d61,Exxon,5
2020-04-01,West Virginia,Harrison County,Gas Stations,50c1002de4b05f48f6ba1caf,Sheetz,6
2020-04-01,West Virginia,Harrison County,Gas Stations,4c54f9a6a724e21e96b144f7,Mountaineer Mart,7
2020-04-01,West Virginia,Wood County,Government,4f980915e4b0793c8e4dfa46,Parkersburg Correctional Center,1
2020-04-01,West Virginia,Wood County,Government,5074893ae4b0d30a5ee8d3c1,Parkersburg DMV,2
2020-04-01,West Virginia,Mercer County,Fast Food Restaurants,4ba7a7edf964a520baa639e3,McDonald's,1
2020-04-01,West Virginia,Mercer County,Fast Food Restaurants,4c460ef3f9652d7fc6ee132b,McDonald's,2
2020-04-01,West Virginia,Nicholas County,Grocery,4cb10e7fef1b370492764000,Food Lion Grocery Store,1
2020-04-01,West Virginia,Logan County,Food,503157efe4b07730f5790518,Dairy Delight,1
2020-04-01,West Virginia,Nicholas County,Discount Stores,4c47612876d72d7f9cf83c4d,Big Lots,1
2020-04-01,West Virginia,Upshur County,Shops & Services,4c79108a3badb1f705a64d54,Corridor H Tire,1
2020-04-01,West Virginia,Raleigh County,Sports,4c1a8db9624b9c74a5711204,Linda K. Epling Stadium,1
2020-04-01,West Virginia,Pleasants County,Professional & Other Places,52363e3f498e983b0e5a14f9,Solvay,1
2020-04-01,West Virginia,Berkeley County,Big Box Stores,4c5c96276147be9aa4bd8f09,Walmart Supercenter,1
2020-04-01,West Virginia,Berkeley County,Big Box Stores,4b90144ef964a5204d7433e3,Walmart Supercenter,2
2020-04-01,West Virginia,Berkeley County,Big Box Stores,4c9cc04474109eb07cd41415,Target,3
2020-04-01,West Virginia,Kanawha County,Drug Store,4c261edf136d20a11aafe461,Walgreens,1
2020-04-01,West Virginia,Kanawha County,Drug Store,54ca4a1d498ee71a395b4a71,CVS pharmacy,2
2020-04-01,West Virginia,Kanawha County,Drug Store,4e1b3efd88777d13d043295c,CVS pharmacy,3
2020-04-01,West Virginia,Kanawha County,Hardware Stores,4bb9fde1cf2fc9b641fba002,Lowe's,1
2020-04-01,West Virginia,Kanawha County,Hardware Stores,4ced730494b99eb0d88e1f56,Lowe's,2
2020-04-01,West Virginia,Kanawha County,Hardware Stores,4b7859ebf964a5209ec72ee3,The Home Depot,3
2020-04-01,West Virginia,Kanawha County,Hardware Stores,4b7b404cf964a5209e5a2fe3,Lowe's,4
2020-04-01,West Virginia,Raleigh County,Arts & Entertainment,4fd016d3e4b0523662019d1a,Gallbladder Gallows,1
2020-04-01,West Virginia,Raleigh County,Arts & Entertainment,4e4012ea18a83d5b2866ac1f,Park Middle School Football Field,2
2020-04-01,West Virginia,Upshur County,Big Box Stores,4b3a9fd2f964a520686b25e3,Walmart Supercenter,1
2020-04-01,West Virginia,Kanawha County,Food,4bae5078f964a52085a13be3,The Smokehouse,1
2020-04-01,West Virginia,Kanawha County,Food,4c5061357537e21eaa73d689,KFC,2
2020-04-01,West Virginia,Kanawha County,Food,4e07d5407d8b2a01805d78e1,Dairy Winkle,3
2020-04-01,West Virginia,Marshall County,Professional & Other Places,4c53672f479fc92858ef6491,Marshall County Fairgrounds,1
2020-04-01,West Virginia,Marshall County,Professional & Other Places,4e02432d1f6ef39c2945cdab,Sorghum Ridge Rd,2
2020-04-01,West Virginia,Marshall County,Professional & Other Places,4e29c8bc7d8b7deda6be48c8,"Mcelroy Mine Moundsville, W.V.",3
2020-04-01,West Virginia,Mingo County,Fast Food Restaurants,52c2e6a711d22ffba16ae09f,McDonald's,1
2020-04-01,West Virginia,Mason County,Grocery,58c0ca8452a0514a8171d40b,Piggy Wiggly,1
2020-04-01,West Virginia,Tyler County,Food,50ab6ef3e4b0171171eaa649,Speedway Diner,1
2020-04-01,West Virginia,Wood County,Grocery,4bbbe3fd3de8c9b6876f9aad,Kroger,1
2020-04-01,West Virginia,Wood County,Grocery,4cdec36df8cdb1f7392a8d12,Kroger,2
2020-04-01,West Virginia,Wood County,Grocery,4bbbb5ce51b89c745e95862a,Foodland,3
2020-04-01,West Virginia,Wood County,Grocery,5daa115a3aecc1000875ba5f,ALDI,4
2020-04-01,West Virginia,Wood County,Grocery,5d1e8a7e5cbbb200230a6196,Walmart Grocery Pickup & Delivery,5
2020-04-01,West Virginia,Greenbrier County,Hardware Stores,4ced751594b99eb09ab41f56,Lowe's,1
2020-04-01,West Virginia,Hampshire County,Gas Stations,5b314e332a7ab6002ce9e494,Frye's Flat Liberty,1
2020-04-01,West Virginia,Berkeley County,School,520a6207498ef0f4680d6d2a,Spring Mills High School,1
2020-04-01,West Virginia,Berkeley County,School,4bebe4bc62c0c928d599e2d4,Martinsburg High School,2
2020-04-01,West Virginia,Harrison County,Hardware Stores,4b6730a9f964a5205e402be3,The Home Depot,1
2020-04-01,West Virginia,Harrison County,Hardware Stores,4b8d5321f964a520a3f432e3,Lowe's,2
2020-04-01,West Virginia,Harrison County,Hardware Stores,4bd8782309ecb71333ec487c,Tractor Supply Co.,3
2020-04-01,West Virginia,Raleigh County,Hotel,4bc392cddce4eee1a8a9719d,Comfort Inn,1
2020-04-01,West Virginia,Brooke County,Shops & Services,503ab669e4b03fdd895dfd45,Reisbecks,1
2020-04-01,West Virginia,Cabell County,Food,5595bb31498e83c3b49147ea,Fly In Cafe,1
2020-04-01,West Virginia,Cabell County,Food,4b92a4c4f964a520fc0c34e3,Little Caesars Pizza,2
2020-04-01,West Virginia,Cabell County,Food,4c13e3398aedd13a418d5137,Gino's Pizza,3
2020-04-01,West Virginia,Cabell County,Food,4b9a76b7f964a5208cb735e3,Stewarts Original Hot Dogs,4
2020-04-01,West Virginia,Cabell County,Food,58363d396e60752e1d3cd6ce,Texas Roadhouse,5
2020-04-01,West Virginia,Fayette County,Grocery,4c65cef37abde21e43d96168,Kroger,1
2020-04-01,West Virginia,Fayette County,Grocery,4c55d5ff1b46c9b6af16e7d0,Grant's Supermarket,2
2020-04-01,West Virginia,Jackson County,Gas Stations,53a4aaf6498e0b947ffe6fc3,Speedway,1
2020-04-01,West Virginia,Jackson County,Gas Stations,5613f05a498ea9f0a30b8893,Sheetz,2
2020-04-01,West Virginia,Ohio County,Food,4c78313e3badb1f7acf84a54,SUBWAY,1
2020-04-01,West Virginia,Hancock County,Fast Food Restaurants,4b76abd1f964a52095572ee3,McDonald's,1
2020-04-01,West Virginia,Jefferson County,Outdoors & Recreation,4fc24c20e4b0bb0732c058a9,Shenandoah River,1
2020-04-01,West Virginia,Jefferson County,Outdoors & Recreation,4f9b311ee4b0849acf8b295c,Kearneysville  WV,2
2020-04-01,West Virginia,Lewis County,Convenience Store,4ce2b2d6623e9eb03eb82717,7-Eleven,1
2020-04-01,West Virginia,Doddridge County,Convenience Store,4cab6d6997c8a1cd9a3a9ba5,7-Eleven,1
2020-04-01,West Virginia,Monongalia County,Hardware Stores,4b805d52f964a520b56b30e3,Lowe's,1
2020-04-01,West Virginia,Monongalia County,Hardware Stores,4b805f7ef964a5207e6c30e3,Lowe's,2
2020-04-01,West Virginia,Putnam County,Professional & Other Places,4e27a1c67d8b613361851964,Toyota Motor Manufacturing West Virginia,1
2020-04-01,West Virginia,Upshur County,Colleges & Universities,4b7a20edf964a520ee232fe3,West Virginia Wesleyan College,1
2020-04-01,West Virginia,Wyoming County,Convenience Store,4c06b4c98b4520a11fd38597,Fast Check,1
2020-04-01,West Virginia,Wyoming County,Convenience Store,4b8a7e77f964a520326f32e3,7-Eleven,2
2020-04-01,West Virginia,Berkeley County,Medical,4dc0466c0cb6f21c128493c5,Martinsburg VA Medical Center,1
2020-04-01,West Virginia,Berkeley County,Medical,4d273f27f7a9224bdf8fe99f,West Virginia University Hospital East,2
2020-04-01,West Virginia,Berkeley County,Medical,50235bade4b0316644d7d6d8,West Virginia University Hospital East - CCU/ICU,3
2020-04-01,West Virginia,Berkeley County,Medical,4e44733d1f6e0a1ba5de4ec4,Eastridge,4
2020-04-01,West Virginia,Preston County,Convenience Store,4c57618fcc96c9b679ef782e,All Star Express,1
2020-04-01,West Virginia,Randolph County,Fast Food Restaurants,4bad4a19f964a52081423be3,McDonald's,1
2020-04-01,West Virginia,Upshur County,Hardware Stores,4bddbb6ce75c0f471161c503,Lowe's,1
2020-04-01,West Virginia,Ohio County,Shops & Services,4da228e115ad530c93439652,Riesbeck Food Markets,1
2020-04-01,West Virginia,Ohio County,Shops & Services,4d4c6f4532a3236ab3630bea,Hallmark,2
2020-04-01,West Virginia,Harrison County,Fast Food Restaurants,4bfeb342ca1920a1d2b1eb81,Chick-fil-A,1
2020-04-01,West Virginia,Harrison County,Fast Food Restaurants,4dee9ab5bd4145b21550266a,McDonald's,2
2020-04-01,West Virginia,Harrison County,Fast Food Restaurants,4c2a9a818abca59362fbfe1f,Hardee's / Red Burrito,3
2020-04-01,West Virginia,Harrison County,Fast Food Restaurants,4bc6faa914d79521217f66e9,McDonald's,4
2020-04-01,West Virginia,Wetzel County,Fast Food Restaurants,4b5bae1df964a520a10f29e3,Wendy’s,1
2020-04-01,West Virginia,Wetzel County,Fast Food Restaurants,4ba2bb65f964a520741438e3,McDonald's,2
2020-04-01,West Virginia,Wetzel County,Fast Food Restaurants,4e2731a3ae609b2f94eeb4ec,Burger King,3
2020-04-01,West Virginia,Berkeley County,Food,524c8950498ee4ca9d92dfaa,AC&T/Subway,1
2020-04-01,West Virginia,Berkeley County,Food,506a2e61e4b0ccb7fbb65e83,East India House,2
2020-04-01,West Virginia,Boone County,Grocery,4c869b6047cc224b500fab9f,Kroger,1
2020-04-01,West Virginia,Marshall County,Drug Store,58126b2f38fa0fcb9bcb7b00,Walmart Pharmacy,1
2020-04-01,West Virginia,Marshall County,Drug Store,4c81ed8a8ce59c7447a376b0,Rite Aid,2
2020-04-01,West Virginia,Jackson County,Grocery,4b885febf964a52020f331e3,Kroger,1
2020-04-01,West Virginia,Jackson County,Grocery,4de4f492c65b7a3e21559025,FOODFAIR,2
2020-04-01,West Virginia,Monongalia County,Shops & Services,4bc27909abf4952127a7c293,Sam's Club,1
2020-04-01,West Virginia,Monongalia County,Shops & Services,4bca1ab468f976b044a75e83,Gabriel Brothers,2
2020-04-01,West Virginia,Monongalia County,Shops & Services,4c757db8db52b1f703e778dc,Pleasant Day Schools,3
2020-04-01,West Virginia,Raleigh County,Drug Store,551c111a498e6d8696187f46,Walmart Pharmacy,1
2020-04-01,West Virginia,Marshall County,Grocery,4c181f446a21c9b60d9fc897,Kroger,1
2020-04-01,West Virginia,Marshall County,Grocery,5af227cfb1ec13002c340ced,Walmart Grocery Pickup,2
2020-04-01,West Virginia,Monroe County,Professional & Other Places,5182a0ce498e95fa1944b360,US Post Office,1
2020-04-01,West Virginia,Berkeley County,Government,4ecd11fa8b81fbfbaafbc6e5,"Bureau Of Alcohol, Tobacco, Firearms and Explosives",1
2020-04-01,West Virginia,Berkeley County,Government,4cdaf2eed5495481d73439b2,Berkeley County Courthouse,2
2020-04-01,West Virginia,Berkeley County,Government,50462459e4b09303cb8b517a,Martinsburg Veterans Affairs Medical Center ID Card Office,3
2020-04-01,West Virginia,Braxton County,Gas Stations,52dab42b11d2a8df4db89157,Pilot Travel Centers,1
2020-04-01,West Virginia,Braxton County,Gas Stations,4c489f7e96abd13a53ff7401,Go Mart,2
2020-04-01,West Virginia,Marion County,Grocery,4c0eeaf996fc95219dcfc0cb,Shop 'N Save,1
2020-04-01,West Virginia,Mason County,Big Box Stores,4b79a534f964a520fa072fe3,Walmart Supercenter,1
2020-04-01,West Virginia,Mercer County,Big Box Stores,4bf967285efe2d7f6c246c34,Walmart Supercenter,1
2020-04-01,West Virginia,Wyoming County,Fast Food Restaurants,4bc8fda6511f952197e3acc7,McDonald's,1
2020-04-01,West Virginia,Hardy County,Professional & Other Places,4c27ceb0360cef3bf1f2bddc,West-Whitehill Winery,1
2020-04-01,West Virginia,Harrison County,Shops & Services,4b89744df964a520cb3732e3,Sam's Club,1
2020-04-01,West Virginia,Harrison County,Shops & Services,4b6b44bdf964a52026fd2be3,Meadowbrook Mall,2
2020-04-01,West Virginia,Wood County,Hardware Stores,4d290b1f342d6dcb700bffca,Lowe's,1
2020-04-01,West Virginia,Wood County,Hardware Stores,4ceb0d5de1eeb60cf77fb1ae,Lowe's,2
2020-04-01,West Virginia,Wood County,Hardware Stores,4cb8b86f9552b60c26e7ce8b,The Home Depot,3
2020-04-01,West Virginia,Wood County,Hardware Stores,4d63ce6ffbc441bde5a12541,Harbor Freight Tools,4
2020-04-01,West Virginia,Mineral County,Fast Food Restaurants,5a3b7c501b0ea52c87b8617a,Burger King,1
2020-04-01,West Virginia,Mercer County,Hardware Stores,4b8524ccf964a520f34d31e3,Lowe's,1
2020-04-01,West Virginia,Randolph County,Grocery,4c352207a0ced13a516a196e,Kroger,1
2020-04-01,West Virginia,Greenbrier County,Discount Stores,4dd57d88bd41965192d10507,Dollar General,1
2020-04-01,West Virginia,Randolph County,Big Box Stores,4bca0c823740b7135be75f65,Walmart Supercenter,1
2020-04-01,West Virginia,Greenbrier County,Drug Store,4d7e73359df3f04df8a5c494,Fritz's Pharmacy,1
2020-04-01,West Virginia,Raleigh County,Food,52764f0511d220aa10c6a067,Dunkin',1
2020-04-01,West Virginia,Raleigh County,Food,5a2ed0b02632ec4978cb5c21,Wasabi Fushion,2
2020-04-01,West Virginia,Hardy County,Grocery,4c65d7b7e75ac928750af6da,Food Lion Grocery Store,1
2020-04-01,West Virginia,Hardy County,Grocery,4d961ec2e07ea35de01cb802,Shop n Save,2
2020-04-01,West Virginia,Kanawha County,School,4bb0f8b5f964a520106f3ce3,Elkview middle school,1
2020-04-01,West Virginia,Morgan County,Grocery,4c2f83127cc0c9b605d9eb9a,Food Lion Grocery Store,1
2020-04-01,West Virginia,Wetzel County,Professional & Other Places,57dd3cc1498ed681d16961b9,Wetzel County Fairgrounds,1
2020-04-01,West Virginia,Taylor County,Government,4f9b10b7e4b0de6266ecfbca,Flemington Fire Department,1
2020-04-01,West Virginia,Marion County,Shops & Services,50661c9de4b0c318aa0d6ee5,Viva Salon,1
2020-04-01,West Virginia,Marion County,Shops & Services,530502f5498eafd79c568865,Climate Control Storage Plus,2
2020-04-01,West Virginia,Wyoming County,Food,4eb5edd5e5fa17fc8702c59c,Olé José,1
2020-04-01,West Virginia,Wayne County,Travel & Transport,523e4c9211d2996a193dd042,KY/WV border,1
2020-04-01,West Virginia,Ohio County,Outdoors & Recreation,4e237ccafa761d6710917a71,Pulaski Playground,1
2020-04-01,West Virginia,Ohio County,Outdoors & Recreation,4c45d66636d6a593a46b6ca8,Tunnel Green,2
2020-04-01,West Virginia,Cabell County,Shops & Services,599264adfd16bb1b8412c9ad,Walmart Auto Care Centers,1
2020-04-01,West Virginia,Cabell County,Shops & Services,57ffe794d67ce59c24d23898,Clark's Auto Care Inc.,2
2020-04-01,West Virginia,Cabell County,Shops & Services,4d2ba4cbb818a35dedb3b18a,AutoZone Auto Parts,3
2020-04-01,West Virginia,Cabell County,Shops & Services,4b6efb7df964a520a7d42ce3,Tower Foodfair,4
2020-04-01,West Virginia,Nicholas County,Food,4c1f5527b306c928e23a68b7,Tudor's Biscuit World,1
2020-04-01,West Virginia,Nicholas County,Food,4ed3e1e86da162f1c28a7f8b,Fran's Restaurant & Coffe House,2
2020-04-01,West Virginia,Upshur County,Gas Stations,4be2e416660ec928d578ca3b,Sheetz,1
2020-04-01,West Virginia,Jackson County,Food,4bba9218b35776b0c222cb01,Love's Travel Stop,1
2020-04-01,West Virginia,Jackson County,Food,4bca2c88511f9521373bafc7,Bob Evans Restaurant,2
2020-04-01,West Virginia,Berkeley County,Shops & Services,4d91fc8c033ba35dc4bb7b0d,The Commons,1
2020-04-01,West Virginia,Berkeley County,Shops & Services,4c3e32f66faac9b6f7e20d76,Eastern Panhandle Bicycle Company / Pedalin' Pints,2
2020-04-01,West Virginia,Berkeley County,Shops & Services,4c4324db6c1a95210dffb96a,Orr's Farm Market,3
2020-04-01,West Virginia,Berkeley County,Shops & Services,4e9088d461afcfde29e8c103,Butler's Farm Market,4
2020-04-01,West Virginia,Berkeley County,Shops & Services,4be81583a117b713ce5e81c8,Lumber Liquidators Flooring,5
2020-04-01,West Virginia,Mineral County,Big Box Stores,4bcc553e68f976b0e0606283,Walmart Supercenter,1
2020-04-01,West Virginia,Wyoming County,Residences,57dcd3b0498e4bf3f6bbe320,mullens West virginia,1
2020-04-01,West Virginia,Putnam County,Hardware Stores,4ba50822f964a52018d338e3,The Home Depot,1
2020-04-01,West Virginia,Logan County,Drug Store,4d7923d5e215721e75221db0,Rite Aid,1
2020-04-01,West Virginia,Raleigh County,Hardware Stores,4bccc881937ca5936cc1ab92,Lowe's,1
2020-04-01,West Virginia,Raleigh County,Hardware Stores,4c87f87563a2b713af7cc4b1,Tractor Supply Co.,2
2020-04-01,West Virginia,Greenbrier County,Big Box Stores,4b673178f964a52095402be3,Walmart Supercenter,1
2020-04-01,West Virginia,Logan County,Grocery,4c23bd66b7b8a5932c583be8,Kroger,1
2020-04-01,West Virginia,Cabell County,Fast Food Restaurants,4dc55f971f6ef43b8a134613,McDonald's,1
2020-04-01,West Virginia,Cabell County,Fast Food Restaurants,4d0e9d94580a721e1da99022,McDonald's,2
2020-04-01,West Virginia,Cabell County,Fast Food Restaurants,4beb162662c0c928c2aee1d4,McDonald's,3
2020-04-01,West Virginia,Nicholas County,Fast Food Restaurants,4bc9e80268f976b00e185e83,McDonald's,1
2020-04-01,West Virginia,Randolph County,School,4cab951444a8224b67172f40,Jennings Randolph Elementary School,1
2020-04-01,West Virginia,Kanawha County,Fitness Center,4dce8bad22718eed7a3a23cc,Dunbar Recreation Center,1
2020-04-01,West Virginia,Monongalia County,Government,4b98ea2df964a520045635e3,"FCI Morgantown, Bureau of Prisons",1
2020-04-01,West Virginia,Barbour County,Gas Stations,4d33a99d5017a0935bac549b,Sheetz,1
2020-04-01,West Virginia,Randolph County,Nightlife Spots,54406117498ef62d7a5a2164,Big Timber,1
2020-04-01,West Virginia,Cabell County,Medical,4b4b682df964a5206f9a26e3,Cabell Huntington Hospital,1
2020-04-01,West Virginia,Cabell County,Medical,4f32fa07e4b0034ad4f23182,Cabell Huntington Hospital Labor & Delivery,2
2020-04-01,West Virginia,Ohio County,Grocery,4bd60a616f649521322f70ec,Kroger,1
2020-04-01,West Virginia,Pendleton County,Grocery,4d19ef306d103704591b4bbd,Great Value - Franklin,1
2020-04-01,West Virginia,Webster County,Gas Stations,50aedfdce4b05083bed7feb5,Go Mart,1
2020-04-01,West Virginia,Mineral County,Hardware Stores,4d698facb6f46dcbb15d24b2,Tractor Supply Co.,1
2020-04-01,West Virginia,Wood County,Convenience Store,5a57e328cad1b6418cbf58f5,Sheetz #640,1
2020-04-01,West Virginia,Wood County,Convenience Store,5aa32c0c51950e483800d82b,Sheetz #643,2
2020-04-01,West Virginia,Wood County,Convenience Store,4c62fe0579d1e21ef77bd715,7-Eleven,3
2020-04-01,West Virginia,Tyler County,Convenience Store,522c72f711d2be3721c7a419,Sistersville IGA,1
2020-04-01,West Virginia,Putnam County,Food,4f32841219836c91c7df641b,Subway,1
2020-04-01,West Virginia,Wetzel County,Food,4e122bd1e4cdef074b7a17dd,Chen's Garden,1
2020-04-01,West Virginia,Ohio County,Fast Food Restaurants,4bfdd5bf8992a59397c9acb0,McDonald's,1
2020-04-01,West Virginia,Ohio County,Fast Food Restaurants,4bf6ed145317a5930b1bfd7e,Dairy Queen,2
2020-04-01,West Virginia,Ohio County,Fast Food Restaurants,4c222bde7e85c928f58cbb21,McDonald's,3
2020-04-01,West Virginia,Barbour County,Discount Stores,4dd57f77bd41965192d14415,Dollar General,1
2020-04-01,West Virginia,Harrison County,Professional & Other Places,4cad07c744a8224b3ea33840,US Post Office,1
2020-04-01,West Virginia,Kanawha County,Government,4b86adfbf964a520dd9531e3,West Virginia State Capitol,1
2020-04-01,West Virginia,Kanawha County,Government,4bd0a02c046076b09f5b7071,Charleston P&DC,2
2020-04-01,West Virginia,Cabell County,Gas Stations,4b4bbaf6f964a52096a526e3,Sheetz,1
2020-04-01,West Virginia,Cabell County,Gas Stations,53c34a81498e70738001bef5,Sheetz,2
2020-04-01,West Virginia,Cabell County,Gas Stations,5c1bce2af00a70002cc30811,Sheetz,3
2020-04-01,West Virginia,Cabell County,Gas Stations,4c26226dc11dc9b65a562824,Sheetz,4
2020-04-01,West Virginia,Monongalia County,Food,4bf0745417880f4706582937,Subway,1
2020-04-01,West Virginia,Monongalia County,Food,4bc4a1d3920eb71368031f2c,SUBWAY,2
2020-04-01,West Virginia,Roane County,Grocery,4bdc6b732a3a0f470ebfb2b6,Walmart Supercenter,1
2020-04-01,West Virginia,Taylor County,Arts & Entertainment,4f401cc7e4b0085fed18f7b4,International Mother's Day Shrine,1
2020-04-01,West Virginia,Ohio County,Nightlife Spots,4be8e38c9a54a593c38c0a11,Generations Restaurant & Pub,1
2020-04-01,West Virginia,Brooke County,Big Box Stores,4bafa3c8f964a520b4123ce3,Walmart Supercenter,1
2020-04-01,West Virginia,Clay County,Food,4c16a0906470a593121e57d2,Tudor's Biscuit World,1
2020-04-01,West Virginia,Berkeley County,Fitness Center,527a5b02498e7e026b655333,Planet Fitness,1
2020-04-01,West Virginia,Greenbrier County,Grocery,4e6803317d8b084ac7959673,Kroger,1
2020-04-01,West Virginia,Greenbrier County,Grocery,4c6990b62c29d13aa9900b41,Food Lion Grocery Store,2
2020-04-01,West Virginia,Lincoln County,Discount Stores,4d866f1c61676dcbf212a0e4,Family Dollar,1
2020-04-01,West Virginia,Marion County,Nightlife Spots,57990040498ec9e2c841f7fb,Short Story Brewing,1
2020-04-01,West Virginia,Marion County,Nightlife Spots,58bf3d8c761b1a73d2e3dbc8,The Rambling Root,2
2020-04-01,West Virginia,Marion County,Nightlife Spots,59bb088c419a9e5cfcb4be3e,Money Pit,3
2020-04-01,West Virginia,Ohio County,Gas Stations,50b69e3e3d7c58cc060ad6ba,TravelCenters of America,1
2020-04-01,West Virginia,Ohio County,Gas Stations,4b61e094f964a5209e282ae3,Sheetz,2
2020-04-01,West Virginia,Ohio County,Gas Stations,4fca920de4b0c15aa1f25eb9,Marathon,3
2020-04-01,West Virginia,Ohio County,Gas Stations,4b3b93f4f964a5203c7625e3,Sheetz,4
2020-04-01,West Virginia,Wood County,Medical,4b9864c1f964a520dd3f35e3,Camden Clark Medical Center,1
2020-04-01,West Virginia,Wood County,Medical,4c4dc91b9efabe9a2bbf1369,Cornerstone Health,2
2020-04-01,West Virginia,Kanawha County,Discount Stores,51225cdf3d7c420f62838505,Dollar General,1
2020-04-01,West Virginia,Kanawha County,Discount Stores,550b3f63498e1e886d8ea315,Dollar General,2
2020-04-01,West Virginia,Marshall County,Travel & Transport,4c505e22f080a593ce2e68e2,Benwood WV,1
2020-04-01,West Virginia,Wetzel County,Convenience Store,4ce2b2cf623e9eb0d6b72717,7-Eleven,1
2020-04-01,West Virginia,Harrison County,Drug Store,55ca4250498eb2f1390995dd,CVS pharmacy,1
2020-04-01,West Virginia,Preston County,Professional & Other Places,58c3010f9b7eac18095ab961,Superior Fibers,1
2020-04-01,West Virginia,Jefferson County,Big Box Stores,4ba94516f964a520fa193ae3,Walmart Supercenter,1
2020-04-01,West Virginia,Kanawha County,Grocery,5d5f17a696470c0008fffa79,Walmart Grocery Pickup & Delivery,1
2020-04-01,West Virginia,Kanawha County,Grocery,4b9c1708f964a520e14836e3,Kroger,2
2020-04-01,West Virginia,Kanawha County,Grocery,4b7bf3cdf964a52079752fe3,Kroger,3
2020-04-01,West Virginia,Kanawha County,Grocery,4bdc51843904a593309c4d9e,Kroger,4
2020-04-01,West Virginia,Kanawha County,Grocery,4b575539f964a520f13128e3,Kroger,5
2020-04-01,West Virginia,Kanawha County,Grocery,4bfdb4458992a593d18cacb0,Kroger,6
2020-04-01,West Virginia,Kanawha County,Grocery,4b5f8310f964a520c0be29e3,Kroger,7
2020-04-01,West Virginia,Kanawha County,Grocery,4bdf2ca9e75c0f478127ca03,Kroger,8
2020-04-01,West Virginia,Kanawha County,Grocery,4b37f36ef964a520204925e3,Kroger,9
2020-04-01,West Virginia,Kanawha County,Grocery,4bfc550ab5cd2d7fdc6c31fb,ALDI,10
2020-04-01,West Virginia,Ohio County,Convenience Store,4e5930d02271886714f00a20,Dugger's Market,1
2020-04-01,West Virginia,Ohio County,Convenience Store,5ba0ecd5234724002c38bf47,Sheetz #650,2
2020-04-01,West Virginia,Berkeley County,Gas Stations,5b0f5d85c58ed7002c1d82a2,Rutter's,1
2020-04-01,West Virginia,Berkeley County,Gas Stations,4b6afd89f964a52011eb2be3,Sheetz,2
2020-04-01,West Virginia,Berkeley County,Gas Stations,4d09aca6454c6dcb7dc63a8e,Sheetz,3
2020-04-01,West Virginia,Berkeley County,Gas Stations,4bc05034920eb71355c7182c,Sheetz,4
2020-04-01,West Virginia,Berkeley County,Gas Stations,4c22bcf09a67a5930610dd87,Sheetz,5
2020-04-01,West Virginia,Berkeley County,Gas Stations,4e234863e4cdf68591985f0e,Sunoco,6
2020-04-01,West Virginia,Berkeley County,Gas Stations,4cbce0e290c9a1437eed9dd6,BP,7
2020-04-01,West Virginia,Berkeley County,Gas Stations,4d8e3082c479a35df20b4097,Bedington Crossroads,8
2020-04-01,West Virginia,Hampshire County,Discount Stores,5d4999817928f30008d60969,Dollar General Store,1
2020-04-01,West Virginia,Jefferson County,Travel & Transport,503a909de4b0bd2ec5276873,John Brown Hanging Site,1
2020-04-01,West Virginia,Raleigh County,Big Box Stores,4c68d9b18e7c0f474245de0f,Walmart Supercenter,1
2020-04-01,West Virginia,Raleigh County,Big Box Stores,4b9a5ce3f964a52000af35e3,Walmart Supercenter,2
2020-04-01,West Virginia,Summers County,Discount Stores,4dd57d85bd41965192d103d2,Dollar General,1
2020-04-01,West Virginia,Doddridge County,Government,4c6abde10e98a59329be2759,Doddridge County Court House,1
2020-04-01,West Virginia,Jefferson County,Nightlife Spots,5251bb5611d257e5ddc87401,Locust Hill 19th Hole,1
2020-04-01,West Virginia,Marion County,School,4e823ec202d5a4273c36b714,Monongah Middle School,1
2020-04-01,West Virginia,Brooke County,Grocery,4bb616092ea19521181aab2f,Kroger,1
2020-04-01,West Virginia,Brooke County,Grocery,4c1ce961eac020a1ed3a47c2,Kroger,2
2020-04-01,West Virginia,Wood County,Travel & Transport,4e14688ee4cd473c968f5b7d,West Virginia,1
2020-04-01,West Virginia,Harrison County,Grocery,4bcf554f9854d13a02dcf54d,Kroger,1
2020-04-01,West Virginia,Harrison County,Grocery,577fb294498e1086c303254f,Shop 'n Save,2
2020-04-01,West Virginia,Harrison County,Grocery,509163e5b0b93c8e511e9ec9,Food Lion Grocery Store,3
2020-04-01,West Virginia,Harrison County,Grocery,4c30f772a0ced13af1f4126e,Kroger,4
2020-04-01,West Virginia,Harrison County,Grocery,517bba1ae4b06961369e6458,Shop 'n Save,5
2020-04-01,West Virginia,Harrison County,Grocery,4bce2a2b68f976b093926583,Food Lion Grocery Store,6
2020-04-01,West Virginia,Raleigh County,Gas Stations,54f6151a498e68bc5d44bd21,Sheetz,1
2020-04-01,West Virginia,Raleigh County,Gas Stations,4d6c15f09c5337045cbe36fa,GoMart,2
2020-04-01,West Virginia,Raleigh County,Gas Stations,4e67ca6e7d8b084ac77cbd2e,Sheetz,3
2020-04-01,West Virginia,Raleigh County,Gas Stations,4d8b86466daeb60c32aa7be0,Sheetz,4
2020-04-01,West Virginia,Harrison County,Food,56b9056b498e16a7330946fe,Pizza Hut,1
2020-04-01,West Virginia,Harrison County,Food,4b662154f964a52060152be3,Buffalo Wild Wings,2
2020-04-01,West Virginia,Summers County,Grocery,50b4dfc521c684eec9249e0a,Kroger,1
2020-04-01,West Virginia,Berkeley County,Grocery,4b9d8228f964a520e9b036e3,Food Lion Grocery Store,1
2020-04-01,West Virginia,Berkeley County,Grocery,4b706c23f964a52079192de3,Martin's Food Market,2
2020-04-01,West Virginia,Berkeley County,Grocery,4e9833694690053a31a53b69,Food Lion Grocery Store,3
2020-04-01,West Virginia,Berkeley County,Grocery,4c7c1606566db60cada74c0e,Weis Markets,4
2020-04-01,West Virginia,Berkeley County,Grocery,5cabe69af19f4400257c351b,Martins,5
2020-04-01,West Virginia,Berkeley County,Grocery,5866ba8b8f0be47e423d7514,Shop 'n Save,6
2020-04-01,West Virginia,Berkeley County,Grocery,5102b933e4b00aedaf72b528,ALDI,7
2020-04-01,West Virginia,Cabell County,Professional & Other Places,4b5c7d68f964a520703229e3,US Post Office,1
2020-04-01,West Virginia,Marshall County,Gas Stations,4e47115d887781a619b44e3f,Dragon Mart,1
2020-04-01,West Virginia,Brooke County,Hardware Stores,4c013bea783720a1694ec62e,Busy Beaver,1
2020-04-01,West Virginia,Jefferson County,Gas Stations,4bb6381c46d4a593afe1c5c0,Sheetz,1
2020-04-01,West Virginia,Jefferson County,Gas Stations,4c37b1f993db0f47354b2092,Sheetz,2
2020-04-01,West Virginia,Marshall County,Shops & Services,4d20d3de8629224b70421687,Joe's Garage,1
2020-04-01,West Virginia,Marshall County,Shops & Services,4f6307dbd4f29a1f6ab9c54b,Redbox,2
2020-04-01,West Virginia,Berkeley County,Outdoors & Recreation,554e7885498e01d1a234ed2f,Shenandoah Hunting Lodge,1
2020-04-01,West Virginia,Hardy County,Big Box Stores,4bf2bd4882002d7f56e4d0bb,Walmart Supercenter,1
2020-04-01,West Virginia,Ohio County,Big Box Stores,4b4df889f964a52097dc26e3,Walmart Supercenter,1
2020-04-01,West Virginia,Ohio County,Big Box Stores,4c5ddc9f857ca5936030cecb,Target,2
2020-04-01,West Virginia,Tyler County,School,4c952928533aa093f37cc645,Tyler Consolidated,1
2020-04-01,West Virginia,Monongalia County,Big Box Stores,4b94056ef964a520f06134e3,Walmart Supercenter,1
2020-04-01,West Virginia,Monongalia County,Big Box Stores,4b524503f964a520e87327e3,Walmart Supercenter,2
2020-04-01,West Virginia,Monongalia County,Big Box Stores,4b5a4b12f964a520ddba28e3,Target,3
2020-04-01,West Virginia,Monongalia County,Fast Food Restaurants,4b4f9e8ef964a520dd0d27e3,Chick-fil-A,1
2020-04-01,West Virginia,Monongalia County,Fast Food Restaurants,4c2cd26ad1a10f47140ffa64,McDonald's,2
2020-04-01,West Virginia,Logan County,Big Box Stores,4cef1737f368b1f71fd683f7,Walmart Supercenter,1
2020-04-01,West Virginia,Preston County,Nightlife Spots,571278ca498e470c150f8f4a,Screech Owl Brewery,1
2020-04-01,West Virginia,Preston County,Nightlife Spots,597e38c6a35dce7f1287e3dd,The Last Stop,2
2020-04-01,West Virginia,Fayette County,Big Box Stores,4c5d946e85a1e21e40c35911,Walmart Supercenter,1
2020-04-01,West Virginia,Hancock County,Food,4bb7b0111261d13a4fb5e798,Dragon's Palace,1
2020-04-01,West Virginia,Raleigh County,Shops & Services,4be89ddc947820a15427b5db,Sam's Club,1
2020-04-01,West Virginia,Raleigh County,Shops & Services,4c2f184aed37a593f3a96603,Tamarack,2
2020-04-01,West Virginia,Raleigh County,Shops & Services,5af49fcba6ec98002cad2d1c,Rural King,3
2020-04-01,West Virginia,Raleigh County,Shops & Services,4b802956f964a520025830e3,Crossroads Mall,4
2020-04-01,West Virginia,Tucker County,Fast Food Restaurants,4c9fb3ded3c2b60cf5fbd6bc,McDonald's,1
2020-04-01,West Virginia,Wood County,Fast Food Restaurants,4c7166c6d97fa143e7bdf8ca,McDonald's,1
2020-04-01,West Virginia,Wood County,Fast Food Restaurants,4b6218bbf964a52030352ae3,Chick-fil-A,2
2020-04-01,West Virginia,Wood County,Fast Food Restaurants,4bb61b7646d4a59328b1c5c0,Sonic Drive-In,3
2020-04-01,West Virginia,Wood County,Fast Food Restaurants,4d99dea33bca41bdf0015dec,Burger King,4
2020-04-01,West Virginia,Raleigh County,Fast Food Restaurants,4c72a3514bc4236a08c0cb7a,Burger King,1
2020-04-01,West Virginia,Raleigh County,Fast Food Restaurants,4e4e974152b1e893ad4e9788,McDonald's,2
2020-04-01,West Virginia,Raleigh County,Fast Food Restaurants,4ba79341f964a520d49e39e3,McDonald's,3
2020-04-01,West Virginia,Raleigh County,Fast Food Restaurants,4bc3a98dabf49521b21cc493,Dairy Queen,4
2020-04-01,West Virginia,Raleigh County,Fast Food Restaurants,54b789a6498ec3618e01484d,Arby's,5
2020-04-01,West Virginia,Raleigh County,Colleges & Universities,55ddc49e498e11e54cbe9179,WVU Beckley Campus,1
2020-04-01,West Virginia,Wetzel County,Grocery,4c0c0ba7ffb8c9b679326e61,Witschey's,1
2020-04-01,West Virginia,Jefferson County,Hardware Stores,4c4c6929f7cc1b8da59d4841,The Home Depot,1
2020-04-01,West Virginia,Jefferson County,Hardware Stores,4f468ef1e4b05bff1c907e82,Tractor Supply Co.,2
2020-04-01,West Virginia,Marion County,Gas Stations,4f3ea61fe4b0ba4c54a54831,Exxon,1
2020-04-01,West Virginia,Marion County,Gas Stations,4f3ab142e4b05ef0ee9de7f2,BP,2
2020-04-01,West Virginia,Ohio County,Professional & Other Places,4c40c0d2e26920a12b665de7,US Post Office,1
2020-04-01,West Virginia,Upshur County,Medical,4c4775dac047be9a01b33079,St. Joseph's Hospital,1
2020-04-01,West Virginia,Greenbrier County,Hotel,4be0ebb221b19521842aaf1b,The Greenbrier,1
2020-04-01,West Virginia,Lewis County,Big Box Stores,4bf172a399d02d7fda2cc948,Walmart Supercenter,1
2020-04-01,West Virginia,Monroe County,Food,4cbe101c8db3b60ccb237078,Hometown Restaurant,1
2020-04-01,West Virginia,Monroe County,Food,4e15b79f483b0d8571d3622f,Kalico Kitchen,2
2020-04-01,West Virginia,Wyoming County,Grocery,4b784080f964a520b5bf2ee3,Goodson's Supermarket,1
2020-04-01,West Virginia,Nicholas County,Banks,5a4e7764b8fd9d1e32335bef,BB&T,1
2020-04-01,West Virginia,Monongalia County,Arts & Entertainment,4c81683b2f1c236a929b2f43,Mylan WVU Tailgate Tent,1
2020-04-01,West Virginia,Wetzel County,Shops & Services,4df7b084b61c12d3be9104fd,Fiesta Salons,1
2020-04-01,West Virginia,Cabell County,Convenience Store,5159e8f8e4b0dadf97ebad75,Clark's Pump-N-Shop,1
2020-04-01,West Virginia,Cabell County,Convenience Store,4ddd722be4cd1912736a9106,Olive Street Market (Fatty's),2
2020-04-01,West Virginia,Raleigh County,Medical,4ba3e234f964a520e56938e3,Raleigh General Hospital,1
2020-04-01,West Virginia,Upshur County,Nightlife Spots,5a7ca65dc62b496c89a8892f,Stone Tower Brews,1
2020-04-01,West Virginia,Kanawha County,Medical,4b87d88bf964a520e2ce31e3,CAMC Memorial Hospital,1
2020-04-01,West Virginia,Kanawha County,Medical,4bd825df09ecb7136e1f487c,Thomas Memorial Hospital,2
2020-04-01,West Virginia,Ritchie County,Arts & Entertainment,4e2b1bbd18a80bb05855835b,Pennsboro Speedway,1
2020-04-01,West Virginia,Jefferson County,Grocery,4b96d81bf964a52058e834e3,Martin's Food & Drugstore,1
2020-04-01,West Virginia,Jefferson County,Grocery,4cb8c2a8035d236a639acf4e,Aldi,2
2020-04-01,West Virginia,Jefferson County,Grocery,4bb77daccf2fc9b658459e02,Food Lion Grocery Store,3
2020-04-01,West Virginia,Jefferson County,Grocery,4b6beb83f964a520991c2ce3,Weis Markets,4
2020-04-01,West Virginia,Kanawha County,Big Box Stores,4b58e170f964a520957028e3,Walmart Supercenter,1
2020-04-01,West Virginia,Kanawha County,Big Box Stores,4b635ea9f964a52009752ae3,Walmart Supercenter,2
2020-04-01,West Virginia,Kanawha County,Big Box Stores,4e32ad7562e12985fd64357e,Walmart Supercenter,3
2020-04-01,West Virginia,Kanawha County,Big Box Stores,4c323da6213c2d7fb722355d,Target,4
2020-04-01,West Virginia,Kanawha County,Big Box Stores,4b73207af964a520e59c2de3,Big Lots,5
2020-04-01,West Virginia,Berkeley County,Hardware Stores,4b5e01b9f964a520d97829e3,Lowe's,1
2020-04-01,West Virginia,Mason County,Medical,4e18c1e9d1648b83483609b6,Pleasant Valley Hospital,1
2020-04-01,West Virginia,Marshall County,Food,59ed02fa26659b07be5a0fed,Somewhere On 250,1
2020-04-01,West Virginia,Marshall County,Food,4bca34f90687ef3beb8edbcc,Perkins Restaurant & Bakery,2
2020-04-01,West Virginia,Marshall County,Food,4f321fab19836c91c7b85793,Bob's Lunch,3
2020-04-01,West Virginia,Kanawha County,Fast Food Restaurants,4eafe18493ad8dcab704184b,Chick-fil-A,1
2020-04-01,West Virginia,Kanawha County,Fast Food Restaurants,4be5af2fbcef2d7f9c2404e5,McDonald's,2
2020-04-01,West Virginia,Kanawha County,Fast Food Restaurants,4c211fe813c00f47507985de,McDonald's,3
2020-04-01,West Virginia,Marshall County,Big Box Stores,4b9bfb94f964a5204a3d36e3,Walmart Supercenter,1
2020-04-01,West Virginia,Raleigh County,Grocery,5d5f17b617a18d0008882602,Walmart Grocery Pickup & Delivery,1
2020-04-01,West Virginia,Raleigh County,Grocery,4d9617d3daec224b2f9b0e3e,Kroger,2
2020-04-01,West Virginia,Raleigh County,Grocery,4bbfa8ac74a9a59362dacef6,Kroger,3
2020-04-01,West Virginia,Raleigh County,Grocery,4d9631fd942ba093037b4d8c,Food Lion Grocery Store,4
2020-04-01,West Virginia,Raleigh County,Grocery,4bd09add9854d13aad0ef84d,Kroger,5
2020-04-01,West Virginia,Raleigh County,Grocery,4c2f80caed37a593dd5f6703,Food Lion Grocery Store,6
2020-04-01,West Virginia,Hancock County,Gas Stations,4bb030f6f964a520b93b3ce3,Sheetz,1
2020-04-01,West Virginia,Hancock County,Gas Stations,4bc09c55f8219c74abccb110,Smith's Gas Station,2
2020-04-01,West Virginia,Lewis County,Food,4c3a28b493db0f4779ad2492,Hickory House,1
2020-04-01,West Virginia,Marion County,Convenience Store,5956de6d95a72203b05cb1f2,Sheetz #626,1
2020-04-01,West Virginia,Marion County,Convenience Store,4e980453f79083717a8bf152,Circle K,2
2020-04-01,West Virginia,Marion County,Convenience Store,4e52b7b8aeb7560ca4b0e1c6,7-Eleven,3
2020-04-01,West Virginia,Monongalia County,Convenience Store,57747c9acd108cb0ba804fae,Sheetz,1
2020-04-01,West Virginia,Monongalia County,Convenience Store,4c73a4e28efc37047400167d,GetGo,2
2020-04-01,West Virginia,Monongalia County,Convenience Store,4ede9fe8b8f76b6e9cbe0272,Circle K,3
2020-04-01,West Virginia,Ritchie County,Gas Stations,4c3e5e92db3b1b8dfe626595,Go Mart,1
2020-04-01,West Virginia,Cabell County,Grocery,4b536083f964a520729927e3,Kroger,1
2020-04-01,West Virginia,Cabell County,Grocery,5b0dbae5bed483002ce4a3ce,Walmart Grocery Pickup and Delivery,2
2020-04-01,West Virginia,Cabell County,Grocery,4b5f8dfcf964a52056c129e3,Kroger,3
2020-04-01,West Virginia,Cabell County,Grocery,4bc66193d35d9c74aeb5e23a,Kroger,4
2020-04-01,West Virginia,Cabell County,Grocery,5c1c85a0029a5500397d2c37,ALDI,5
2020-04-01,West Virginia,Cabell County,Grocery,4ee8a0865c5c99a2dc29891b,Foodfair,6
2020-04-01,West Virginia,Jefferson County,Food,4ba7f366f964a52044c139e3,Glory Days Grill,1
2020-04-01,West Virginia,Logan County,Government,4bec3fd4976ac92805bc600b,Logan County Courthouse,1
2020-04-01,West Virginia,Monongalia County,Travel & Transport,4b9b6f33f964a5201b0736e3,I-79 SB West Virginia Welcome Center,1
2020-04-01,West Virginia,Putnam County,Big Box Stores,4b64d759f964a52030d42ae3,Walmart Supercenter,1
2020-04-01,West Virginia,Wood County,Gas Stations,52726685498ec4d295c02456,BP,1
2020-04-01,West Virginia,Wood County,Gas Stations,53db8023498e7e54c96ad638,Speedway,2
2020-04-01,West Virginia,Wood County,Gas Stations,53335169498e5e9d3ea95370,Speedway,3
2020-04-01,West Virginia,Wood County,Gas Stations,4c266517c11dc9b60eea2824,Rockport General Store / Marathon,4
2020-04-01,West Virginia,Lewis County,Gas Stations,4b7bfb0df964a520df762fe3,Go Mart,1
2020-04-01,West Virginia,Lewis County,Gas Stations,4b990caaf964a520005e35e3,Sheetz,2
2020-04-01,West Virginia,Lewis County,Gas Stations,4c549a76fd2ea593cde6592a,Go Mart,3
2020-04-01,West Virginia,Mercer County,Shops & Services,52212e1c11d2eb703eee13ba,Dollar General,1
2020-04-01,West Virginia,Mercer County,Shops & Services,58b0ce0b25911e5ade0ab899,Rural King,2
2020-04-01,West Virginia,Harrison County,Discount Stores,4e713c55b3adaac7d7d66aef,Family Dollar,1
2020-04-01,West Virginia,Lewis County,Medical,4bd6ca9d4e32d13a9412c380,Stonewall Jackson Memorial Hospital,1
