2020-04-01,Delaware,New Castle County,52f2ab2ebcbc57f1066b8b4f,Bus Stops,522857be11d2d391a430b559,Church and Rt40,1
2020-04-01,Delaware,Sussex County,4bf58dd8d48988d1a5941735,College Labs,59a71dfb5161131eebef3fc3,Mad Scientist Dragon Lab,1
2020-04-01,Delaware,Kent County,4bf58dd8d48988d16a941735,Bakeries,5992bc8912c8f07dfd22e8e4,Walmart Bakery,1
2020-04-01,Delaware,Kent County,4bf58dd8d48988d16a941735,Bakeries,502d74e9e4b01a4fc0969c2f,In The Kitchen,2
2020-04-01,Delaware,Kent County,4bf58dd8d48988d16a941735,Bakeries,59cfbfab4aa3f839f8b11aba,Panera Bread,3
2020-04-01,Delaware,Sussex County,4bf58dd8d48988d196941735,Hospitals,5be10bd96e69af002553d89a,"Bayhealth Hospital, Sussex Campus",1
2020-04-01,Delaware,New Castle County,50be8ee891d4fa8dcc7199a7,Markets,4bf87f255ec320a1caec88d3,The Fresh Grocer of Adams Plaza,1
2020-04-01,Delaware,New Castle County,50be8ee891d4fa8dcc7199a7,Markets,589ba29ff595726efd1cc3ab,Super G Market,2
2020-04-01,Delaware,New Castle County,50be8ee891d4fa8dcc7199a7,Markets,57cb0c2c498e1f871b9ff597,7 Day Farmers Market,3
2020-04-01,Delaware,Kent County,4f4533804b9074f6e4fb0105,Elementary Schools,4c88068eda5da1cd32c730e9,Hartly Elementary School,1
2020-04-01,Delaware,New Castle County,4bf58dd8d48988d172941735,Post Offices,4b494367f964a520d06b26e3,US Post Office,1
2020-04-01,Delaware,New Castle County,4bf58dd8d48988d172941735,Post Offices,4cfaa537c671721e07bebe18,US Post Office,2
2020-04-01,Delaware,New Castle County,4bf58dd8d48988d172941735,Post Offices,4c77f94081bca093157af814,US Post Office,3
2020-04-01,Delaware,New Castle County,4bf58dd8d48988d172941735,Post Offices,4b9e2f5bf964a52022d036e3,US Post Office,4
2020-04-01,Delaware,New Castle County,4bf58dd8d48988d172941735,Post Offices,4b68c267f964a5205b8b2be3,US Post Office,5
2020-04-01,Delaware,New Castle County,4bf58dd8d48988d172941735,Post Offices,4aec3e2bf964a520a2c521e3,US Post Office,6
2020-04-01,Delaware,Sussex County,4d954b0ea243a5684a65b473,Convenience Stores,4b568fddf964a5203c1528e3,Wawa,1
2020-04-01,Delaware,Sussex County,4d954b0ea243a5684a65b473,Convenience Stores,4b82faf9f964a520b0f030e3,Wawa,2
2020-04-01,Delaware,Sussex County,4d954b0ea243a5684a65b473,Convenience Stores,5da22a43304f6d000887d79c,Royal Farms,3
2020-04-01,Delaware,Sussex County,4d954b0ea243a5684a65b473,Convenience Stores,4b157dddf964a520a5ad23e3,Royal Farms,4
2020-04-01,Delaware,Sussex County,4d954b0ea243a5684a65b473,Convenience Stores,4ff1bf24c593c9d1f5b70775,Royal Farms,5
2020-04-01,Delaware,Sussex County,4d954b0ea243a5684a65b473,Convenience Stores,4b87c1a5f964a52071ca31e3,Wawa,6
2020-04-01,Delaware,Sussex County,4d954b0ea243a5684a65b473,Convenience Stores,4b8ebf43f964a520a33433e3,Royal Farms,7
2020-04-01,Delaware,Sussex County,4d954b0ea243a5684a65b473,Convenience Stores,4ff1bf24c593c9d1f5b70787,Royal Farms,8
2020-04-01,Delaware,Sussex County,4d954b0ea243a5684a65b473,Convenience Stores,4b6c43b1f964a5208c2c2ce3,Wawa,9
2020-04-01,Delaware,Sussex County,4d954b0ea243a5684a65b473,Convenience Stores,4cc34e49306e224bfc33966c,Oasis Travel Plaza,10
2020-04-01,Delaware,Sussex County,4d954b0ea243a5684a65b473,Convenience Stores,5abdcd46f96b2c3f6e1f31db,Royal Farms,11
2020-04-01,Delaware,Sussex County,4d954b0ea243a5684a65b473,Convenience Stores,57648a9a498ebe1c97771dab,Wawa,12
2020-04-01,Delaware,Kent County,4bf58dd8d48988d10e951735,Fish Markets,5957e62959c423433850fb65,Big Jack's Bait & Tackle,1
2020-04-01,Delaware,New Castle County,4bf58dd8d48988d13b941735,Schools,4bb3a82e14cfd13abb5c16ab,Ursuline Academy,1
2020-04-01,Delaware,New Castle County,52f2ab2ebcbc57f1066b8b44,Auto Garages,5c82cf17625a66002ce5edcb,Ayers Repair,1
2020-04-01,Delaware,Sussex County,4bf58dd8d48988d1f6931735,General Travel,4cdf0e85aba88cfa8b6646d7,Cannon,1
2020-04-01,Delaware,Kent County,4f2a210c4b9023bd5841ed28,Housing Developments,503f3f54e4b0703e7411e4cb,Woodfield,1
2020-04-01,Delaware,Sussex County,4bf58dd8d48988d113951735,Gas Stations,56520f9f498e224bf7d72bc4,Royal Farms,1
2020-04-01,Delaware,Sussex County,4bf58dd8d48988d113951735,Gas Stations,4b72c2a9f964a5204a872de3,Royal Farms,2
2020-04-01,Delaware,Sussex County,4bf58dd8d48988d113951735,Gas Stations,4bbe78ea82a2ef3b207a2bd2,Royal Farms,3
2020-04-01,Delaware,Kent County,4bf58dd8d48988d16e941735,Fast Food Restaurants,4dd269e3227159fef249cc01,McDonald's,1
2020-04-01,Delaware,Kent County,4bf58dd8d48988d16e941735,Fast Food Restaurants,4e2fe46e22717d7058649b3a,Chick-fil-A,2
2020-04-01,Delaware,Kent County,4bf58dd8d48988d16e941735,Fast Food Restaurants,4b9c05e3f964a520e94136e3,Chick-fil-A,3
2020-04-01,Delaware,Kent County,4bf58dd8d48988d16e941735,Fast Food Restaurants,4bee94963686c9b618a5246e,McDonald's,4
2020-04-01,Delaware,Kent County,4bf58dd8d48988d16e941735,Fast Food Restaurants,4b610ed5f964a5202f082ae3,Burger King,5
2020-04-01,Delaware,Kent County,4bf58dd8d48988d16e941735,Fast Food Restaurants,4b801a55f964a5206d5230e3,McDonald's,6
2020-04-01,Delaware,Kent County,4bf58dd8d48988d16e941735,Fast Food Restaurants,4b9bd969f964a520e32c36e3,McDonald's,7
2020-04-01,Delaware,Kent County,4bf58dd8d48988d16e941735,Fast Food Restaurants,4b76dea8f964a520bc652ee3,McDonald's,8
2020-04-01,Delaware,Kent County,4bf58dd8d48988d16e941735,Fast Food Restaurants,4cc8dfbfd54fa1cd066e3429,Arby's,9
2020-04-01,Delaware,Kent County,4bf58dd8d48988d16e941735,Fast Food Restaurants,4bfebe99e584c928c12a6d25,Wendy’s,10
2020-04-01,Delaware,Kent County,4bf58dd8d48988d16e941735,Fast Food Restaurants,4c42f081d7fad13a54d209da,McDonald's,11
2020-04-01,Delaware,Kent County,4bf58dd8d48988d16e941735,Fast Food Restaurants,4b4e0aaaf964a52048df26e3,Taco Bell,12
2020-04-01,Delaware,Kent County,4bf58dd8d48988d16e941735,Fast Food Restaurants,53cfcb57498e3ae4a32a69af,Chick-fil-A,13
2020-04-01,Delaware,Kent County,4bf58dd8d48988d16e941735,Fast Food Restaurants,4b564618f964a520b40828e3,Arby's,14
2020-04-01,Delaware,New Castle County,4bf58dd8d48988d116941735,Bars,4f51b927e4b06025e810281f,Boom Boom Room,1
2020-04-01,Delaware,Sussex County,4bf58dd8d48988d1f6941735,Department Stores,4d3888af7ebf721efe0371fb,Rose's Department Store,1
2020-04-01,Delaware,New Castle County,4bf58dd8d48988d124951735,Automotive Shops,57c81f7dcd10f765be2bef3e,Walmart Auto Care Centers,1
2020-04-01,Delaware,New Castle County,4bf58dd8d48988d124951735,Automotive Shops,4ec65df7cc21b428e1a64aa6,BJ's Tire Center,2
2020-04-01,Delaware,New Castle County,52e81612bcbc57f1066b7a21,National Parks,58437b9e9e3d773ecac93449,First State National Historical Park - Wilmington,1
2020-04-01,Delaware,Kent County,4bf58dd8d48988d1d5941735,Hotel Bars,4f33e0d6e4b00f9f2733d353,fealtn,1
2020-04-01,Delaware,New Castle County,4bf58dd8d48988d186941735,Liquor Stores,4d5ffc33196ba0933c681456,Costco Liquors,1
2020-04-01,Delaware,New Castle County,4bf58dd8d48988d186941735,Liquor Stores,52fa73fc498e0d3da54dba1e,BJ's Liquors,2
2020-04-01,Delaware,New Castle County,4bf58dd8d48988d186941735,Liquor Stores,4dd70b211838b8561cdd598c,Tri-State Liquors,3
2020-04-01,Delaware,New Castle County,4bf58dd8d48988d186941735,Liquor Stores,4c580c6cb7a31b8df48351da,Naaman's Beverage Mart,4
2020-04-01,Delaware,New Castle County,4bf58dd8d48988d186941735,Liquor Stores,4f44adc719836ed00195c42d,Milton Liquors,5
2020-04-01,Delaware,New Castle County,4bf58dd8d48988d186941735,Liquor Stores,4f71c0d2e4b04c3d16a234c0,Favor's Liquors,6
2020-04-01,Delaware,New Castle County,4bf58dd8d48988d104941735,Medical Centers,4e26f12662e14d5da1534cf0,Helen Graham Cancer Center,1
2020-04-01,Delaware,New Castle County,4d954b16a243a5684b65b473,Rest Areas,4c24f682f3859c74a6126588,Biden Welcome Center,1
2020-04-01,Delaware,Sussex County,4bf58dd8d48988d1e0931735,Coffee Shops,4ba7d2f7f964a52093b639e3,Royal Farms,1
2020-04-01,Delaware,New Castle County,4c38df4de52ce0d596b336e1,Parking,4e5e2593c65bba716693d08e,A.I. duPont Hospital Parking Garage,1
2020-04-01,Delaware,New Castle County,4bf58dd8d48988d119951735,Wine Shops,4ad08ca3f964a52068d820e3,Total Wine & More,1
2020-04-01,Delaware,New Castle County,4bf58dd8d48988d119951735,Wine Shops,4b2c02c3f964a5208cbf24e3,Total Wine & More,2
2020-04-01,Delaware,New Castle County,52e816a6bcbc57f1066b7a54,Warehouse Stores,4b5cba86f964a520ee4029e3,BJ's Wholesale Club,1
2020-04-01,Delaware,New Castle County,52e816a6bcbc57f1066b7a54,Warehouse Stores,4b101658f964a520ca6823e3,Costco,2
2020-04-01,Delaware,New Castle County,52e816a6bcbc57f1066b7a54,Warehouse Stores,503e79313d7c9e59250b6dea,BJ's Wholesale Club,3
2020-04-01,Delaware,New Castle County,52e816a6bcbc57f1066b7a54,Warehouse Stores,4d38ab1d1a57a1435fa386f3,BJ's Wholesale Club,4
2020-04-01,Delaware,Sussex County,4bf58dd8d48988d124951735,Automotive Shops,50b3c107e4b05ae90b118c40,Delmarva Auto Glass,1
2020-04-01,Delaware,Kent County,4bf58dd8d48988d148941735,Donut Shops,4bb91e0b53649c741dbc47fb,Dunkin',1
2020-04-01,Delaware,Kent County,4bf58dd8d48988d148941735,Donut Shops,4c2f202e7cc0c9b60328eb9a,Dunkin',2
2020-04-01,Delaware,Kent County,4bf58dd8d48988d148941735,Donut Shops,4c803d0bd34ca14378a71780,Dunkin',3
2020-04-01,Delaware,Kent County,4bf58dd8d48988d148941735,Donut Shops,4eac0f52722efacf280846f2,Dunkin',4
2020-04-01,Delaware,New Castle County,4bf58dd8d48988d171941735,Event Spaces,4e94d0216c250f5e6a761a33,Cool Spring / Tilton Park Neighborhood Association,1
2020-04-01,Delaware,Kent County,4bf58dd8d48988d186941735,Liquor Stores,4c94e8c572dd224bef539e91,Beer Wine Liquor,1
2020-04-01,Delaware,Kent County,4bf58dd8d48988d186941735,Liquor Stores,4b8706edf964a52038ac31e3,Cheswold Liquors,2
2020-04-01,Delaware,New Castle County,4f4533804b9074f6e4fb0105,Elementary Schools,4d9dc54dc97a236adec6c499,F.D. Stubbs Elementary School,1
2020-04-01,Delaware,New Castle County,4f4533804b9074f6e4fb0105,Elementary Schools,4d3f0de0457cb60c563806a5,Joseph M. McVey Elementary School,2
2020-04-01,Delaware,New Castle County,4f4533804b9074f6e4fb0105,Elementary Schools,4c07ad388a81c9b69b8c2790,Harlan Elementary School,3
2020-04-01,Delaware,New Castle County,52f2ab2ebcbc57f1066b8b42,Big Box Stores,4b71e0fdf964a520cc612de3,Walmart,1
2020-04-01,Delaware,New Castle County,52f2ab2ebcbc57f1066b8b42,Big Box Stores,4b44dbdcf964a52070fe25e3,Walmart,2
2020-04-01,Delaware,New Castle County,52f2ab2ebcbc57f1066b8b42,Big Box Stores,4b53bdd6f964a520eaa927e3,Walmart Supercenter,3
2020-04-01,Delaware,New Castle County,52f2ab2ebcbc57f1066b8b42,Big Box Stores,4b3a2d4ff964a520ed6125e3,Target,4
2020-04-01,Delaware,New Castle County,52f2ab2ebcbc57f1066b8b42,Big Box Stores,4c7f85a3171b224b9eed10b1,Target,5
2020-04-01,Delaware,New Castle County,52f2ab2ebcbc57f1066b8b42,Big Box Stores,4cdb296dd54954814c6b3ab2,Big Lots,6
2020-04-01,Delaware,New Castle County,52f2ab2ebcbc57f1066b8b42,Big Box Stores,50819826e4b068d89bb0a146,Big Lots,7
2020-04-01,Delaware,Sussex County,4bf58dd8d48988d117941735,Beer Gardens,4f763983e4b0d6936807782d,liquid assets,1
2020-04-01,Delaware,Sussex County,4bf58dd8d48988d118951735,Grocery Stores,4bffede2daf9c9b667effaef,Giant,1
2020-04-01,Delaware,Sussex County,4bf58dd8d48988d118951735,Grocery Stores,502ad078e4b0ac123c8fa693,Redner's,2
2020-04-01,Delaware,Sussex County,4bf58dd8d48988d118951735,Grocery Stores,4bf276419319a593aaf2ca51,Giant,3
2020-04-01,Delaware,Sussex County,4bf58dd8d48988d118951735,Grocery Stores,4c50bfbe9d642d7fb0e265dc,Hockers Super Center,4
2020-04-01,Delaware,Sussex County,4bf58dd8d48988d118951735,Grocery Stores,4b720169f964a5209f692de3,Safeway,5
2020-04-01,Delaware,Sussex County,4bf58dd8d48988d118951735,Grocery Stores,4bd0a2f241b9ef3bf67efae5,Super Giant,6
2020-04-01,Delaware,Sussex County,4bf58dd8d48988d118951735,Grocery Stores,580208e238fae8b1c68a53e8,Weis Markets,7
2020-04-01,Delaware,Sussex County,4bf58dd8d48988d118951735,Grocery Stores,57228517498e96aa8ca907ee,The Fresh Market,8
2020-04-01,Delaware,Sussex County,4bf58dd8d48988d118951735,Grocery Stores,4d0517c8dc45a093fa8fedc6,Save-A-Lot,9
2020-04-01,Delaware,Sussex County,4bf58dd8d48988d118951735,Grocery Stores,4cc327c338aaa0931f0b0b62,Harris Teeter,10
2020-04-01,Delaware,Sussex County,4bf58dd8d48988d174941735,Coworking Spaces,4c51f2cc2543a59300b6b484,Mountaire Farms-Delaware Inc,1
2020-04-01,Delaware,Sussex County,4bf58dd8d48988d1f9941735,Food & Drink Shops,53a44d48498ea256c928f9bd,Redner's Market,1
2020-04-01,Delaware,Sussex County,5744ccdfe4b0c0459246b4dc,Shopping Plazas,4dfe69d8aeb7ea26f9abdb96,Millsboro Towne Square,1
2020-04-01,Delaware,New Castle County,4bf58dd8d48988d15a941735,Gardens,4e31b00dd164fd324ab7b652,Delaware Highway Memorial Garden,1
2020-04-01,Delaware,New Castle County,4bf58dd8d48988d112951735,Hardware Stores,4b44dde5f964a520bcfe25e3,Lowe's,1
2020-04-01,Delaware,New Castle County,4bf58dd8d48988d112951735,Hardware Stores,4af5ee6bf964a520f9fe21e3,Lowe's,2
2020-04-01,Delaware,New Castle County,4bf58dd8d48988d112951735,Hardware Stores,4b097c3ef964a520031823e3,The Home Depot,3
2020-04-01,Delaware,New Castle County,4bf58dd8d48988d112951735,Hardware Stores,4b44ddb3f964a520b3fe25e3,The Home Depot,4
2020-04-01,Delaware,New Castle County,4bf58dd8d48988d112951735,Hardware Stores,4b58e71ef964a520e67128e3,The Home Depot,5
2020-04-01,Delaware,New Castle County,4bf58dd8d48988d112951735,Hardware Stores,4b47b771f964a520ab3b26e3,Lowe's,6
2020-04-01,Delaware,New Castle County,4bf58dd8d48988d112951735,Hardware Stores,4bd8a0162e6f0f47f8e30708,The Home Depot,7
2020-04-01,Delaware,New Castle County,4bf58dd8d48988d112951735,Hardware Stores,4b9cfc63f964a520a68636e3,The Home Depot,8
2020-04-01,Delaware,New Castle County,4bf58dd8d48988d112951735,Hardware Stores,552c5420498e9a41a880bc63,Lowe's,9
2020-04-01,Delaware,New Castle County,4bf58dd8d48988d112951735,Hardware Stores,4b9d32dff964a520a49836e3,The Home Depot,10
2020-04-01,Delaware,New Castle County,4bf58dd8d48988d112951735,Hardware Stores,4b9d1b99f964a520569036e3,True Value Hardware,11
2020-04-01,Delaware,New Castle County,4bf58dd8d48988d112951735,Hardware Stores,4b4cbc33f964a52073bc26e3,The Home Depot,12
2020-04-01,Delaware,New Castle County,4bf58dd8d48988d112951735,Hardware Stores,4b5cae47f964a520183e29e3,Lowe's,13
2020-04-01,Delaware,New Castle County,4e52adeebd41615f56317744,Military Bases,4c5ed77517f3b713f1a223e6,New Castle Air National Guard Base,1
2020-04-01,Delaware,Kent County,4bf58dd8d48988d196941735,Hospitals,4b858224f964a5205f6231e3,Bayhealth Kent General,1
2020-04-01,Delaware,Kent County,4bf58dd8d48988d196941735,Hospitals,4bd47b9629eb9c7493a791e1,Delaware Hospital for the Chronically Ill,2
2020-04-01,Delaware,Kent County,52f2ab2ebcbc57f1066b8b42,Big Box Stores,4b9aa5c7f964a5207ec935e3,Walmart Supercenter,1
2020-04-01,Delaware,Kent County,52f2ab2ebcbc57f1066b8b42,Big Box Stores,4e555c6718a8e7aa2cd92b89,Walmart Supercenter,2
2020-04-01,Delaware,Kent County,52f2ab2ebcbc57f1066b8b42,Big Box Stores,4b9fc83af964a520343e37e3,Walmart Supercenter,3
2020-04-01,Delaware,Kent County,52f2ab2ebcbc57f1066b8b42,Big Box Stores,4b549608f964a52049c127e3,Target,4
2020-04-01,Delaware,Kent County,52f2ab2ebcbc57f1066b8b42,Big Box Stores,4d5db64d95298cfaa5133600,Big Lots,5
2020-04-01,Delaware,New Castle County,4bf58dd8d48988d126941735,Government Buildings,4bca960afb84c9b69c921d3e,"Delaware Health And Social Services (DSS) • Herman M. Holloway, Sr. Campus",1
2020-04-01,Delaware,New Castle County,4bf58dd8d48988d126941735,Government Buildings,4da459ef2939b1f7dc473057,Carvel State Office Building,2
2020-04-01,Delaware,New Castle County,4bf58dd8d48988d126941735,Government Buildings,4c8a1f9de51e6dcbd8d765de,Delaware Health And Social Services (DSS) • Canby Park Office,3
2020-04-01,Delaware,New Castle County,4bf58dd8d48988d126941735,Government Buildings,4b60c74af964a520dff829e3,Delaware Division of Motor Vehicles,4
2020-04-01,Delaware,New Castle County,4bf58dd8d48988d126941735,Government Buildings,59bb07e90d173f3bdfbd0807,William G. Turner Building,5
2020-04-01,Delaware,New Castle County,4bf58dd8d48988d126941735,Government Buildings,4ed386d477c8ea62ffb52099,Delaware Health And Social Services (DSS) • Winder Laird Porter State Service Center,6
2020-04-01,Delaware,New Castle County,4bf58dd8d48988d175941735,Gyms or Fitness Centers,5ad5f12e83e3807ba00a0075,Legion Transformation,1
2020-04-01,Delaware,New Castle County,4bf58dd8d48988d175941735,Gyms or Fitness Centers,4dbf228181545e1cc7c78acc,Delcastle Tennis Center,2
2020-04-01,Delaware,New Castle County,4bf58dd8d48988d175941735,Gyms or Fitness Centers,4b7b268df964a52062542fe3,Planet Fitness,3
2020-04-01,Delaware,Sussex County,4eb1baf03b7b2c5b1d4306ca,Stables,4d3761c215993704de71ae91,Singletree Stables Riding School,1
2020-04-01,Delaware,Sussex County,4bf58dd8d48988d1f8941735,Furniture / Home Stores,4daf3590a86e9639ef480b8c,HomeGoods,1
2020-04-01,Delaware,New Castle County,4d4b7105d754a06374d81259,Food,4f32058719833175d60a82aa,Carmen's Kitchen,1
2020-04-01,Delaware,New Castle County,4d4b7105d754a06374d81259,Food,4f321e7d19836c91c7b7d9bb,Hot and Spice Restaurant,2
2020-04-01,Delaware,Kent County,4bf58dd8d48988d12c941735,Fire Stations,4eda2a185c5c96a2fdeeb69e,Hartly Volunteer Fire Company - Station 51,1
2020-04-01,Delaware,Kent County,4bf58dd8d48988d10f951735,Pharmacies,4b7d48d1f964a5205cb62fe3,Walgreens,1
2020-04-01,Delaware,Kent County,4bf58dd8d48988d10f951735,Pharmacies,551c1115498e6d869617fdf6,Walmart Pharmacy,2
2020-04-01,Delaware,New Castle County,50328a8e91d4c4b30a586d6c,Non-Profits,5775bf01498ef16b6ce9d696,American Birding Association,1
2020-04-01,Delaware,Sussex County,4bf58dd8d48988d172941735,Post Offices,4bc638dad35d9c747b5fe23a,US Post Office,1
2020-04-01,Delaware,New Castle County,4eb1bdde3b7b55596b4a7490,Photography Labs,5989a13016ef675760be44dc,Walmart Big Box,1
2020-04-01,Delaware,New Castle County,4eb1bdde3b7b55596b4a7490,Photography Labs,59891d282632ec78a009abb0,Walmart Photo Center,2
2020-04-01,Delaware,New Castle County,52e81612bcbc57f1066b7a3a,Chiropractors,58ef7906e1f0aa65ffffa7f7,Diamond Sport & Spine Clinic,1
2020-04-01,Delaware,New Castle County,4bf58dd8d48988d1fa941735,Farmers Markets,4b708b2df964a520e4202de3,Newark Farmers Market,1
2020-04-01,Delaware,New Castle County,4bf58dd8d48988d1fa941735,Farmers Markets,4b5c6a46f964a520c12e29e3,Willey Farms,2
2020-04-01,Delaware,New Castle County,4bf58dd8d48988d1c5941735,Sandwich Places,4b744af9f964a5201bd32de3,SUBWAY,1
2020-04-01,Delaware,New Castle County,4bf58dd8d48988d1e6941735,Golf Courses,4ba69e30f964a5204c6339e3,Odessa National Golf Club,1
2020-04-01,Delaware,Sussex County,4bf58dd8d48988d1e6941735,Golf Courses,4b803455f964a520205c30e3,Rehoboth Beach Yacht & Country Club,1
2020-04-01,Delaware,Sussex County,4bf58dd8d48988d1fa941735,Farmers Markets,4faeab83e4b0afbb670d0473,Country Living Produce,1
2020-04-01,Delaware,Kent County,4bf58dd8d48988d124941735,Offices,4cdc27434006a143aeeadcb2,Walmart Distribution Center,1
2020-04-01,Delaware,Kent County,4bf58dd8d48988d124941735,Offices,4ca513e644a8224bb5abf63f,UPS,2
2020-04-01,Delaware,Kent County,4d954b0ea243a5684a65b473,Convenience Stores,4b56113df964a520b0fe27e3,Wawa,1
2020-04-01,Delaware,Kent County,4d954b0ea243a5684a65b473,Convenience Stores,4b7ea770f964a5207af72fe3,Wawa,2
2020-04-01,Delaware,Kent County,4d954b0ea243a5684a65b473,Convenience Stores,4b5f24e8f964a520daa829e3,Wawa,3
2020-04-01,Delaware,Kent County,4d954b0ea243a5684a65b473,Convenience Stores,4b7722e4f964a520fd802ee3,Wawa,4
2020-04-01,Delaware,Kent County,4d954b0ea243a5684a65b473,Convenience Stores,4ff1bf24c593c9d1f5b70771,Royal Farms,5
2020-04-01,Delaware,Kent County,4d954b0ea243a5684a65b473,Convenience Stores,4b950e85f964a520468d34e3,Wawa,6
2020-04-01,Delaware,Kent County,4d954b0ea243a5684a65b473,Convenience Stores,4b4fc4ccf964a520ba1427e3,Wawa,7
2020-04-01,Delaware,Kent County,4d954b0ea243a5684a65b473,Convenience Stores,4b7aa90af964a520ec352fe3,Royal Farms,8
2020-04-01,Delaware,Kent County,4d954b0ea243a5684a65b473,Convenience Stores,4d1b3bb795d5f04df62cbb82,Kenton Country Store,9
2020-04-01,Delaware,Kent County,4d954b0ea243a5684a65b473,Convenience Stores,4f9584bde4b01cffa326122e,Royal Farms,10
2020-04-01,Delaware,New Castle County,4bf58dd8d48988d15e941735,Pools,4c3a103f93db0f479a792492,St. Andrews Pool,1
2020-04-01,Delaware,New Castle County,4bf58dd8d48988d1a8941735,General Colleges & Universities,4f9ea838e4b020e611517ba3,University of Delaware S.T.A.R. Campus,1
2020-04-01,Delaware,New Castle County,4eb1bea83b7b6f98df247e06,Factories,510824a5e4b0422e8614b859,CHDE,1
2020-04-01,Delaware,Kent County,4d954b06a243a5684965b473,Residential Buildings (Apartments / Condos),4e3d5cbc62e19d61096caaa7,Mapleton Square,1
2020-04-01,Delaware,Kent County,4d954b06a243a5684965b473,Residential Buildings (Apartments / Condos),4bdb01992a3a0f4776e7acb6,Village of Westover,2
2020-04-01,Delaware,Kent County,4d954b06a243a5684965b473,Residential Buildings (Apartments / Condos),4fecdd49e4b0d4b89a594944,hickory hollow,3
2020-04-01,Delaware,New Castle County,56aa371be4b08b9a8d573517,Business Centers,4e5b899cc65bcd7cbe4eebb1,Pencader Corporate Center,1
2020-04-01,Delaware,New Castle County,56aa371be4b08b9a8d573517,Business Centers,4bfd5c6bbf6576b0cb27adb8,DuPont Barley Mill Plaza,2
2020-04-01,Delaware,Sussex County,4bf58dd8d48988d1ca941735,Pizza Places,4b79989cf964a52046042fe3,Sal's Italian Restaurant,1
2020-04-01,Delaware,Sussex County,4bf58dd8d48988d1c4941735,Restaurants,5b0a05ef1fa763002c1151f4,Yellowfins Bar & Grill,1
2020-04-01,Delaware,New Castle County,4bf58dd8d48988d113951735,Gas Stations,5a176008dab4b161a235d75b,Shell,1
2020-04-01,Delaware,New Castle County,4bf58dd8d48988d113951735,Gas Stations,4c52176194790f47f6df16a2,APlus at Sunoco,2
2020-04-01,Delaware,New Castle County,4bf58dd8d48988d113951735,Gas Stations,4b36e9fdf964a5201d3e25e3,Royal Farms,3
2020-04-01,Delaware,New Castle County,4bf58dd8d48988d113951735,Gas Stations,4ff1bf24c593c9d1f5b70778,Royal Farms,4
2020-04-01,Delaware,New Castle County,4bf58dd8d48988d113951735,Gas Stations,5cce2ada8c35dc002c48e914,Royal Farms,5
2020-04-01,Delaware,New Castle County,4bf58dd8d48988d113951735,Gas Stations,5bf6fa982b9844002e05c82b,Royal Farms,6
2020-04-01,Delaware,New Castle County,4bf58dd8d48988d113951735,Gas Stations,537ead4d498e4aedc81db786,Royal Farms,7
2020-04-01,Delaware,New Castle County,4bf58dd8d48988d113951735,Gas Stations,4c33c68c3896e21efc9dea90,Exxon,8
2020-04-01,Delaware,New Castle County,4bf58dd8d48988d113951735,Gas Stations,4c9d7cc154c8a1cd90ad844b,Super Gas Station,9
2020-04-01,Delaware,New Castle County,4bf58dd8d48988d113951735,Gas Stations,58dc20692980db73e9c891e2,Royal Farms,10
2020-04-01,Delaware,New Castle County,4bf58dd8d48988d113951735,Gas Stations,4b9ac3a1f964a5207cd335e3,BP,11
2020-04-01,Delaware,New Castle County,4bf58dd8d48988d113951735,Gas Stations,4e610bc918a8ce02fc3b5d6c,BJ's Gas,12
2020-04-01,Delaware,New Castle County,4bf58dd8d48988d113951735,Gas Stations,4b9d35f1f964a520c99936e3,BP,13
2020-04-01,Delaware,New Castle County,4bf58dd8d48988d113951735,Gas Stations,4c519fba9d642d7f7da5dcdd,Shell,14
2020-04-01,Delaware,New Castle County,4bf58dd8d48988d12f941735,Libraries,4b687f92f964a5203f7c2be3,Wilmington Library,1
2020-04-01,Delaware,New Castle County,4bf58dd8d48988d12f941735,Libraries,59bd4f1d91eaca0863a0d29a,Route 9 Library & Innovation Center,2
2020-04-01,Delaware,Sussex County,50be8ee891d4fa8dcc7199a7,Markets,58dd50b6dfa6ff63a9ccf66c,G&E Hocker's Supermarket,1
2020-04-01,Delaware,Sussex County,50be8ee891d4fa8dcc7199a7,Markets,58f24e078f2c1a558c67605a,Weis Markets,2
2020-04-01,Delaware,New Castle County,4bf58dd8d48988d1ed931735,Airports,4b946b1af964a520a47834e3,Wilmington Airport,1
2020-04-01,Delaware,Kent County,4bf58dd8d48988d161941735,Lakes,4ddfd62045dd95acd4f968e2,Masseys Mill Pond,1
2020-04-01,Delaware,Kent County,4bf58dd8d48988d110941735,Italian Restaurants,4b888886f964a520d1fe31e3,Franco's Pizza & Pasta,1
2020-04-01,Delaware,New Castle County,4bf58dd8d48988d16e941735,Fast Food Restaurants,56a135b4498ed17ca26188e6,Chick-fil-A,1
2020-04-01,Delaware,New Castle County,4bf58dd8d48988d16e941735,Fast Food Restaurants,4c27d401fe6e2d7f7c61523c,McDonald's,2
2020-04-01,Delaware,New Castle County,4bf58dd8d48988d16e941735,Fast Food Restaurants,4fd7272de4b054e49f31a608,Chick-fil-A,3
2020-04-01,Delaware,New Castle County,4bf58dd8d48988d16e941735,Fast Food Restaurants,4e441995d22de4060ef17ba7,Chick-fil-A,4
2020-04-01,Delaware,New Castle County,4bf58dd8d48988d16e941735,Fast Food Restaurants,4bf6720f5e800f47114be7d4,McDonald's,5
2020-04-01,Delaware,New Castle County,4bf58dd8d48988d16e941735,Fast Food Restaurants,4b8491caf964a520323c31e3,McDonald's,6
2020-04-01,Delaware,New Castle County,4bf58dd8d48988d16e941735,Fast Food Restaurants,4b70b8c1f964a5208c2b2de3,McDonald's,7
2020-04-01,Delaware,New Castle County,4bf58dd8d48988d16e941735,Fast Food Restaurants,4bffa4af92a6c928cdd642e2,McDonald's,8
2020-04-01,Delaware,New Castle County,4bf58dd8d48988d16e941735,Fast Food Restaurants,4bc1fd8574a9a5932583d2f6,McDonald's,9
2020-04-01,Delaware,New Castle County,4bf58dd8d48988d16e941735,Fast Food Restaurants,4b94163cf964a5201a6734e3,McDonald's,10
2020-04-01,Delaware,New Castle County,4bf58dd8d48988d16e941735,Fast Food Restaurants,4b660653f964a520290f2be3,Wendy’s,11
2020-04-01,Delaware,New Castle County,4bf58dd8d48988d16e941735,Fast Food Restaurants,4b44dd80f964a520abfe25e3,Arby's,12
2020-04-01,Delaware,New Castle County,4d4ae6fc7a7b7dea34424761,Fried Chicken Joints,5c28305f5bc27d002515e97d,New York Fried Chicken,1
2020-04-01,Delaware,New Castle County,4d4ae6fc7a7b7dea34424761,Fried Chicken Joints,4bd4ec4d5631c9b60c71a330,Taco Bell/KFC,2
2020-04-01,Delaware,New Castle County,4d954b06a243a5684965b473,Residential Buildings (Apartments / Condos),4ea5db589a524accd15651f5,27th Washington St,1
2020-04-01,Delaware,New Castle County,4d954b06a243a5684965b473,Residential Buildings (Apartments / Condos),51ec7acc498e278722f6149e,The Reserve at Becks Pond,2
2020-04-01,Delaware,New Castle County,4d954b06a243a5684965b473,Residential Buildings (Apartments / Condos),4b9eb55ff964a52068fb36e3,St. Andrews,3
2020-04-01,Delaware,New Castle County,4d954b06a243a5684965b473,Residential Buildings (Apartments / Condos),4dd5ad46d4c05d5096bf3092,Carrington Way,4
2020-04-01,Delaware,New Castle County,4d954b06a243a5684965b473,Residential Buildings (Apartments / Condos),55c4f8ee498eec2a8d2eb0a4,Sdk Stratford Apartments,5
2020-04-01,Delaware,Kent County,4bf58dd8d48988d1ae941735,Universities,4c1d03be8b3aa5939bce995f,Delaware State University,1
2020-04-01,Delaware,New Castle County,4bf58dd8d48988d196941735,Hospitals,4bdacf4663c5c9b6c0002568,Christiana Care Christiana Hospital,1
2020-04-01,Delaware,New Castle County,4bf58dd8d48988d196941735,Hospitals,4ba23585f964a520dfe337e3,St. Francis Hospital,2
2020-04-01,Delaware,New Castle County,4bf58dd8d48988d196941735,Hospitals,4b9657e7f964a52021c734e3,Wilmington VA Medical Center,3
2020-04-01,Delaware,New Castle County,4bf58dd8d48988d196941735,Hospitals,4cc5894a42d1b60c9b012413,Christiana Care Wilmington Hospital,4
2020-04-01,Delaware,New Castle County,4bf58dd8d48988d196941735,Hospitals,4b1589a0f964a52060ae23e3,Alfred I. duPont Hospital for Children,5
2020-04-01,Delaware,New Castle County,4bf58dd8d48988d1fa931735,Hotels,4bc3f093dce4eee19fd3719d,Crowne Plaza Wilmington North,1
2020-04-01,Delaware,New Castle County,4bf58dd8d48988d1e0931735,Coffee Shops,4b3e456df964a520799a25e3,Starbucks,1
2020-04-01,Delaware,New Castle County,4bf58dd8d48988d1ad941735,Trade Schools,511fbbeee4b048431ab8eee8,American Driver Training,1
2020-04-01,Delaware,New Castle County,4bf58dd8d48988d177941735,Doctor's Offices,4e52cbb645ddae62fc86617e,Henrietta Johnson Medical Center,1
2020-04-01,Delaware,Sussex County,4bf58dd8d48988d16e941735,Fast Food Restaurants,5d64c07b2c61ca0008631f82,Chick-fil-A,1
2020-04-01,Delaware,Sussex County,4bf58dd8d48988d16e941735,Fast Food Restaurants,4b96a22ef964a5203bda34e3,McDonald's,2
2020-04-01,Delaware,Sussex County,4bf58dd8d48988d16e941735,Fast Food Restaurants,4bf8cea4508c0f477ce23e31,McDonald's,3
2020-04-01,Delaware,Sussex County,4bf58dd8d48988d16e941735,Fast Food Restaurants,519cfef8498e6ebf2ec58d84,Chick-fil-A,4
2020-04-01,Delaware,Sussex County,4bf58dd8d48988d16e941735,Fast Food Restaurants,4bb614eb46d4a5938da6c5c0,McDonald's,5
2020-04-01,Delaware,Sussex County,4eb1bea83b7b6f98df247e06,Factories,4d990f3061a3a1cd60f8dc42,Invista,1
2020-04-01,Delaware,Sussex County,4eb1bea83b7b6f98df247e06,Factories,4e036ecd1f6edc160235415e,Perdue,2
2020-04-01,Delaware,Sussex County,4eb1bea83b7b6f98df247e06,Factories,52823fee11d2aa8bcde5f403,Grayling ILC Company,3
2020-04-01,Delaware,Sussex County,4eb1bea83b7b6f98df247e06,Factories,4f6b0f87e4b0b8a882fb578a,nanticoke business park,4
2020-04-01,Delaware,New Castle County,52e81612bcbc57f1066b7a36,Warehouses,5d6d80b87c763a0008b73e1e,Circle US,1
2020-04-01,Delaware,Sussex County,4bf58dd8d48988d126941735,Government Buildings,4c7bd63e88449eb07989ab79,Delaware Health And Social Services (DSS) • Anna C Shipley State Service Center,1
2020-04-01,Delaware,Kent County,4bf58dd8d48988d15f941735,Fields,4bd1bde741b9ef3b3872fce5,Blackiston Wildlife Area (DNREC),1
2020-04-01,Delaware,Kent County,4bf58dd8d48988d177941735,Doctor's Offices,4c9e029a46978cfaddef9c7f,Modern Maturity Center,1
2020-04-01,Delaware,New Castle County,4bf58dd8d48988d118951735,Grocery Stores,5996d0889cadd923b08a2bd1,Walmart Grocery Pickup,1
2020-04-01,Delaware,New Castle County,4bf58dd8d48988d118951735,Grocery Stores,4c41ae04da3dc928ca35c9b9,Save A Lot,2
2020-04-01,Delaware,New Castle County,4bf58dd8d48988d118951735,Grocery Stores,4b856d39f964a5201d5d31e3,Giant,3
2020-04-01,Delaware,New Castle County,4bf58dd8d48988d118951735,Grocery Stores,4ba3f71df964a520447238e3,Super Giant,4
2020-04-01,Delaware,New Castle County,4bf58dd8d48988d118951735,Grocery Stores,4b303e4df964a52032f824e3,Safeway,5
2020-04-01,Delaware,New Castle County,4bf58dd8d48988d118951735,Grocery Stores,4be9fbdaa9900f47f40e1640,Hoho Mart,6
2020-04-01,Delaware,New Castle County,4bf58dd8d48988d118951735,Grocery Stores,4b5a1cc5f964a52003ae28e3,Giant,7
2020-04-01,Delaware,New Castle County,4bf58dd8d48988d118951735,Grocery Stores,5afce92bf0b490002cddabe9,ALDI,8
2020-04-01,Delaware,New Castle County,4bf58dd8d48988d118951735,Grocery Stores,4b08658df964a520e30a23e3,Trader Joe's,9
2020-04-01,Delaware,New Castle County,4bf58dd8d48988d118951735,Grocery Stores,5829b98287d6d938707910d1,ALDI,10
2020-04-01,Delaware,New Castle County,4bf58dd8d48988d118951735,Grocery Stores,5323612711d2d9c099645111,Save-A-Lot,11
2020-04-01,Delaware,New Castle County,4bf58dd8d48988d1f6931735,General Travel,50b529efe4b04ff3d7ca4f3e,Baynard Blvd.,1
2020-04-01,Delaware,Sussex County,4bf58dd8d48988d161941735,Lakes,4d9252e652ed224b083a05ac,Concord Pond,1
2020-04-01,Delaware,Sussex County,4bf58dd8d48988d161941735,Lakes,4c6370c8eb82d13ad81708d6,Ingrams Pond,2
2020-04-01,Delaware,Kent County,4bf58dd8d48988d1e0931735,Coffee Shops,4b84111cf964a5208a1e31e3,Royal Farms,1
2020-04-01,Delaware,New Castle County,5744ccdfe4b0c0459246b4dc,Shopping Plazas,50312ffbe4b0f9a2de38e1e0,Westtowne Towne Center,1
2020-04-01,Delaware,New Castle County,5744ccdfe4b0c0459246b4dc,Shopping Plazas,4b3a5433f964a520c36425e3,Peoples Plaza,2
2020-04-01,Delaware,New Castle County,5744ccdfe4b0c0459246b4dc,Shopping Plazas,4c9004bf352da1cd8d320eb2,Governors Square,3
2020-04-01,Delaware,New Castle County,5744ccdfe4b0c0459246b4dc,Shopping Plazas,4ec117e94690d23389e958d4,University Plaza,4
2020-04-01,Delaware,New Castle County,5744ccdfe4b0c0459246b4dc,Shopping Plazas,4c6c4771e13db60cc79dd5b1,Brandywine Town Center,5
2020-04-01,Delaware,New Castle County,5744ccdfe4b0c0459246b4dc,Shopping Plazas,524f0b3d11d21710ffb3b5a3,Airport Plaza,6
2020-04-01,Delaware,New Castle County,5744ccdfe4b0c0459246b4dc,Shopping Plazas,4e301f15fa7614797de9da6e,Suburban Plaza,7
2020-04-01,Delaware,New Castle County,5744ccdfe4b0c0459246b4dc,Shopping Plazas,532dd282498e14e050dfbef2,Merchants Square Shopping Center,8
2020-04-01,Delaware,New Castle County,5744ccdfe4b0c0459246b4dc,Shopping Plazas,519ea458498e2f37f63576f7,Community Plaza Shopping Center,9
2020-04-01,Delaware,New Castle County,5744ccdfe4b0c0459246b4dc,Shopping Plazas,4cb9e3254495721e7c0e4d7a,Fairfax Shopping Center,10
2020-04-01,Delaware,New Castle County,5744ccdfe4b0c0459246b4dc,Shopping Plazas,5942ab3be97dfb64c5bafab7,Brandywine Commons II,11
2020-04-01,Delaware,New Castle County,5744ccdfe4b0c0459246b4dc,Shopping Plazas,4e0ca68d14954f127e6887e6,Fox Run Shopping Center,12
2020-04-01,Delaware,New Castle County,5744ccdfe4b0c0459246b4dc,Shopping Plazas,4f25a537e4b0acaff9705ea5,Penn Mart Shopping Center,13
2020-04-01,Delaware,New Castle County,5744ccdfe4b0c0459246b4dc,Shopping Plazas,4f91cbaee4b010e7a55350a5,Midway Plaza,14
2020-04-01,Delaware,New Castle County,5744ccdfe4b0c0459246b4dc,Shopping Plazas,4ee14c51f5b9c102ea252e12,F & N Shopping Village,15
2020-04-01,Delaware,New Castle County,5744ccdfe4b0c0459246b4dc,Shopping Plazas,4e00fa5db0fbdf39a455f294,Northtowne Plaza,16
2020-04-01,Delaware,New Castle County,5744ccdfe4b0c0459246b4dc,Shopping Plazas,4dd43de2b0fb7a332e650324,Branmar Plaza,17
2020-04-01,Delaware,New Castle County,5744ccdfe4b0c0459246b4dc,Shopping Plazas,4dc70e1418387d1bd5676d46,Pencader Plaza,18
2020-04-01,Delaware,New Castle County,5744ccdfe4b0c0459246b4dc,Shopping Plazas,4ed7b3d3be7b356716f88c5a,Beaver Brook Plaza,19
2020-04-01,Delaware,New Castle County,5744ccdfe4b0c0459246b4dc,Shopping Plazas,4f4808cee4b03377e6e8085b,Claymont Shopping Center,20
2020-04-01,Delaware,New Castle County,5744ccdfe4b0c0459246b4dc,Shopping Plazas,4bd9de2fc79cc928d65a7ce9,Pike Creek Shopping Center,21
2020-04-01,Delaware,New Castle County,5744ccdfe4b0c0459246b4dc,Shopping Plazas,4d94d22874c8236a9773c6fc,College Square Shopping Center,22
2020-04-01,Delaware,New Castle County,5744ccdfe4b0c0459246b4dc,Shopping Plazas,4e125abd45dde6c62ddc04e7,Lantana Square Shopping Center,23
2020-04-01,Delaware,New Castle County,5744ccdfe4b0c0459246b4dc,Shopping Plazas,4fd13b09e4b0683603027c4f,Concord Square,24
2020-04-01,Delaware,New Castle County,5744ccdfe4b0c0459246b4dc,Shopping Plazas,4ee3b4260e011d5245760fe7,Adams Four Shopping Center,25
2020-04-01,Delaware,New Castle County,5744ccdfe4b0c0459246b4dc,Shopping Plazas,4f6a2b67e4b0b2692e43c6d8,First State Plaza,26
2020-04-01,Delaware,New Castle County,5744ccdfe4b0c0459246b4dc,Shopping Plazas,4c7ae427a86837046328154d,Newark Shopping Center,27
2020-04-01,Delaware,New Castle County,5744ccdfe4b0c0459246b4dc,Shopping Plazas,513f5dd4e4b0134762347833,Market Square Shopping Center,28
2020-04-01,Delaware,New Castle County,5744ccdfe4b0c0459246b4dc,Shopping Plazas,4fd3efe2e4b0b20a90f0143e,River Plaza Shopping Center,29
2020-04-01,Delaware,New Castle County,5744ccdfe4b0c0459246b4dc,Shopping Plazas,4fec509ce4b06e7fdf87815b,Shoppes of Graylyn,30
2020-04-01,Delaware,New Castle County,5744ccdfe4b0c0459246b4dc,Shopping Plazas,5616d2d9498ea2274d95f623,Christiana Fashion Center,31
2020-04-01,Delaware,New Castle County,5744ccdfe4b0c0459246b4dc,Shopping Plazas,5d621d4fc79f3b00085c0a7b,Middletown Commons,32
2020-04-01,Delaware,New Castle County,5744ccdfe4b0c0459246b4dc,Shopping Plazas,4e6418a7c65b2dc8a05936ed,Basin Shoppes,33
2020-04-01,Delaware,New Castle County,5744ccdfe4b0c0459246b4dc,Shopping Plazas,4c87f55fb2138cfa6fee4d44,Kirkwood Plaza,34
2020-04-01,Delaware,New Castle County,5744ccdfe4b0c0459246b4dc,Shopping Plazas,4e7b6a5bd4c0935893eb4db2,Chestnut Hill Plaza,35
2020-04-01,Delaware,New Castle County,5744ccdfe4b0c0459246b4dc,Shopping Plazas,522215d711d2ad37bb764b27,Franbert Shopping Center,36
2020-04-01,Delaware,New Castle County,5744ccdfe4b0c0459246b4dc,Shopping Plazas,4e99be27b8037185195daa4d,Harmony Plaza,37
2020-04-01,Delaware,New Castle County,5744ccdfe4b0c0459246b4dc,Shopping Plazas,4eb190c64690b9be42c8a19e,Christiana Town Center,38
2020-04-01,Delaware,New Castle County,5744ccdfe4b0c0459246b4dc,Shopping Plazas,501567d6e4b0e259d3b08ad5,Governor Square 2,39
2020-04-01,Delaware,Sussex County,4bf58dd8d48988d1ad941735,Trade Schools,4d308b9610e9b1f73730bcf1,Southern Delaware School Of The Arts,1
2020-04-01,Delaware,New Castle County,4bf58dd8d48988d148941735,Donut Shops,4bc1abe7461576b02d3a7c32,Dunkin',1
2020-04-01,Delaware,New Castle County,4bf58dd8d48988d148941735,Donut Shops,4c77935cf2473704ba6b66eb,Dunkin',2
2020-04-01,Delaware,New Castle County,4bf58dd8d48988d148941735,Donut Shops,4bd2ee36caff952185a0d3f0,Dunkin',3
2020-04-01,Delaware,New Castle County,4bf58dd8d48988d148941735,Donut Shops,4cb7169186e09eb08dac62e2,Dunkin',4
2020-04-01,Delaware,New Castle County,4bf58dd8d48988d148941735,Donut Shops,4c370bfb0a71c9b64c103ec9,Dunkin',5
2020-04-01,Delaware,Sussex County,4bf58dd8d48988d15b941735,Farms,4e37fb196284fcf739a0c0d8,Mountaire Farms Inc. Selbyville,1
2020-04-01,Delaware,Sussex County,52f2ab2ebcbc57f1066b8b42,Big Box Stores,4c1d60848b3aa59374879a5f,Walmart Supercenter,1
2020-04-01,Delaware,Sussex County,52f2ab2ebcbc57f1066b8b42,Big Box Stores,4b928466f964a520190034e3,Walmart,2
2020-04-01,Delaware,Sussex County,52f2ab2ebcbc57f1066b8b42,Big Box Stores,4b646c48f964a520f0b12ae3,Walmart Supercenter,3
2020-04-01,Delaware,New Castle County,503287a291d4c4b30a586d65,Financial or Legal Services,4e8a142e7ee6c0611782b497,Pike Creek Mortgage,1
2020-04-01,Delaware,New Castle County,4bf58dd8d48988d19f941735,College Technology Buildings,533ebd5e498e5db78cbdb588,STAR Building,1
2020-04-01,Delaware,Kent County,50327c8591d4c4b30a586d5d,Breweries,4bb4f5cbeb6dd13ad19296e4,Fordham Brewing Company,1
2020-04-01,Delaware,Kent County,4bf58dd8d48988d113951735,Gas Stations,579cd28c498eb7f72f1efb46,Royal Farms,1
2020-04-01,Delaware,Kent County,4bf58dd8d48988d113951735,Gas Stations,4bc3a08774a9a593d2d5d4f6,Royal Farms,2
2020-04-01,Delaware,Kent County,4bf58dd8d48988d113951735,Gas Stations,4c0e5a25336220a1e406cc77,Shore Stop #243 (Valero),3
2020-04-01,Delaware,Kent County,4bf58dd8d48988d113951735,Gas Stations,4ce992fad99f721e5a07b773,Shore Stop #232 (Valero),4
2020-04-01,Delaware,Kent County,4bf58dd8d48988d113951735,Gas Stations,522e179911d203bb11d398e7,Depot Convenience Store,5
2020-04-01,Delaware,Kent County,4e52adeebd41615f56317744,Military Bases,4b71b0cbf964a52072562de3,Dover Air Force Base,1
2020-04-01,Delaware,Sussex County,4bf58dd8d48988d186941735,Liquor Stores,4cb4ed99589f236a57a02c3d,Tax Free Liquors,1
2020-04-01,Delaware,Sussex County,4bf58dd8d48988d186941735,Liquor Stores,4cdd8246df986ea8e407d616,Liquor Market,2
2020-04-01,Delaware,Sussex County,4bf58dd8d48988d186941735,Liquor Stores,4b7057a1f964a520fd132de3,Atlantic Liquors,3
2020-04-01,Delaware,Sussex County,4bf58dd8d48988d186941735,Liquor Stores,4d14d5588312236a139d4dba,Liquor Land,4
2020-04-01,Delaware,New Castle County,4d954af4a243a5684765b473,Veterinarians,4c13957ea5eb76b0861dc0b7,White Clay Veterinary Clinic,1
2020-04-01,Delaware,New Castle County,4d954b0ea243a5684a65b473,Convenience Stores,564fc129498e91266ee67e4c,Wawa,1
2020-04-01,Delaware,New Castle County,4d954b0ea243a5684a65b473,Convenience Stores,4b4e0475f964a5204ade26e3,Wawa,2
2020-04-01,Delaware,New Castle County,4d954b0ea243a5684a65b473,Convenience Stores,4b43e61bf964a5208ced25e3,Wawa,3
2020-04-01,Delaware,New Castle County,4d954b0ea243a5684a65b473,Convenience Stores,4b329ae3f964a520cd0f25e3,Wawa,4
2020-04-01,Delaware,New Castle County,4d954b0ea243a5684a65b473,Convenience Stores,4b54ffdef964a5203bd727e3,Wawa,5
2020-04-01,Delaware,New Castle County,4d954b0ea243a5684a65b473,Convenience Stores,4f3d39fce4b0c30dff68a350,Wawa,6
2020-04-01,Delaware,New Castle County,4d954b0ea243a5684a65b473,Convenience Stores,576d4088498e95407d453b16,Wawa,7
2020-04-01,Delaware,New Castle County,4d954b0ea243a5684a65b473,Convenience Stores,535a5517498e4683e0d5f5bf,Wawa,8
2020-04-01,Delaware,New Castle County,4d954b0ea243a5684a65b473,Convenience Stores,4b39a377f964a520465e25e3,Wawa,9
2020-04-01,Delaware,New Castle County,4d954b0ea243a5684a65b473,Convenience Stores,4b56773af964a520a51128e3,Wawa,10
2020-04-01,Delaware,New Castle County,4d954b0ea243a5684a65b473,Convenience Stores,4bae50abf964a520a2a13be3,Wawa,11
2020-04-01,Delaware,New Castle County,4d954b0ea243a5684a65b473,Convenience Stores,4bcf1f17fb84c9b61fd7243e,Wawa,12
2020-04-01,Delaware,New Castle County,4d954b0ea243a5684a65b473,Convenience Stores,4b54b001f964a52020c727e3,Wawa,13
2020-04-01,Delaware,New Castle County,4d954b0ea243a5684a65b473,Convenience Stores,509e6069e4b0191a30865dbc,Wawa,14
2020-04-01,Delaware,New Castle County,4d954b0ea243a5684a65b473,Convenience Stores,4b397449f964a520c65c25e3,Wawa,15
2020-04-01,Delaware,New Castle County,4d954b0ea243a5684a65b473,Convenience Stores,4c320ef07cc0c9b668a5ef9a,Wawa,16
2020-04-01,Delaware,New Castle County,4d954b0ea243a5684a65b473,Convenience Stores,4bdfb09ce75c0f47cf1bcc03,Wawa,17
2020-04-01,Delaware,New Castle County,4d954b0ea243a5684a65b473,Convenience Stores,4cd85cbc8f949eb00b2975ae,7-Eleven,18
2020-04-01,Delaware,New Castle County,4d954b0ea243a5684a65b473,Convenience Stores,4c0f860f2466a5939bb27a21,Wawa,19
2020-04-01,Delaware,New Castle County,4d954b0ea243a5684a65b473,Convenience Stores,523d97db11d2521803d0764c,Wawa,20
2020-04-01,Delaware,New Castle County,4d954b0ea243a5684a65b473,Convenience Stores,4bb0a131f964a5208e503ce3,Wawa,21
2020-04-01,Delaware,New Castle County,4d954b0ea243a5684a65b473,Convenience Stores,50c54c70e4b0572e584ad809,Wawa,22
2020-04-01,Delaware,New Castle County,4d954b0ea243a5684a65b473,Convenience Stores,4f346babe4b0e67f47be5caa,Royal Farms,23
2020-04-01,Delaware,New Castle County,4d954b0ea243a5684a65b473,Convenience Stores,566c4725498ef1f996977652,Wawa,24
2020-04-01,Delaware,New Castle County,4d954b0ea243a5684a65b473,Convenience Stores,4b687d8ff964a520cb7b2be3,Wawa,25
2020-04-01,Delaware,New Castle County,4d954b0ea243a5684a65b473,Convenience Stores,4c3d40dd17f2ef3b4c5c81f4,Wawa,26
2020-04-01,Delaware,Sussex County,52dea92d3cf9994f4e043dbb,Discount Stores,4e7cfc7765e603d0a90a43b9,Dollar Tree,1
2020-04-01,Delaware,Kent County,4bf58dd8d48988d171941735,Event Spaces,4ba2cbf2f964a520f71938e3,Hartly Fire Hall,1
2020-04-01,Delaware,Kent County,4bf58dd8d48988d171941735,Event Spaces,4d558a37ba5b224b02cd0f14,Gas Chamber,2
2020-04-01,Delaware,New Castle County,4f4531084b9074f6e4fb0101,Recycling Facilities,4e0c70fc7d8bfe35bbc191f4,DSWA Recycling Center Lambsons Lane,1
2020-04-01,Delaware,New Castle County,4bf58dd8d48988d146941735,Delis / Bodegas,4dbca3400cb691071ca8f7f4,Taffy's Food Mart,1
2020-04-01,Delaware,New Castle County,52e81612bcbc57f1066b7a46,Private Schools,4c6dc2d210faa14389eeee68,Salesianum School,1
2020-04-01,Delaware,Kent County,4bf58dd8d48988d118951735,Grocery Stores,4bfd5bd2e529c92828cdba8c,Byler's,1
2020-04-01,Delaware,Kent County,4bf58dd8d48988d118951735,Grocery Stores,4bfaa884b182c9b69aa17a5a,Safeway,2
2020-04-01,Delaware,Kent County,4bf58dd8d48988d118951735,Grocery Stores,4cbc9bd0adcd5481715c2fa2,Byler's,3
2020-04-01,Delaware,Sussex County,4bf58dd8d48988d145941735,Chinese Restaurants,4ccb3d0dba0a548166493559,Panda & Tokyo Chinese & Japanese Restaurant,1
2020-04-01,Delaware,Kent County,52f2ab2ebcbc57f1066b8b46,Supermarkets,514a3229e4b007b8a9ffe423,Redner's Markets,1
2020-04-01,Delaware,Kent County,52f2ab2ebcbc57f1066b8b46,Supermarkets,4c846394d6ebbfb7ca6558a4,Food Lion Grocery Store,2
2020-04-01,Delaware,Kent County,52f2ab2ebcbc57f1066b8b46,Supermarkets,4c489df3972c0f47abaa2721,Food Lion Grocery Store,3
2020-04-01,Delaware,Kent County,52f2ab2ebcbc57f1066b8b46,Supermarkets,4b63a1cdf964a52076882ae3,ACME Markets,4
2020-04-01,Delaware,Kent County,52f2ab2ebcbc57f1066b8b46,Supermarkets,4c701e08fa49a1cdea08a5e3,Food Lion Grocery Store,5
2020-04-01,Delaware,Kent County,52f2ab2ebcbc57f1066b8b46,Supermarkets,4b8fe644f964a5203e6833e3,Food Lion Grocery Store,6
2020-04-01,Delaware,Kent County,52f2ab2ebcbc57f1066b8b46,Supermarkets,4bb679eb6edc76b0f302311c,Redners,7
2020-04-01,Delaware,Kent County,52f2ab2ebcbc57f1066b8b46,Supermarkets,4c12c31ca5eb76b037cbbeb7,Food Lion Grocery Store,8
2020-04-01,Delaware,Sussex County,4bf58dd8d48988d15e941735,Pools,4fc283b9e4b05b85038901b2,The Ward's Pool,1
2020-04-01,Delaware,Sussex County,4bf58dd8d48988d1ff941735,Miscellaneous Shops,550e0f78498e074a61890fea,The Villages of Five Points Shopping Center,1
2020-04-01,Delaware,Kent County,5032850891d4c4b30a586d62,Credit Unions,4bba18f91261d13a2a37ea98,Dover Federal Credit Union,1
2020-04-01,Delaware,New Castle County,4bf58dd8d48988d124941735,Offices,59a02adcd0a149403a44a2d3,Port of Wilmington – Vehicle Inspection,1
2020-04-01,Delaware,New Castle County,4bf58dd8d48988d124941735,Offices,4c111e976b7e2d7ffdb82835,JP Morgan Chase,2
2020-04-01,Delaware,New Castle County,4f2a210c4b9023bd5841ed28,Housing Developments,4cbf5a5d7dc9a0936c4a38f5,Wilton,1
2020-04-01,Delaware,New Castle County,4f2a210c4b9023bd5841ed28,Housing Developments,4e06a4612271dfa46baab417,Penn Acres,2
2020-04-01,Delaware,New Castle County,4f2a210c4b9023bd5841ed28,Housing Developments,51b29cda498e115890cfa540,Park Side,3
2020-04-01,Delaware,New Castle County,4f2a210c4b9023bd5841ed28,Housing Developments,4c0c092e7e3fc928d238f682,Estates of Saint Anne's,4
2020-04-01,Delaware,New Castle County,4f2a210c4b9023bd5841ed28,Housing Developments,4f7904c0e4b05bfd58c6c490,North Star,5
2020-04-01,Delaware,New Castle County,4f2a210c4b9023bd5841ed28,Housing Developments,4daaec7ffa8cc764973fcb27,Wood Creek,6
2020-04-01,Delaware,New Castle County,4f2a210c4b9023bd5841ed28,Housing Developments,524c7952498e92aa0d08bf1f,Drawyers Creek,7
2020-04-01,Delaware,New Castle County,4f2a210c4b9023bd5841ed28,Housing Developments,4c3f7f47af052d7fb5697a79,Collins Park,8
2020-04-01,Delaware,New Castle County,4f2a210c4b9023bd5841ed28,Housing Developments,52f29efe498e034ad4be30bc,out westside wilmington,9
2020-04-01,Delaware,New Castle County,4bf58dd8d48988d194941735,Emergency Rooms,4c307588452620a123241f0f,Christiana Hospital Emergency Room,1
2020-04-01,Delaware,New Castle County,4eb1c0253b7b52c0e1adc2e9,Garden Centers,4dce9e238877851243fbbfbc,Holland Mulch,1
2020-04-01,Delaware,Sussex County,52f2ab2ebcbc57f1066b8b46,Supermarkets,5644c6b6498e2d46f3ce6194,ACME Markets,1
2020-04-01,Delaware,Sussex County,52f2ab2ebcbc57f1066b8b46,Supermarkets,4bccd243cc8cd13ac8a4c1cf,Food Lion Grocery Store,2
2020-04-01,Delaware,Sussex County,52f2ab2ebcbc57f1066b8b46,Supermarkets,4e25a86fae6035bd16f795e0,Food Lion Grocery Store,3
2020-04-01,Delaware,Sussex County,52f2ab2ebcbc57f1066b8b46,Supermarkets,4bf9bd9a5317a59342ce017f,Food Lion Grocery Store,4
2020-04-01,Delaware,Sussex County,52f2ab2ebcbc57f1066b8b46,Supermarkets,4d4c5b0332a3236ae5910aea,Food Lion Grocery Store,5
2020-04-01,Delaware,Sussex County,52f2ab2ebcbc57f1066b8b46,Supermarkets,4bc7914a0050b713fbf3b83b,Harris Teeter,6
2020-04-01,Delaware,Sussex County,52f2ab2ebcbc57f1066b8b46,Supermarkets,509163e2b0b93c8e511e9c74,Food Lion Grocery Store,7
2020-04-01,Delaware,Sussex County,52f2ab2ebcbc57f1066b8b46,Supermarkets,4b9e9d29f964a520e2f336e3,Food Lion Grocery Store,8
2020-04-01,Delaware,Kent County,4bf58dd8d48988d124951735,Automotive Shops,5296341f11d2458dada465a2,Walmart Auto Care Centers,1
2020-04-01,Delaware,Kent County,4bf58dd8d48988d124951735,Automotive Shops,4b8c38dbf964a520ffc432e3,Clearview Car Wash,2
2020-04-01,Delaware,New Castle County,4bf58dd8d48988d129951735,Train Stations,4b38099ef964a520a84a25e3,Joseph R. Biden Jr. Railroad Station,1
2020-04-01,Delaware,New Castle County,4bf58dd8d48988d17b941735,Zoos,50df9b66f2e72772454b96a5,3 Palms Zoo and Education Center,1
2020-04-01,Delaware,Sussex County,4bf58dd8d48988d10f951735,Pharmacies,551c1117498e6d869618274e,Walmart Pharmacy,1
2020-04-01,Delaware,Sussex County,4bf58dd8d48988d10f951735,Pharmacies,4c60110323e303bb0ad77407,Walgreens,2
2020-04-01,Delaware,Sussex County,4bf58dd8d48988d10f951735,Pharmacies,4c60110c23e303bb15d77407,Walgreens,3
2020-04-01,Delaware,Sussex County,4bf58dd8d48988d10f951735,Pharmacies,4bfdc901f7c82d7fdcc38e04,Rite Aid,4
2020-04-01,Delaware,Kent County,4bf58dd8d48988d116941735,Bars,4b8432f8f964a520fe2631e3,The Green Stinger,1
2020-04-01,Delaware,Kent County,52dea92d3cf9994f4e043dbb,Discount Stores,4d029827347da1cd7940208f,Dollar Tree,1
2020-04-01,Delaware,Kent County,52dea92d3cf9994f4e043dbb,Discount Stores,4c263cfdf7ced13a02f3256d,Ollie's Bargain Outlet,2
2020-04-01,Delaware,Kent County,52dea92d3cf9994f4e043dbb,Discount Stores,4cb9edbebac937040b04e87c,Dollar Tree,3
2020-04-01,Delaware,Kent County,52dea92d3cf9994f4e043dbb,Discount Stores,4c0144aa9a950f4766d408c6,Dollar Tree,4
2020-04-01,Delaware,Kent County,4bf58dd8d48988d104941735,Medical Centers,4c0eb5ab336220a188a6cc77,Eden Hill Medical Center,1
2020-04-01,Delaware,New Castle County,4bf58dd8d48988d110951735,Salons / Barbershops,4df0cfe645ddbf3897d39fb0,Hair Creations (Dominican Flow),1
2020-04-01,Delaware,Kent County,50be8ee891d4fa8dcc7199a7,Markets,56363f53498ededd46f39d41,Produce Junction,1
2020-04-01,Delaware,Sussex County,4bf58dd8d48988d123941735,Wine Bars,4e73abb02271391c70744d05,Mommy's Timeout,1
2020-04-01,Delaware,New Castle County,4bf58dd8d48988d10f951735,Pharmacies,4b5a31f8f964a52066b328e3,Walgreens,1
2020-04-01,Delaware,New Castle County,4bf58dd8d48988d10f951735,Pharmacies,551c1117498e6d86961829ad,Walmart Pharmacy,2
2020-04-01,Delaware,New Castle County,4bf58dd8d48988d10f951735,Pharmacies,4dacd81efa8ca548ba16128b,Rite Aid,3
2020-04-01,Delaware,New Castle County,4bf58dd8d48988d10f951735,Pharmacies,4c60116623e303bb81d77407,Walgreens,4
2020-04-01,Delaware,New Castle County,4bf58dd8d48988d10f951735,Pharmacies,5825feaf9e41df0d6286d87c,ACME Markets Pharmacy,5
2020-04-01,Delaware,New Castle County,4bf58dd8d48988d10f951735,Pharmacies,4c291d62ed0ac9b6c54b61aa,CVS pharmacy,6
2020-04-01,Delaware,New Castle County,4bf58dd8d48988d10f951735,Pharmacies,519648f98bbdef09015dae2f,CVS pharmacy,7
2020-04-01,Delaware,New Castle County,4bf58dd8d48988d10f951735,Pharmacies,4b8eff36f964a520764333e3,Rite Aid,8
2020-04-01,Delaware,New Castle County,4bf58dd8d48988d10f951735,Pharmacies,5825ff4f177b8736cfe004b5,ACME Markets Pharmacy,9
2020-04-01,Delaware,New Castle County,4bf58dd8d48988d10f951735,Pharmacies,4b47ace3f964a5202a3a26e3,Walgreens,10
2020-04-01,Delaware,New Castle County,4bf58dd8d48988d10f951735,Pharmacies,558e99bc498e8d039a0a5765,CVS pharmacy,11
2020-04-01,Delaware,New Castle County,4bf58dd8d48988d10f951735,Pharmacies,4bb8fb9598c7ef3b80a73102,Rite Aid,12
2020-04-01,Delaware,New Castle County,4bf58dd8d48988d10f951735,Pharmacies,538b89d1498ef93b52fd822c,CVS pharmacy,13
2020-04-01,Delaware,New Castle County,4bf58dd8d48988d10f951735,Pharmacies,4b8bf860f964a52085b532e3,Walgreens,14
2020-04-01,Delaware,New Castle County,4bf58dd8d48988d10f951735,Pharmacies,4bd1a1d5b221c9b6dbd1d5d0,Walgreens,15
2020-04-01,Delaware,New Castle County,4bf58dd8d48988d10f951735,Pharmacies,4c5da6936147be9ad5a39209,Walgreens,16
2020-04-01,Delaware,New Castle County,4bf58dd8d48988d10f951735,Pharmacies,4ba75bedf964a520068e39e3,Rite Aid,17
2020-04-01,Delaware,New Castle County,4bf58dd8d48988d10f951735,Pharmacies,4b4b79cff964a520339d26e3,Walgreens,18
2020-04-01,Delaware,New Castle County,4bf58dd8d48988d10f951735,Pharmacies,4c2800939eb19521356d2959,Walgreens,19
2020-04-01,Delaware,Kent County,4bf58dd8d48988d12e941735,Police Stations,4ba8d2e9f964a520e9f139e3,Delaware State Police: State Bureau of Identification,1
2020-04-01,Delaware,Sussex County,4bf58dd8d48988d14e941735,American Restaurants,4b7e8ea6f964a520acf22fe3,Jeff's Taproom & Grille,1
2020-04-01,Delaware,Sussex County,4bf58dd8d48988d14e941735,American Restaurants,4cb1ee07c5e6a1cd7f86e1f6,Longneck Deli,2
2020-04-01,Delaware,New Castle County,4d4b7105d754a06375d81259,Professional & Other Places,4e5132061f6eae4d25321eca,Formosa Plastics,1
2020-04-01,Delaware,New Castle County,4d4b7105d754a06375d81259,Professional & Other Places,4e6e26bd8877d6d0b116a996,Port Of Wilmington - Autoberth,2
2020-04-01,Delaware,New Castle County,4bf58dd8d48988d163941735,Parks,4b9077a1f964a520d48b33e3,Glasgow Park,1
2020-04-01,Delaware,New Castle County,4bf58dd8d48988d163941735,Parks,4b6efda4f964a52027d52ce3,Rockford Park,2
2020-04-01,Delaware,New Castle County,4bf58dd8d48988d163941735,Parks,4b9fe59ff964a5208f4837e3,Brandywine Park,3
2020-04-01,Delaware,New Castle County,4bf58dd8d48988d155941735,Gastropubs,4eea2b62aa1f7c7810dd1965,Ulysses American Gastropub,1
2020-04-01,Delaware,New Castle County,52f2ab2ebcbc57f1066b8b46,Supermarkets,4b5b50bcf964a520f4f328e3,ShopRite of Christina Crossing,1
2020-04-01,Delaware,New Castle County,52f2ab2ebcbc57f1066b8b46,Supermarkets,4ed65fab9a529c405baa9bb9,ShopRite of Governor's Square,2
2020-04-01,Delaware,New Castle County,52f2ab2ebcbc57f1066b8b46,Supermarkets,4bafcccff964a520c1213ce3,ShopRite,3
2020-04-01,Delaware,New Castle County,52f2ab2ebcbc57f1066b8b46,Supermarkets,51e6e1fa498eb1a438fb0548,ShopRite of Four Seasons,4
2020-04-01,Delaware,New Castle County,52f2ab2ebcbc57f1066b8b46,Supermarkets,4b7c9ea4f964a520239e2fe3,ShopRite of Brandywine Commons,5
2020-04-01,Delaware,New Castle County,52f2ab2ebcbc57f1066b8b46,Supermarkets,4b72086ef964a5202f6b2de3,"ShopRite of Newark, DE",6
2020-04-01,Delaware,New Castle County,52f2ab2ebcbc57f1066b8b46,Supermarkets,4d08f7d305216dcb74161eb6,Food Lion,7
2020-04-01,Delaware,New Castle County,52f2ab2ebcbc57f1066b8b46,Supermarkets,4b9c22aef964a520aa4d36e3,ACME Markets,8
2020-04-01,Delaware,New Castle County,52f2ab2ebcbc57f1066b8b46,Supermarkets,4b521510f964a520726627e3,ACME Markets,9
2020-04-01,Delaware,New Castle County,52f2ab2ebcbc57f1066b8b46,Supermarkets,4babe14bf964a520acd13ae3,Food Lion Grocery Store,10
2020-04-01,Delaware,New Castle County,52f2ab2ebcbc57f1066b8b46,Supermarkets,4b243f01f964a520986424e3,ACME Markets,11
2020-04-01,Delaware,New Castle County,52f2ab2ebcbc57f1066b8b46,Supermarkets,4b9fb390f964a520423637e3,ACME Markets,12
2020-04-01,Delaware,New Castle County,52f2ab2ebcbc57f1066b8b46,Supermarkets,4c3b1eb41a1cd13a38cbb50d,Food Lion Grocery Store,13
2020-04-01,Delaware,New Castle County,52f2ab2ebcbc57f1066b8b46,Supermarkets,4c5d9f26857ca593635ecdcb,Food Lion Grocery Store,14
2020-04-01,Delaware,New Castle County,52f2ab2ebcbc57f1066b8b46,Supermarkets,598e2c99f870fd448ca6eaf1,Lidl,15
2020-04-01,Delaware,New Castle County,52f2ab2ebcbc57f1066b8b46,Supermarkets,4bef2fc4ea570f47dd0a8fd2,Food Lion Grocery Store,16
2020-04-01,Delaware,New Castle County,52f2ab2ebcbc57f1066b8b46,Supermarkets,4b43df09f964a520c2ec25e3,ACME Markets,17
2020-04-01,Delaware,New Castle County,52f2ab2ebcbc57f1066b8b46,Supermarkets,4afb320df964a520f91b22e3,ACME Markets,18
2020-04-01,Delaware,New Castle County,52f2ab2ebcbc57f1066b8b46,Supermarkets,4b536a6ef964a520d49b27e3,ACME Markets,19
2020-04-01,Delaware,New Castle County,52f2ab2ebcbc57f1066b8b46,Supermarkets,4d1786f08312236aef895eba,Food Lion Grocery Store,20
2020-04-01,Delaware,New Castle County,52f2ab2ebcbc57f1066b8b46,Supermarkets,5646d282498e488e5eaf56c8,ACME Markets,21
2020-04-01,Delaware,New Castle County,52f2ab2ebcbc57f1066b8b46,Supermarkets,56508271498e59806d6606aa,ACME Markets,22
2020-04-01,Delaware,New Castle County,52f2ab2ebcbc57f1066b8b46,Supermarkets,4b5cb696f964a520fc3f29e3,ACME Markets,23
2020-04-01,Delaware,Sussex County,4bf58dd8d48988d112951735,Hardware Stores,4bc9dbe03740b71322615f65,Lowe's,1
2020-04-01,Delaware,Sussex County,4bf58dd8d48988d112951735,Hardware Stores,4c5584bf728920a1520f8d84,The Home Depot,2
2020-04-01,Delaware,Sussex County,4bf58dd8d48988d112951735,Hardware Stores,4b60b114f964a5204df429e3,Lowe's,3
2020-04-01,Delaware,Sussex County,4bf58dd8d48988d112951735,Hardware Stores,4bcf0e6cc564ef3b4e29eff0,Lowe's,4
2020-04-01,Delaware,Kent County,4bf58dd8d48988d172941735,Post Offices,4e0de7a762843e04afa5a6e6,US Post Office,1
2020-04-01,Delaware,Kent County,4bf58dd8d48988d172941735,Post Offices,4d8b9ff6571d548185142d2a,US Post Office,2
2020-04-01,Delaware,Kent County,4bf58dd8d48988d172941735,Post Offices,4e986a5a9a52e2664323291a,U.S. Post Office,3
2020-04-01,Delaware,Sussex County,50327c8591d4c4b30a586d5d,Breweries,5022a4b8e4b0c3bc4b01c5ed,3rd Wave Brewing Company,1
2020-04-01,Delaware,Kent County,4bf58dd8d48988d144941735,Caribbean Restaurants,4fb1a64ce4b0c76a7a7fc89c,Caribbean Cusine,1
2020-04-01,Delaware,New Castle County,4bf58dd8d48988d1ae941735,Universities,4b5bd0f6f964a520d11729e3,University of Delaware,1
2020-04-01,Delaware,Sussex County,52e816a6bcbc57f1066b7a54,Warehouse Stores,4c48ddaf9e3e2d7fdfbbfc47,BJ's Wholesale Club,1
2020-04-01,Delaware,New Castle County,52f2ab2ebcbc57f1066b8b4d,Toll Booths,4e70c63562e14d9f13b2b98d,Delaware Memorial Bridge Toll Plaza,1
2020-04-01,Delaware,Kent County,4e52d2d203646f7c19daa8ae,Animal Shelters,4d77a0cb396f3704bf3cab38,Kent County SPCA,1
2020-04-01,Delaware,Kent County,4bf58dd8d48988d112951735,Hardware Stores,4b7c5ec5f964a5204e8f2fe3,Lowe's,1
2020-04-01,Delaware,Kent County,4bf58dd8d48988d112951735,Hardware Stores,4b855191f964a520655631e3,Lowe's,2
2020-04-01,Delaware,Kent County,4bf58dd8d48988d112951735,Hardware Stores,4c58b6a1d3aee21e7b9c6655,The Home Depot,3
2020-04-01,Delaware,Kent County,4bf58dd8d48988d112951735,Hardware Stores,4b894c65f964a5208f2932e3,Harbor Freight Tools,4
2020-04-01,Delaware,Kent County,4bf58dd8d48988d112951735,Hardware Stores,4d3ee799978476ebfdf057fc,Rommel's Ace Home Center,5
2020-04-01,Delaware,New Castle County,4bf58dd8d48988d1ca941735,Pizza Places,4e05d9c8b61c60b0453a84a0,Pete's Pizza,1
2020-04-01,Delaware,Sussex County,4bf58dd8d48988d15f941735,Fields,4f5ab6e8e4b02628c06f16e7,The Middle Of HoeWhere,1
2020-04-01,Delaware,New Castle County,5bae9231bedf3950379f89d0,State / Provincial Parks,4b96c78cf964a520f9e334e3,Bellevue State Park,1
2020-04-01,Delaware,New Castle County,5bae9231bedf3950379f89d0,State / Provincial Parks,4bbbb2e1e436ef3b36b05564,Paper Mill State Park,2
2020-04-01,Delaware,Sussex County,4f2a210c4b9023bd5841ed28,Housing Developments,4e4bf56be4cde30b728a7bbb,Millville By The Sea,1
2020-04-01,Delaware,Sussex County,4f2a210c4b9023bd5841ed28,Housing Developments,4f8ee4dae4b018d8f6b38912,Retreat At Love Creek,2
2020-04-01,Delaware,Sussex County,4f2a210c4b9023bd5841ed28,Housing Developments,4d1e901c6e8c3704725fe89f,Hearthstone Manor,3
2020-04-01,Delaware,Kent County,4bf58dd8d48988d126941735,Government Buildings,4ba8e0fff964a52067f639e3,DelDOT: Division of Motor Vehicles,1
2020-04-01,Delaware,Kent County,4bf58dd8d48988d126941735,Government Buildings,4e4dc9d7cc3f9e658a78560a,Delaware Division of Motor Vehicles Dover Inspection Lanes,2
2020-04-01,Delaware,New Castle County,4bf58dd8d48988d13d941735,High Schools,4dcafd75d16478749f9943a4,Sarah Webb Pyle Academy of Learning Intensity,1
2020-04-01,Delaware,New Castle County,4deefb944765f83613cdba6e,Historic Sites,4f1084277bebcec5ace71544,Quaker Hill Historic District,1
2020-04-01,Delaware,New Castle County,52dea92d3cf9994f4e043dbb,Discount Stores,4e6a9eaea80929026818b7a6,Dollar Tree,1
2020-04-01,Delaware,New Castle County,52dea92d3cf9994f4e043dbb,Discount Stores,4c3cd50c7ea895215e5d2247,Dollar Tree,2
2020-04-01,Delaware,New Castle County,52dea92d3cf9994f4e043dbb,Discount Stores,4db4541e93a017099dd67bae,Dollar General,3
2020-04-01,Delaware,New Castle County,52dea92d3cf9994f4e043dbb,Discount Stores,59f884291987ec496a235772,Dollar Tree,4
2020-04-01,Delaware,New Castle County,52dea92d3cf9994f4e043dbb,Discount Stores,4bd27cd9caff9521fa0fd3f0,Dollar Tree,5
2020-04-01,Delaware,New Castle County,4bf58dd8d48988d14e941735,American Restaurants,4c56ba4e2308be9a2a72576c,Helen's Sausage House,1
2020-04-01,Delaware,New Castle County,4bf58dd8d48988d126951735,Video Stores,4e31c42f2fb6ede816e3430e,Redbox,1
2020-04-01,Delaware,New Castle County,4bf58dd8d48988d126951735,Video Stores,4e31c42f2fb6ede816e34314,Redbox,2
2020-04-01,Delaware,New Castle County,4bf58dd8d48988d1fd941735,Shopping Malls,4b80007ef964a520fa4930e3,Tri-State Mall,1
2020-04-01,Delaware,New Castle County,4bf58dd8d48988d1fd941735,Shopping Malls,4cb46e38c5e6a1cd6404f3f6,Prices Corner Shopping Center,2
2020-04-01,Delaware,New Castle County,4bf58dd8d48988d1fd941735,Shopping Malls,4af70142f964a520bd0422e3,Christiana Mall,3
2020-04-01,Delaware,New Castle County,4bf58dd8d48988d1fd941735,Shopping Malls,4b28416df964a520a59124e3,Concord Mall,4
2020-04-01,Delaware,Sussex County,4bf58dd8d48988d148941735,Donut Shops,4bd86b44f645c9b6b1dea7e0,Dunkin',1
2020-04-01,Delaware,Sussex County,4bf58dd8d48988d148941735,Donut Shops,4c327b3e452620a1eb38220f,Dunkin',2
2020-04-01,Delaware,Kent County,52e816a6bcbc57f1066b7a54,Warehouse Stores,4b71fc85f964a52079682de3,Sam's Club,1
2020-04-01,Delaware,New Castle County,4bf58dd8d48988d10a951735,Banks,4be990d762c0c9289bc9dfd4,Citizens Bank Supermarket Branch,1
2020-04-01,Delaware,New Castle County,4bf58dd8d48988d10a951735,Banks,5758258ecd10ac415310070c,Citizens Bank Supermarket Branch,2
2020-04-01,Delaware,New Castle County,4bf58dd8d48988d10a951735,Banks,5a2ad90e6cf01a75c813f2c5,PNC Bank,3
2020-04-01,Delaware,New Castle County,4bf58dd8d48988d10a951735,Banks,4bb0d88df964a52097623ce3,TD Bank,4
2020-04-01,Delaware,New Castle County,4bf58dd8d48988d10a951735,Banks,4c0541def56c2d7f29611f66,Citizens Bank,5
2020-04-01,Delaware,New Castle County,52e81612bcbc57f1066b7a34,Community Centers,4da899c36a2364c7a3589996,Latin American Community Center,1
2020-04-01,Delaware,New Castle County,58daa1558bbb0b01f18ec1b4,Kitchen Supply Stores,5491958e498ee346e186043e,Restaurant Depot,1
