2020-03-01,New York,Food,43.0,43.0,43.0,1
2020-03-01,New York,Shops & Services,33.0,31.0,33.0,2
2020-03-01,New York,Grocery,98.0,95.0,98.0,3
2020-03-01,New York,Nightlife Spots,51.0,53.0,51.0,4
2020-03-01,New York,Outdoors & Recreation,36.0,37.0,36.0,5
2020-03-01,New York,Arts & Entertainment,52.0,53.0,52.0,6
2020-03-01,New York,Convenience Store,100.0,99.0,100.0,7
2020-03-01,New York,Big Box Stores,110.0,105.0,110.0,8
2020-03-01,New York,Metro Stations,97.0,97.0,97.0,9
2020-03-01,New York,Gas Stations,101.0,96.0,101.0,10
2020-03-01,New York,Fast Food Restaurants,107.0,108.0,107.0,11
2020-03-01,New York,Airport,62.0,55.0,62.0,12
2020-03-01,New York,Fitness Center,64.0,64.0,64.0,13
2020-03-01,New York,Professional & Other Places,16.0,15.0,16.0,14
2020-03-01,New York,Drug Store,101.0,102.0,101.0,15
2020-03-01,New York,Medical,53.0,51.0,54.0,16
2020-03-01,New York,Travel & Transport,46.0,43.0,46.0,17
2020-03-01,New York,Residences,97.0,101.0,97.0,18
2020-03-01,New York,Hotel,81.0,75.0,81.0,19
2020-03-01,New York,School,61.0,56.0,61.0,20
2020-03-01,New York,Colleges & Universities,63.0,64.0,63.0,21
2020-03-01,New York,Hardware Stores,112.0,110.0,112.0,22
2020-03-01,New York,Bus,75.0,76.0,75.0,23
2020-03-01,New York,Sports,24.0,27.0,24.0,24
2020-03-01,New York,Discount Stores,105.0,107.0,105.0,25
2020-03-01,New York,Office,82.0,86.0,81.0,26
2020-03-01,New York,Government,57.0,61.0,57.0,27
2020-03-01,New York,Banks,105.0,105.0,105.0,28
2020-03-01,New York,Alcohol,100.0,94.0,100.0,29
2020-03-01,New York,Skiing,70.0,77.0,70.0,30
2020-03-01,New York,Beach,73.0,73.0,73.0,31
2020-03-01,New York,Spiritual Center,4.0,3.0,4.0,32
2020-03-01,New York,Light Rail Stations,105.0,"",105.0,33
2020-03-02,New York,Food,45.0,46.0,45.0,1
2020-03-02,New York,Shops & Services,34.0,33.0,34.0,2
2020-03-02,New York,Medical,58.0,58.0,58.0,3
2020-03-02,New York,Grocery,106.0,105.0,106.0,4
2020-03-02,New York,Outdoors & Recreation,38.0,40.0,38.0,5
2020-03-02,New York,School,67.0,63.0,67.0,6
2020-03-02,New York,Colleges & Universities,65.0,70.0,65.0,7
2020-03-02,New York,Metro Stations,104.0,102.0,104.0,8
2020-03-02,New York,Professional & Other Places,15.0,16.0,15.0,9
2020-03-02,New York,Nightlife Spots,53.0,55.0,53.0,10
2020-03-02,New York,Office,90.0,91.0,90.0,11
2020-03-02,New York,Convenience Store,105.0,106.0,104.0,12
2020-03-02,New York,Travel & Transport,24.0,29.0,24.0,13
2020-03-02,New York,Fitness Center,66.0,62.0,66.0,14
2020-03-02,New York,Gas Stations,105.0,100.0,105.0,15
2020-03-02,New York,Arts & Entertainment,54.0,56.0,54.0,16
2020-03-02,New York,Fast Food Restaurants,112.0,111.0,112.0,17
2020-03-02,New York,Airport,61.0,64.0,60.0,18
2020-03-02,New York,Drug Store,107.0,110.0,107.0,19
2020-03-02,New York,Residences,102.0,103.0,102.0,20
2020-03-02,New York,Government,72.0,72.0,72.0,21
2020-03-02,New York,Big Box Stores,108.0,106.0,108.0,22
2020-03-02,New York,Hotel,87.0,82.0,88.0,23
2020-03-02,New York,Bus,85.0,81.0,85.0,24
2020-03-02,New York,Banks,120.0,124.0,120.0,25
2020-03-02,New York,Hardware Stores,104.0,104.0,104.0,26
2020-03-02,New York,Sports,20.0,24.0,20.0,27
2020-03-02,New York,Discount Stores,106.0,103.0,106.0,28
2020-03-02,New York,Alcohol,101.0,97.0,101.0,29
2020-03-02,New York,Beach,84.0,92.0,83.0,30
2020-03-02,New York,Skiing,47.0,68.0,46.0,31
2020-03-02,New York,Spiritual Center,5.0,4.0,5.0,32
2020-03-02,New York,Light Rail Stations,117.0,"",119.0,33
2020-03-03,New York,Food,45.0,45.0,45.0,1
2020-03-03,New York,Shops & Services,35.0,34.0,35.0,2
2020-03-03,New York,Medical,54.0,53.0,54.0,3
2020-03-03,New York,Grocery,104.0,103.0,104.0,4
2020-03-03,New York,Outdoors & Recreation,37.0,41.0,37.0,5
2020-03-03,New York,Colleges & Universities,56.0,59.0,56.0,6
2020-03-03,New York,School,63.0,62.0,63.0,7
2020-03-03,New York,Metro Stations,98.0,94.0,98.0,8
2020-03-03,New York,Nightlife Spots,56.0,58.0,56.0,9
2020-03-03,New York,Professional & Other Places,14.0,15.0,14.0,10
2020-03-03,New York,Office,80.0,81.0,80.0,11
2020-03-03,New York,Fitness Center,65.0,61.0,65.0,12
2020-03-03,New York,Convenience Store,99.0,96.0,99.0,13
2020-03-03,New York,Travel & Transport,28.0,33.0,28.0,14
2020-03-03,New York,Arts & Entertainment,63.0,63.0,63.0,15
2020-03-03,New York,Gas Stations,102.0,99.0,102.0,16
2020-03-03,New York,Drug Store,110.0,107.0,110.0,17
2020-03-03,New York,Fast Food Restaurants,105.0,104.0,105.0,18
2020-03-03,New York,Airport,57.0,54.0,57.0,19
2020-03-03,New York,Residences,101.0,105.0,101.0,20
2020-03-03,New York,Government,67.0,67.0,67.0,21
2020-03-03,New York,Big Box Stores,110.0,106.0,110.0,22
2020-03-03,New York,Hotel,84.0,79.0,84.0,23
2020-03-03,New York,Bus,81.0,78.0,81.0,24
2020-03-03,New York,Banks,118.0,121.0,118.0,25
2020-03-03,New York,Hardware Stores,104.0,107.0,104.0,26
2020-03-03,New York,Discount Stores,106.0,105.0,107.0,27
2020-03-03,New York,Sports,18.0,24.0,18.0,28
2020-03-03,New York,Alcohol,108.0,102.0,108.0,29
2020-03-03,New York,Beach,96.0,105.0,96.0,30
2020-03-03,New York,Skiing,56.0,68.0,55.0,31
2020-03-03,New York,Spiritual Center,5.0,5.0,5.0,32
2020-03-03,New York,Light Rail Stations,112.0,"",112.0,33
2020-03-04,New York,Food,44.0,44.0,44.0,1
2020-03-04,New York,Shops & Services,32.0,30.0,32.0,2
2020-03-04,New York,Medical,53.0,52.0,53.0,3
2020-03-04,New York,Grocery,99.0,96.0,100.0,4
2020-03-04,New York,Outdoors & Recreation,38.0,39.0,38.0,5
2020-03-04,New York,School,63.0,62.0,63.0,6
2020-03-04,New York,Colleges & Universities,59.0,61.0,59.0,7
2020-03-04,New York,Metro Stations,95.0,91.0,95.0,8
2020-03-04,New York,Nightlife Spots,56.0,56.0,56.0,9
2020-03-04,New York,Professional & Other Places,14.0,14.0,14.0,10
2020-03-04,New York,Office,77.0,81.0,77.0,11
2020-03-04,New York,Fitness Center,63.0,62.0,63.0,12
2020-03-04,New York,Convenience Store,97.0,90.0,97.0,13
2020-03-04,New York,Arts & Entertainment,52.0,55.0,52.0,14
2020-03-04,New York,Travel & Transport,25.0,30.0,25.0,15
2020-03-04,New York,Gas Stations,99.0,94.0,99.0,16
2020-03-04,New York,Fast Food Restaurants,99.0,95.0,100.0,17
2020-03-04,New York,Drug Store,102.0,99.0,102.0,18
2020-03-04,New York,Residences,99.0,100.0,99.0,19
2020-03-04,New York,Airport,54.0,54.0,54.0,20
2020-03-04,New York,Government,64.0,60.0,64.0,21
2020-03-04,New York,Hotel,84.0,80.0,84.0,22
2020-03-04,New York,Big Box Stores,100.0,91.0,100.0,23
2020-03-04,New York,Bus,81.0,80.0,81.0,24
2020-03-04,New York,Banks,108.0,113.0,108.0,25
2020-03-04,New York,Hardware Stores,101.0,95.0,101.0,26
2020-03-04,New York,Discount Stores,101.0,98.0,101.0,27
2020-03-04,New York,Sports,19.0,24.0,19.0,28
2020-03-04,New York,Alcohol,98.0,91.0,98.0,29
2020-03-04,New York,Beach,92.0,83.0,93.0,30
2020-03-04,New York,Spiritual Center,5.0,5.0,5.0,31
2020-03-04,New York,Skiing,46.0,51.0,46.0,32
2020-03-04,New York,Light Rail Stations,104.0,"",104.0,33
2020-03-05,New York,Food,46.0,48.0,46.0,1
2020-03-05,New York,Shops & Services,34.0,35.0,34.0,2
2020-03-05,New York,Medical,56.0,56.0,56.0,3
2020-03-05,New York,Grocery,107.0,107.0,107.0,4
2020-03-05,New York,Outdoors & Recreation,42.0,46.0,42.0,5
2020-03-05,New York,School,69.0,67.0,69.0,6
2020-03-05,New York,Colleges & Universities,57.0,59.0,57.0,7
2020-03-05,New York,Nightlife Spots,57.0,61.0,57.0,8
2020-03-05,New York,Metro Stations,98.0,102.0,98.0,9
2020-03-05,New York,Professional & Other Places,15.0,16.0,15.0,10
2020-03-05,New York,Office,79.0,82.0,79.0,11
2020-03-05,New York,Convenience Store,101.0,99.0,101.0,12
2020-03-05,New York,Arts & Entertainment,55.0,59.0,55.0,13
2020-03-05,New York,Travel & Transport,26.0,33.0,26.0,14
2020-03-05,New York,Fitness Center,66.0,65.0,66.0,15
2020-03-05,New York,Gas Stations,104.0,101.0,104.0,16
2020-03-05,New York,Fast Food Restaurants,109.0,110.0,109.0,17
2020-03-05,New York,Drug Store,105.0,109.0,104.0,18
2020-03-05,New York,Airport,57.0,68.0,57.0,19
2020-03-05,New York,Residences,104.0,105.0,104.0,20
2020-03-05,New York,Government,68.0,68.0,68.0,21
2020-03-05,New York,Big Box Stores,107.0,116.0,107.0,22
2020-03-05,New York,Hotel,86.0,78.0,86.0,23
2020-03-05,New York,Bus,83.0,85.0,83.0,24
2020-03-05,New York,Banks,114.0,122.0,114.0,25
2020-03-05,New York,Hardware Stores,112.0,121.0,111.0,26
2020-03-05,New York,Discount Stores,108.0,116.0,108.0,27
2020-03-05,New York,Sports,21.0,27.0,20.0,28
2020-03-05,New York,Alcohol,103.0,107.0,103.0,29
2020-03-05,New York,Beach,114.0,125.0,113.0,30
2020-03-05,New York,Skiing,68.0,90.0,68.0,31
2020-03-05,New York,Spiritual Center,5.0,"",5.0,32
2020-03-05,New York,Light Rail Stations,98.0,"",98.0,33
2020-03-06,New York,Food,44.0,45.0,44.0,1
2020-03-06,New York,Shops & Services,31.0,30.0,31.0,2
2020-03-06,New York,Grocery,102.0,102.0,102.0,3
2020-03-06,New York,Medical,55.0,55.0,55.0,4
2020-03-06,New York,Outdoors & Recreation,36.0,38.0,36.0,5
2020-03-06,New York,Nightlife Spots,55.0,56.0,55.0,6
2020-03-06,New York,School,69.0,66.0,69.0,7
2020-03-06,New York,Metro Stations,99.0,96.0,99.0,8
2020-03-06,New York,Professional & Other Places,15.0,17.0,15.0,9
2020-03-06,New York,Colleges & Universities,59.0,63.0,59.0,10
2020-03-06,New York,Arts & Entertainment,55.0,57.0,55.0,11
2020-03-06,New York,Convenience Store,99.0,95.0,100.0,12
2020-03-06,New York,Gas Stations,100.0,98.0,100.0,13
2020-03-06,New York,Office,79.0,87.0,79.0,14
2020-03-06,New York,Travel & Transport,28.0,34.0,28.0,15
2020-03-06,New York,Fitness Center,65.0,64.0,65.0,16
2020-03-06,New York,Fast Food Restaurants,104.0,108.0,104.0,17
2020-03-06,New York,Drug Store,98.0,98.0,98.0,18
2020-03-06,New York,Airport,53.0,56.0,53.0,19
2020-03-06,New York,Residences,102.0,101.0,102.0,20
2020-03-06,New York,Big Box Stores,103.0,109.0,103.0,21
2020-03-06,New York,Hotel,86.0,82.0,86.0,22
2020-03-06,New York,Government,66.0,69.0,66.0,23
2020-03-06,New York,Bus,84.0,81.0,84.0,24
2020-03-06,New York,Banks,104.0,105.0,104.0,25
2020-03-06,New York,Hardware Stores,109.0,112.0,109.0,26
2020-03-06,New York,Discount Stores,102.0,111.0,102.0,27
2020-03-06,New York,Sports,21.0,26.0,21.0,28
2020-03-06,New York,Alcohol,98.0,101.0,98.0,29
2020-03-06,New York,Beach,95.0,89.0,96.0,30
2020-03-06,New York,Skiing,55.0,58.0,55.0,31
2020-03-06,New York,Spiritual Center,5.0,6.0,5.0,32
2020-03-06,New York,Light Rail Stations,108.0,"",109.0,33
2020-03-07,New York,Food,44.0,44.0,44.0,1
2020-03-07,New York,Shops & Services,33.0,30.0,33.0,2
2020-03-07,New York,Grocery,101.0,98.0,101.0,3
2020-03-07,New York,Nightlife Spots,55.0,55.0,55.0,4
2020-03-07,New York,Outdoors & Recreation,39.0,40.0,39.0,5
2020-03-07,New York,Arts & Entertainment,66.0,63.0,66.0,6
2020-03-07,New York,Professional & Other Places,20.0,20.0,20.0,7
2020-03-07,New York,Metro Stations,100.0,95.0,100.0,8
2020-03-07,New York,Convenience Store,98.0,90.0,98.0,9
2020-03-07,New York,Fast Food Restaurants,102.0,101.0,102.0,10
2020-03-07,New York,Gas Stations,100.0,98.0,100.0,11
2020-03-07,New York,Big Box Stores,104.0,99.0,104.0,12
2020-03-07,New York,Fitness Center,64.0,61.0,64.0,13
2020-03-07,New York,Medical,54.0,52.0,54.0,14
2020-03-07,New York,Drug Store,104.0,105.0,104.0,15
2020-03-07,New York,School,63.0,64.0,63.0,16
2020-03-07,New York,Travel & Transport,80.0,72.0,80.0,17
2020-03-07,New York,Hotel,84.0,80.0,84.0,18
2020-03-07,New York,Colleges & Universities,62.0,66.0,62.0,19
2020-03-07,New York,Airport,57.0,52.0,57.0,20
2020-03-07,New York,Residences,97.0,94.0,97.0,21
2020-03-07,New York,Hardware Stores,110.0,107.0,110.0,22
2020-03-07,New York,Bus,81.0,80.0,81.0,23
2020-03-07,New York,Office,81.0,86.0,81.0,24
2020-03-07,New York,Discount Stores,109.0,107.0,109.0,25
2020-03-07,New York,Banks,85.0,86.0,85.0,26
2020-03-07,New York,Government,63.0,60.0,63.0,27
2020-03-07,New York,Sports,23.0,25.0,23.0,28
2020-03-07,New York,Alcohol,99.0,111.0,99.0,29
2020-03-07,New York,Skiing,51.0,61.0,51.0,30
2020-03-07,New York,Beach,104.0,93.0,104.0,31
2020-03-07,New York,Spiritual Center,4.0,"",4.0,32
2020-03-07,New York,Light Rail Stations,115.0,"",114.0,33
2020-03-08,New York,Food,47.0,45.0,47.0,1
2020-03-08,New York,Shops & Services,34.0,32.0,34.0,2
2020-03-08,New York,Grocery,102.0,101.0,102.0,3
2020-03-08,New York,Outdoors & Recreation,47.0,47.0,47.0,4
2020-03-08,New York,Nightlife Spots,54.0,57.0,54.0,5
2020-03-08,New York,Arts & Entertainment,55.0,55.0,55.0,6
2020-03-08,New York,Convenience Store,107.0,102.0,107.0,7
2020-03-08,New York,Metro Stations,102.0,100.0,102.0,8
2020-03-08,New York,Gas Stations,108.0,101.0,108.0,9
2020-03-08,New York,Fast Food Restaurants,112.0,111.0,112.0,10
2020-03-08,New York,Big Box Stores,105.0,100.0,106.0,11
2020-03-08,New York,Professional & Other Places,18.0,17.0,18.0,12
2020-03-08,New York,Drug Store,107.0,99.0,108.0,13
2020-03-08,New York,Travel & Transport,30.0,34.0,30.0,14
2020-03-08,New York,Medical,57.0,51.0,57.0,15
2020-03-08,New York,Residences,103.0,101.0,103.0,16
2020-03-08,New York,Airport,59.0,44.0,59.0,17
2020-03-08,New York,Fitness Center,62.0,56.0,62.0,18
2020-03-08,New York,School,68.0,63.0,68.0,19
2020-03-08,New York,Hotel,84.0,78.0,84.0,20
2020-03-08,New York,Colleges & Universities,56.0,58.0,56.0,21
2020-03-08,New York,Hardware Stores,118.0,108.0,118.0,22
2020-03-08,New York,Sports,29.0,35.0,28.0,23
2020-03-08,New York,Bus,84.0,81.0,84.0,24
2020-03-08,New York,Discount Stores,112.0,116.0,112.0,25
2020-03-08,New York,Government,64.0,64.0,64.0,26
2020-03-08,New York,Office,82.0,85.0,82.0,27
2020-03-08,New York,Banks,85.0,85.0,85.0,28
2020-03-08,New York,Alcohol,101.0,94.0,102.0,29
2020-03-08,New York,Beach,109.0,104.0,109.0,30
2020-03-08,New York,Skiing,42.0,51.0,42.0,31
2020-03-08,New York,Spiritual Center,3.0,3.0,3.0,32
2020-03-08,New York,Light Rail Stations,102.0,"",103.0,33
2020-03-09,New York,Food,46.0,45.0,46.0,1
2020-03-09,New York,Shops & Services,32.0,30.0,32.0,2
2020-03-09,New York,Outdoors & Recreation,46.0,45.0,46.0,3
2020-03-09,New York,Grocery,108.0,105.0,109.0,4
2020-03-09,New York,Medical,57.0,56.0,57.0,5
2020-03-09,New York,School,70.0,64.0,70.0,6
2020-03-09,New York,Colleges & Universities,57.0,61.0,57.0,7
2020-03-09,New York,Metro Stations,102.0,98.0,102.0,8
2020-03-09,New York,Nightlife Spots,58.0,58.0,58.0,9
2020-03-09,New York,Professional & Other Places,16.0,16.0,16.0,10
2020-03-09,New York,Office,85.0,88.0,85.0,11
2020-03-09,New York,Convenience Store,104.0,102.0,104.0,12
2020-03-09,New York,Fitness Center,66.0,60.0,66.0,13
2020-03-09,New York,Travel & Transport,27.0,33.0,27.0,14
2020-03-09,New York,Arts & Entertainment,56.0,61.0,56.0,15
2020-03-09,New York,Gas Stations,105.0,99.0,105.0,16
2020-03-09,New York,Fast Food Restaurants,107.0,100.0,107.0,17
2020-03-09,New York,Drug Store,108.0,106.0,108.0,18
2020-03-09,New York,Residences,105.0,110.0,105.0,19
2020-03-09,New York,Airport,52.0,45.0,52.0,20
2020-03-09,New York,Government,74.0,69.0,74.0,21
2020-03-09,New York,Big Box Stores,104.0,99.0,105.0,22
2020-03-09,New York,Bus,87.0,86.0,87.0,23
2020-03-09,New York,Hotel,83.0,77.0,83.0,24
2020-03-09,New York,Banks,116.0,111.0,117.0,25
2020-03-09,New York,Hardware Stores,108.0,102.0,109.0,26
2020-03-09,New York,Sports,24.0,28.0,23.0,27
2020-03-09,New York,Discount Stores,112.0,102.0,113.0,28
2020-03-09,New York,Alcohol,111.0,98.0,111.0,29
2020-03-09,New York,Beach,123.0,121.0,123.0,30
2020-03-09,New York,Skiing,43.0,52.0,43.0,31
2020-03-09,New York,Spiritual Center,6.0,5.0,6.0,32
2020-03-09,New York,Light Rail Stations,106.0,"",106.0,33
2020-03-10,New York,Food,43.0,42.0,43.0,1
2020-03-10,New York,Shops & Services,33.0,30.0,33.0,2
2020-03-10,New York,Grocery,105.0,99.0,106.0,3
2020-03-10,New York,Medical,52.0,50.0,52.0,4
2020-03-10,New York,Outdoors & Recreation,38.0,39.0,38.0,5
2020-03-10,New York,School,64.0,60.0,64.0,6
2020-03-10,New York,Colleges & Universities,48.0,53.0,48.0,7
2020-03-10,New York,Metro Stations,90.0,86.0,90.0,8
2020-03-10,New York,Nightlife Spots,53.0,51.0,53.0,9
2020-03-10,New York,Professional & Other Places,13.0,14.0,13.0,10
2020-03-10,New York,Office,70.0,74.0,70.0,11
2020-03-10,New York,Fitness Center,61.0,57.0,61.0,12
2020-03-10,New York,Convenience Store,97.0,88.0,97.0,13
2020-03-10,New York,Arts & Entertainment,48.0,53.0,48.0,14
2020-03-10,New York,Travel & Transport,24.0,28.0,24.0,15
2020-03-10,New York,Gas Stations,97.0,89.0,97.0,16
2020-03-10,New York,Drug Store,106.0,100.0,106.0,17
2020-03-10,New York,Fast Food Restaurants,101.0,93.0,101.0,18
2020-03-10,New York,Residences,100.0,92.0,101.0,19
2020-03-10,New York,Government,62.0,60.0,62.0,20
2020-03-10,New York,Airport,49.0,46.0,49.0,21
2020-03-10,New York,Big Box Stores,102.0,97.0,103.0,22
2020-03-10,New York,Bus,78.0,75.0,78.0,23
2020-03-10,New York,Hotel,76.0,71.0,77.0,24
2020-03-10,New York,Banks,100.0,93.0,100.0,25
2020-03-10,New York,Hardware Stores,103.0,103.0,103.0,26
2020-03-10,New York,Discount Stores,106.0,100.0,106.0,27
2020-03-10,New York,Sports,19.0,24.0,19.0,28
2020-03-10,New York,Alcohol,103.0,90.0,104.0,29
2020-03-10,New York,Beach,107.0,111.0,107.0,30
2020-03-10,New York,Spiritual Center,6.0,5.0,6.0,31
2020-03-10,New York,Skiing,32.0,"",32.0,32
2020-03-10,New York,Light Rail Stations,99.0,"",100.0,33
2020-03-11,New York,Food,42.0,41.0,42.0,1
2020-03-11,New York,Shops & Services,32.0,29.0,32.0,2
2020-03-11,New York,Grocery,105.0,98.0,105.0,3
2020-03-11,New York,Medical,51.0,50.0,51.0,4
2020-03-11,New York,Outdoors & Recreation,37.0,38.0,37.0,5
2020-03-11,New York,School,61.0,56.0,61.0,6
2020-03-11,New York,Metro Stations,86.0,85.0,86.0,7
2020-03-11,New York,Nightlife Spots,52.0,52.0,52.0,8
2020-03-11,New York,Colleges & Universities,47.0,47.0,47.0,9
2020-03-11,New York,Professional & Other Places,13.0,14.0,13.0,10
2020-03-11,New York,Convenience Store,96.0,90.0,96.0,11
2020-03-11,New York,Office,66.0,70.0,66.0,12
2020-03-11,New York,Fitness Center,58.0,55.0,58.0,13
2020-03-11,New York,Arts & Entertainment,60.0,60.0,60.0,14
2020-03-11,New York,Gas Stations,97.0,88.0,98.0,15
2020-03-11,New York,Travel & Transport,27.0,30.0,27.0,16
2020-03-11,New York,Drug Store,101.0,97.0,101.0,17
2020-03-11,New York,Fast Food Restaurants,96.0,92.0,97.0,18
2020-03-11,New York,Residences,97.0,89.0,98.0,19
2020-03-11,New York,Government,63.0,59.0,63.0,20
2020-03-11,New York,Airport,50.0,47.0,50.0,21
2020-03-11,New York,Big Box Stores,102.0,99.0,103.0,22
2020-03-11,New York,Hotel,72.0,70.0,73.0,23
2020-03-11,New York,Bus,75.0,72.0,75.0,24
2020-03-11,New York,Banks,97.0,95.0,97.0,25
2020-03-11,New York,Hardware Stores,102.0,99.0,102.0,26
2020-03-11,New York,Discount Stores,105.0,106.0,105.0,27
2020-03-11,New York,Sports,19.0,25.0,19.0,28
2020-03-11,New York,Alcohol,100.0,88.0,100.0,29
2020-03-11,New York,Beach,102.0,91.0,102.0,30
2020-03-11,New York,Spiritual Center,4.0,4.0,4.0,31
2020-03-11,New York,Skiing,43.0,51.0,42.0,32
2020-03-11,New York,Light Rail Stations,92.0,"",92.0,33
2020-03-12,New York,Food,40.0,42.0,40.0,1
2020-03-12,New York,Shops & Services,31.0,31.0,31.0,2
2020-03-12,New York,Grocery,130.0,127.0,130.0,3
2020-03-12,New York,Medical,49.0,46.0,49.0,4
2020-03-12,New York,Outdoors & Recreation,36.0,39.0,36.0,5
2020-03-12,New York,School,58.0,56.0,58.0,6
2020-03-12,New York,Nightlife Spots,48.0,50.0,48.0,7
2020-03-12,New York,Metro Stations,80.0,79.0,80.0,8
2020-03-12,New York,Professional & Other Places,13.0,13.0,13.0,9
2020-03-12,New York,Convenience Store,95.0,89.0,96.0,10
2020-03-12,New York,Colleges & Universities,38.0,42.0,38.0,11
2020-03-12,New York,Gas Stations,99.0,98.0,99.0,12
2020-03-12,New York,Drug Store,112.0,111.0,112.0,13
2020-03-12,New York,Office,61.0,67.0,61.0,14
2020-03-12,New York,Arts & Entertainment,44.0,49.0,44.0,15
2020-03-12,New York,Fitness Center,53.0,53.0,53.0,16
2020-03-12,New York,Travel & Transport,36.0,39.0,36.0,17
2020-03-12,New York,Fast Food Restaurants,96.0,94.0,96.0,18
2020-03-12,New York,Big Box Stores,117.0,121.0,117.0,19
2020-03-12,New York,Residences,90.0,84.0,90.0,20
2020-03-12,New York,Airport,47.0,50.0,46.0,21
2020-03-12,New York,Government,58.0,59.0,58.0,22
2020-03-12,New York,Hotel,68.0,67.0,68.0,23
2020-03-12,New York,Bus,70.0,68.0,70.0,24
2020-03-12,New York,Banks,99.0,108.0,99.0,25
2020-03-12,New York,Hardware Stores,111.0,117.0,111.0,26
2020-03-12,New York,Discount Stores,115.0,118.0,115.0,27
2020-03-12,New York,Sports,19.0,25.0,19.0,28
2020-03-12,New York,Alcohol,107.0,107.0,107.0,29
2020-03-12,New York,Beach,95.0,100.0,94.0,30
2020-03-12,New York,Spiritual Center,4.0,4.0,4.0,31
2020-03-12,New York,Skiing,45.0,63.0,44.0,32
2020-03-12,New York,Light Rail Stations,99.0,"",99.0,33
2020-03-13,New York,Food,39.0,39.0,39.0,1
2020-03-13,New York,Shops & Services,31.0,29.0,31.0,2
2020-03-13,New York,Grocery,149.0,137.0,149.0,3
2020-03-13,New York,Outdoors & Recreation,38.0,38.0,38.0,4
2020-03-13,New York,Medical,51.0,48.0,51.0,5
2020-03-13,New York,Nightlife Spots,48.0,50.0,48.0,6
2020-03-13,New York,School,55.0,51.0,55.0,7
2020-03-13,New York,Professional & Other Places,14.0,14.0,14.0,8
2020-03-13,New York,Convenience Store,97.0,92.0,97.0,9
2020-03-13,New York,Metro Stations,72.0,72.0,72.0,10
2020-03-13,New York,Gas Stations,100.0,94.0,100.0,11
2020-03-13,New York,Drug Store,116.0,115.0,116.0,12
2020-03-13,New York,Fast Food Restaurants,97.0,93.0,97.0,13
2020-03-13,New York,Big Box Stores,132.0,122.0,133.0,14
2020-03-13,New York,Arts & Entertainment,50.0,49.0,50.0,15
2020-03-13,New York,Colleges & Universities,41.0,47.0,41.0,16
2020-03-13,New York,Travel & Transport,33.0,33.0,33.0,17
2020-03-13,New York,Office,60.0,64.0,60.0,18
2020-03-13,New York,Fitness Center,51.0,47.0,51.0,19
2020-03-13,New York,Residences,97.0,89.0,97.0,20
2020-03-13,New York,Airport,43.0,34.0,43.0,21
2020-03-13,New York,Government,60.0,59.0,60.0,22
2020-03-13,New York,Banks,102.0,101.0,102.0,23
2020-03-13,New York,Bus,71.0,71.0,71.0,24
2020-03-13,New York,Hotel,63.0,57.0,63.0,25
2020-03-13,New York,Hardware Stores,123.0,112.0,124.0,26
2020-03-13,New York,Discount Stores,133.0,129.0,134.0,27
2020-03-13,New York,Alcohol,117.0,116.0,117.0,28
2020-03-13,New York,Sports,19.0,23.0,19.0,29
2020-03-13,New York,Beach,112.0,91.0,113.0,30
2020-03-13,New York,Skiing,28.0,29.0,28.0,31
2020-03-13,New York,Spiritual Center,4.0,"",4.0,32
2020-03-13,New York,Light Rail Stations,107.0,"",106.0,33
2020-03-14,New York,Food,34.0,33.0,34.0,1
2020-03-14,New York,Shops & Services,27.0,25.0,27.0,2
2020-03-14,New York,Grocery,126.0,117.0,127.0,3
2020-03-14,New York,Outdoors & Recreation,40.0,39.0,40.0,4
2020-03-14,New York,Nightlife Spots,42.0,40.0,42.0,5
2020-03-14,New York,Big Box Stores,104.0,95.0,104.0,6
2020-03-14,New York,Drug Store,111.0,108.0,111.0,7
2020-03-14,New York,Convenience Store,89.0,82.0,89.0,8
2020-03-14,New York,Gas Stations,93.0,94.0,93.0,9
2020-03-14,New York,Professional & Other Places,16.0,15.0,16.0,10
2020-03-14,New York,Fast Food Restaurants,87.0,81.0,87.0,11
2020-03-14,New York,Arts & Entertainment,35.0,34.0,35.0,12
2020-03-14,New York,Medical,46.0,41.0,46.0,13
2020-03-14,New York,Metro Stations,68.0,63.0,68.0,14
2020-03-14,New York,Fitness Center,46.0,43.0,46.0,15
2020-03-14,New York,Residences,89.0,85.0,89.0,16
2020-03-14,New York,School,45.0,43.0,45.0,17
2020-03-14,New York,Hardware Stores,118.0,110.0,118.0,18
2020-03-14,New York,Travel & Transport,22.0,23.0,22.0,19
2020-03-14,New York,Airport,42.0,31.0,42.0,20
2020-03-14,New York,Hotel,52.0,46.0,52.0,21
2020-03-14,New York,Discount Stores,122.0,120.0,122.0,22
2020-03-14,New York,Colleges & Universities,32.0,36.0,32.0,23
2020-03-14,New York,Bus,64.0,61.0,65.0,24
2020-03-14,New York,Banks,77.0,76.0,77.0,25
2020-03-14,New York,Government,58.0,57.0,58.0,26
2020-03-14,New York,Office,62.0,60.0,62.0,27
2020-03-14,New York,Alcohol,107.0,96.0,108.0,28
2020-03-14,New York,Sports,19.0,23.0,19.0,29
2020-03-14,New York,Beach,139.0,131.0,140.0,30
2020-03-14,New York,Skiing,25.0,27.0,25.0,31
2020-03-14,New York,Spiritual Center,3.0,"",3.0,32
2020-03-14,New York,Light Rail Stations,104.0,"",104.0,33
2020-03-15,New York,Food,30.0,29.0,30.0,1
2020-03-15,New York,Shops & Services,23.0,20.0,23.0,2
2020-03-15,New York,Grocery,105.0,102.0,105.0,3
2020-03-15,New York,Outdoors & Recreation,37.0,38.0,37.0,4
2020-03-15,New York,Nightlife Spots,34.0,36.0,34.0,5
2020-03-15,New York,Convenience Store,89.0,85.0,89.0,6
2020-03-15,New York,Drug Store,106.0,104.0,106.0,7
2020-03-15,New York,Big Box Stores,94.0,85.0,94.0,8
2020-03-15,New York,Gas Stations,88.0,83.0,88.0,9
2020-03-15,New York,Arts & Entertainment,33.0,31.0,33.0,10
2020-03-15,New York,Fast Food Restaurants,81.0,74.0,82.0,11
2020-03-15,New York,Professional & Other Places,12.0,11.0,12.0,12
2020-03-15,New York,Residences,78.0,69.0,78.0,13
2020-03-15,New York,Medical,43.0,34.0,43.0,14
2020-03-15,New York,Metro Stations,61.0,57.0,61.0,15
2020-03-15,New York,School,49.0,45.0,49.0,16
2020-03-15,New York,Airport,40.0,35.0,40.0,17
2020-03-15,New York,Fitness Center,41.0,37.0,42.0,18
2020-03-15,New York,Travel & Transport,20.0,21.0,20.0,19
2020-03-15,New York,Hardware Stores,117.0,101.0,118.0,20
2020-03-15,New York,Discount Stores,114.0,110.0,114.0,21
2020-03-15,New York,Hotel,43.0,41.0,43.0,22
2020-03-15,New York,Colleges & Universities,31.0,34.0,31.0,23
2020-03-15,New York,Bus,58.0,53.0,58.0,24
2020-03-15,New York,Government,49.0,45.0,49.0,25
2020-03-15,New York,Sports,19.0,24.0,19.0,26
2020-03-15,New York,Office,58.0,57.0,58.0,27
2020-03-15,New York,Banks,75.0,73.0,75.0,28
2020-03-15,New York,Alcohol,88.0,85.0,88.0,29
2020-03-15,New York,Beach,116.0,116.0,116.0,30
2020-03-15,New York,Skiing,24.0,26.0,24.0,31
2020-03-15,New York,Spiritual Center,2.0,"",2.0,32
2020-03-16,New York,Food,32.0,32.0,32.0,1
2020-03-16,New York,Shops & Services,27.0,25.0,27.0,2
2020-03-16,New York,Grocery,142.0,134.0,143.0,3
2020-03-16,New York,Medical,43.0,38.0,43.0,4
2020-03-16,New York,Outdoors & Recreation,30.0,31.0,30.0,5
2020-03-16,New York,Professional & Other Places,12.0,12.0,12.0,6
2020-03-16,New York,Nightlife Spots,43.0,44.0,43.0,7
2020-03-16,New York,Convenience Store,89.0,82.0,90.0,8
2020-03-16,New York,Drug Store,118.0,113.0,118.0,9
2020-03-16,New York,Gas Stations,97.0,91.0,98.0,10
2020-03-16,New York,Metro Stations,58.0,59.0,58.0,11
2020-03-16,New York,School,33.0,34.0,33.0,12
2020-03-16,New York,Big Box Stores,118.0,99.0,119.0,13
2020-03-16,New York,Fast Food Restaurants,86.0,79.0,86.0,14
2020-03-16,New York,Office,51.0,56.0,51.0,15
2020-03-16,New York,Travel & Transport,27.0,30.0,27.0,16
2020-03-16,New York,Residences,83.0,75.0,83.0,17
2020-03-16,New York,Arts & Entertainment,40.0,40.0,40.0,18
2020-03-16,New York,Fitness Center,37.0,32.0,38.0,19
2020-03-16,New York,Government,56.0,52.0,56.0,20
2020-03-16,New York,Colleges & Universities,22.0,32.0,22.0,21
2020-03-16,New York,Airport,35.0,28.0,36.0,22
2020-03-16,New York,Banks,108.0,107.0,108.0,23
2020-03-16,New York,Hardware Stores,113.0,100.0,114.0,24
2020-03-16,New York,Bus,58.0,56.0,58.0,25
2020-03-16,New York,Discount Stores,124.0,110.0,125.0,26
2020-03-16,New York,Hotel,49.0,49.0,49.0,27
2020-03-16,New York,Alcohol,128.0,114.0,129.0,28
2020-03-16,New York,Sports,16.0,19.0,16.0,29
2020-03-16,New York,Beach,78.0,75.0,78.0,30
2020-03-16,New York,Spiritual Center,4.0,"",4.0,31
2020-03-16,New York,Skiing,27.0,"",27.0,32
2020-03-16,New York,Light Rail Stations,88.0,"",88.0,33
2020-03-17,New York,Food,25.0,23.0,25.0,1
2020-03-17,New York,Shops & Services,22.0,19.0,22.0,2
2020-03-17,New York,Grocery,119.0,106.0,120.0,3
2020-03-17,New York,Outdoors & Recreation,29.0,29.0,29.0,4
2020-03-17,New York,Medical,34.0,30.0,34.0,5
2020-03-17,New York,Convenience Store,77.0,72.0,77.0,6
2020-03-17,New York,Professional & Other Places,9.0,9.0,9.0,7
2020-03-17,New York,Drug Store,99.0,92.0,99.0,8
2020-03-17,New York,Gas Stations,84.0,75.0,84.0,9
2020-03-17,New York,Nightlife Spots,31.0,33.0,31.0,10
2020-03-17,New York,Metro Stations,47.0,47.0,47.0,11
2020-03-17,New York,School,27.0,27.0,27.0,12
2020-03-17,New York,Big Box Stores,102.0,81.0,102.0,13
2020-03-17,New York,Fast Food Restaurants,71.0,61.0,71.0,14
2020-03-17,New York,Office,36.0,42.0,36.0,15
2020-03-17,New York,Residences,75.0,67.0,75.0,16
2020-03-17,New York,Travel & Transport,16.0,19.0,16.0,17
2020-03-17,New York,Colleges & Universities,18.0,25.0,17.0,18
2020-03-17,New York,Arts & Entertainment,31.0,34.0,31.0,19
2020-03-17,New York,Government,39.0,36.0,39.0,20
2020-03-17,New York,Airport,32.0,25.0,32.0,21
2020-03-17,New York,Hardware Stores,98.0,86.0,99.0,22
2020-03-17,New York,Bus,49.0,45.0,49.0,23
2020-03-17,New York,Fitness Center,21.0,21.0,21.0,24
2020-03-17,New York,Banks,73.0,63.0,73.0,25
2020-03-17,New York,Discount Stores,101.0,91.0,101.0,26
2020-03-17,New York,Hotel,39.0,41.0,39.0,27
2020-03-17,New York,Sports,13.0,17.0,13.0,28
2020-03-17,New York,Alcohol,108.0,86.0,110.0,29
2020-03-17,New York,Beach,104.0,108.0,104.0,30
2020-03-17,New York,Spiritual Center,3.0,"",3.0,31
2020-03-17,New York,Skiing,31.0,"",30.0,32
2020-03-17,New York,Light Rail Stations,83.0,"",82.0,33
2020-03-18,New York,Food,23.0,23.0,23.0,1
2020-03-18,New York,Shops & Services,21.0,19.0,21.0,2
2020-03-18,New York,Grocery,105.0,93.0,106.0,3
2020-03-18,New York,Outdoors & Recreation,32.0,32.0,32.0,4
2020-03-18,New York,Medical,32.0,27.0,32.0,5
2020-03-18,New York,Convenience Store,75.0,71.0,75.0,6
2020-03-18,New York,Professional & Other Places,9.0,9.0,9.0,7
2020-03-18,New York,Gas Stations,80.0,72.0,81.0,8
2020-03-18,New York,Drug Store,92.0,82.0,92.0,9
2020-03-18,New York,School,27.0,28.0,27.0,10
2020-03-18,New York,Nightlife Spots,26.0,30.0,26.0,11
2020-03-18,New York,Metro Stations,42.0,43.0,42.0,12
2020-03-18,New York,Fast Food Restaurants,67.0,57.0,67.0,13
2020-03-18,New York,Big Box Stores,89.0,71.0,90.0,14
2020-03-18,New York,Residences,73.0,63.0,73.0,15
2020-03-18,New York,Office,34.0,38.0,34.0,16
2020-03-18,New York,Travel & Transport,9.0,13.0,9.0,17
2020-03-18,New York,Arts & Entertainment,30.0,30.0,30.0,18
2020-03-18,New York,Colleges & Universities,18.0,24.0,18.0,19
2020-03-18,New York,Government,38.0,34.0,39.0,20
2020-03-18,New York,Hardware Stores,97.0,81.0,98.0,21
2020-03-18,New York,Airport,27.0,25.0,27.0,22
2020-03-18,New York,Fitness Center,21.0,20.0,21.0,23
2020-03-18,New York,Bus,47.0,43.0,47.0,24
2020-03-18,New York,Banks,72.0,68.0,73.0,25
2020-03-18,New York,Discount Stores,96.0,85.0,96.0,26
2020-03-18,New York,Hotel,34.0,40.0,34.0,27
2020-03-18,New York,Sports,15.0,21.0,15.0,28
2020-03-18,New York,Alcohol,92.0,77.0,93.0,29
2020-03-18,New York,Beach,135.0,117.0,136.0,30
2020-03-18,New York,Spiritual Center,3.0,"",3.0,31
2020-03-18,New York,Light Rail Stations,87.0,"",87.0,32
2020-03-18,New York,Skiing,25.0,"",24.0,33
2020-03-19,New York,Food,21.0,21.0,21.0,1
2020-03-19,New York,Shops & Services,20.0,19.0,20.0,2
2020-03-19,New York,Grocery,98.0,91.0,98.0,3
2020-03-19,New York,Outdoors & Recreation,28.0,30.0,28.0,4
2020-03-19,New York,Medical,30.0,25.0,30.0,5
2020-03-19,New York,Convenience Store,67.0,64.0,67.0,6
2020-03-19,New York,Professional & Other Places,8.0,8.0,8.0,7
2020-03-19,New York,Gas Stations,73.0,68.0,74.0,8
2020-03-19,New York,Drug Store,82.0,81.0,82.0,9
2020-03-19,New York,School,25.0,25.0,25.0,10
2020-03-19,New York,Nightlife Spots,25.0,31.0,25.0,11
2020-03-19,New York,Metro Stations,36.0,37.0,36.0,12
2020-03-19,New York,Fast Food Restaurants,61.0,58.0,62.0,13
2020-03-19,New York,Big Box Stores,84.0,76.0,84.0,14
2020-03-19,New York,Residences,67.0,58.0,68.0,15
2020-03-19,New York,Office,31.0,37.0,31.0,16
2020-03-19,New York,Travel & Transport,13.0,17.0,13.0,17
2020-03-19,New York,Colleges & Universities,16.0,23.0,16.0,18
2020-03-19,New York,Arts & Entertainment,26.0,29.0,26.0,19
2020-03-19,New York,Government,35.0,33.0,35.0,20
2020-03-19,New York,Hardware Stores,93.0,89.0,93.0,21
2020-03-19,New York,Airport,23.0,28.0,23.0,22
2020-03-19,New York,Banks,68.0,71.0,67.0,23
2020-03-19,New York,Fitness Center,19.0,20.0,19.0,24
2020-03-19,New York,Bus,40.0,37.0,40.0,25
2020-03-19,New York,Discount Stores,87.0,85.0,87.0,26
2020-03-19,New York,Hotel,33.0,36.0,32.0,27
2020-03-19,New York,Sports,14.0,18.0,13.0,28
2020-03-19,New York,Alcohol,82.0,79.0,82.0,29
2020-03-19,New York,Beach,108.0,93.0,109.0,30
2020-03-19,New York,Spiritual Center,2.0,"",2.0,31
2020-03-19,New York,Skiing,25.0,"",25.0,32
2020-03-19,New York,Light Rail Stations,73.0,"",74.0,33
2020-03-20,New York,Food,22.0,22.0,22.0,1
2020-03-20,New York,Shops & Services,19.0,17.0,19.0,2
2020-03-20,New York,Grocery,110.0,98.0,111.0,3
2020-03-20,New York,Outdoors & Recreation,32.0,33.0,32.0,4
2020-03-20,New York,Medical,31.0,26.0,32.0,5
2020-03-20,New York,Convenience Store,72.0,68.0,72.0,6
2020-03-20,New York,Gas Stations,76.0,72.0,77.0,7
2020-03-20,New York,Drug Store,88.0,85.0,88.0,8
2020-03-20,New York,Professional & Other Places,9.0,9.0,9.0,9
2020-03-20,New York,Nightlife Spots,23.0,28.0,23.0,10
2020-03-20,New York,Big Box Stores,96.0,76.0,97.0,11
2020-03-20,New York,Fast Food Restaurants,66.0,62.0,66.0,12
2020-03-20,New York,School,25.0,26.0,25.0,13
2020-03-20,New York,Metro Stations,36.0,35.0,36.0,14
2020-03-20,New York,Residences,71.0,60.0,71.0,15
2020-03-20,New York,Travel & Transport,14.0,18.0,14.0,16
2020-03-20,New York,Office,33.0,40.0,33.0,17
2020-03-20,New York,Arts & Entertainment,25.0,26.0,25.0,18
2020-03-20,New York,Hardware Stores,109.0,90.0,110.0,19
2020-03-20,New York,Banks,74.0,72.0,74.0,20
2020-03-20,New York,Colleges & Universities,21.0,28.0,21.0,21
2020-03-20,New York,Government,37.0,36.0,37.0,22
2020-03-20,New York,Fitness Center,21.0,21.0,21.0,23
2020-03-20,New York,Bus,43.0,42.0,43.0,24
2020-03-20,New York,Discount Stores,91.0,81.0,92.0,25
2020-03-20,New York,Airport,18.0,17.0,18.0,26
2020-03-20,New York,Alcohol,107.0,99.0,107.0,27
2020-03-20,New York,Hotel,30.0,38.0,30.0,28
2020-03-20,New York,Sports,15.0,19.0,15.0,29
2020-03-20,New York,Beach,138.0,130.0,138.0,30
2020-03-20,New York,Spiritual Center,3.0,"",3.0,31
2020-03-20,New York,Skiing,15.0,"",15.0,32
2020-03-20,New York,Light Rail Stations,82.0,"",82.0,33
2020-03-21,New York,Food,17.0,17.0,17.0,1
2020-03-21,New York,Shops & Services,14.0,13.0,14.0,2
2020-03-21,New York,Grocery,89.0,79.0,89.0,3
2020-03-21,New York,Outdoors & Recreation,31.0,33.0,31.0,4
2020-03-21,New York,Convenience Store,67.0,63.0,67.0,5
2020-03-21,New York,Gas Stations,70.0,74.0,69.0,6
2020-03-21,New York,Drug Store,79.0,76.0,79.0,7
2020-03-21,New York,Big Box Stores,71.0,60.0,71.0,8
2020-03-21,New York,Nightlife Spots,15.0,20.0,15.0,9
2020-03-21,New York,Fast Food Restaurants,56.0,53.0,56.0,10
2020-03-21,New York,Professional & Other Places,10.0,10.0,10.0,11
2020-03-21,New York,Medical,31.0,26.0,31.0,12
2020-03-21,New York,Hardware Stores,95.0,84.0,95.0,13
2020-03-21,New York,Residences,60.0,52.0,60.0,14
2020-03-21,New York,School,30.0,29.0,30.0,15
2020-03-21,New York,Arts & Entertainment,17.0,19.0,17.0,16
2020-03-21,New York,Metro Stations,36.0,37.0,36.0,17
2020-03-21,New York,Travel & Transport,29.0,30.0,29.0,18
2020-03-21,New York,Discount Stores,79.0,68.0,79.0,19
2020-03-21,New York,Banks,62.0,56.0,62.0,20
2020-03-21,New York,Fitness Center,17.0,17.0,17.0,21
2020-03-21,New York,Colleges & Universities,23.0,25.0,23.0,22
2020-03-21,New York,Bus,43.0,42.0,43.0,23
2020-03-21,New York,Airport,18.0,15.0,18.0,24
2020-03-21,New York,Government,39.0,37.0,39.0,25
2020-03-21,New York,Alcohol,76.0,76.0,76.0,26
2020-03-21,New York,Office,40.0,40.0,40.0,27
2020-03-21,New York,Hotel,22.0,27.0,21.0,28
2020-03-21,New York,Sports,13.0,19.0,13.0,28
2020-03-21,New York,Beach,155.0,150.0,155.0,29
2020-03-21,New York,Skiing,6.0,"",6.0,30
2020-03-21,New York,Spiritual Center,2.0,"",2.0,31
2020-03-22,New York,Food,13.0,14.0,13.0,1
2020-03-22,New York,Shops & Services,11.0,10.0,11.0,2
2020-03-22,New York,Grocery,66.0,65.0,66.0,3
2020-03-22,New York,Outdoors & Recreation,25.0,30.0,25.0,4
2020-03-22,New York,Convenience Store,58.0,58.0,58.0,5
2020-03-22,New York,Big Box Stores,63.0,57.0,63.0,6
2020-03-22,New York,Gas Stations,57.0,57.0,57.0,7
2020-03-22,New York,Drug Store,64.0,62.0,64.0,8
2020-03-22,New York,Nightlife Spots,12.0,18.0,12.0,9
2020-03-22,New York,Fast Food Restaurants,48.0,48.0,48.0,10
2020-03-22,New York,Medical,28.0,21.0,28.0,11
2020-03-22,New York,Residences,49.0,48.0,49.0,12
2020-03-22,New York,Professional & Other Places,7.0,7.0,7.0,13
2020-03-22,New York,Hardware Stores,85.0,71.0,86.0,14
2020-03-22,New York,School,31.0,29.0,31.0,15
2020-03-22,New York,Arts & Entertainment,15.0,18.0,14.0,16
2020-03-22,New York,Metro Stations,30.0,27.0,30.0,17
2020-03-22,New York,Travel & Transport,26.0,27.0,26.0,18
2020-03-22,New York,Discount Stores,66.0,61.0,66.0,19
2020-03-22,New York,Airport,16.0,16.0,16.0,20
2020-03-22,New York,Colleges & Universities,21.0,29.0,21.0,21
2020-03-22,New York,Government,32.0,29.0,32.0,22
2020-03-22,New York,Fitness Center,14.0,15.0,14.0,23
2020-03-22,New York,Sports,12.0,18.0,12.0,24
2020-03-22,New York,Bus,33.0,33.0,33.0,25
2020-03-22,New York,Hotel,18.0,23.0,18.0,26
2020-03-22,New York,Banks,51.0,50.0,51.0,27
2020-03-22,New York,Office,34.0,34.0,34.0,28
2020-03-22,New York,Alcohol,56.0,58.0,56.0,29
2020-03-22,New York,Beach,79.0,94.0,78.0,30
2020-03-22,New York,Skiing,7.0,"",7.0,31
2020-03-22,New York,Spiritual Center,1.0,"",1.0,32
2020-03-23,New York,Food,13.0,13.0,13.0,1
2020-03-23,New York,Shops & Services,12.0,11.0,12.0,2
2020-03-23,New York,Grocery,60.0,53.0,61.0,3
2020-03-23,New York,Medical,24.0,18.0,24.0,4
2020-03-23,New York,Outdoors & Recreation,15.0,17.0,15.0,5
2020-03-23,New York,Professional & Other Places,7.0,6.0,7.0,6
2020-03-23,New York,Convenience Store,49.0,43.0,49.0,7
2020-03-23,New York,Gas Stations,52.0,44.0,52.0,8
2020-03-23,New York,Drug Store,53.0,47.0,53.0,9
2020-03-23,New York,Nightlife Spots,17.0,19.0,17.0,10
2020-03-23,New York,School,16.0,15.0,16.0,11
2020-03-23,New York,Fast Food Restaurants,44.0,36.0,44.0,12
2020-03-23,New York,Residences,47.0,41.0,47.0,13
2020-03-23,New York,Big Box Stores,56.0,40.0,57.0,14
2020-03-23,New York,Metro Stations,25.0,26.0,25.0,15
2020-03-23,New York,Office,24.0,29.0,24.0,16
2020-03-23,New York,Travel & Transport,17.0,18.0,17.0,17
2020-03-23,New York,Government,26.0,22.0,27.0,18
2020-03-23,New York,Hardware Stores,61.0,49.0,62.0,19
2020-03-23,New York,Colleges & Universities,11.0,16.0,11.0,20
2020-03-23,New York,Arts & Entertainment,14.0,17.0,14.0,21
2020-03-23,New York,Airport,14.0,11.0,14.0,22
2020-03-23,New York,Bus,29.0,26.0,29.0,23
2020-03-23,New York,Banks,43.0,40.0,43.0,24
2020-03-23,New York,Fitness Center,12.0,12.0,12.0,25
2020-03-23,New York,Hotel,21.0,22.0,21.0,26
2020-03-23,New York,Discount Stores,52.0,40.0,52.0,27
2020-03-23,New York,Sports,8.0,10.0,8.0,28
2020-03-23,New York,Alcohol,53.0,46.0,53.0,29
2020-03-23,New York,Beach,42.0,32.0,42.0,30
2020-03-23,New York,Spiritual Center,3.0,"",3.0,31
2020-03-24,New York,Food,16.0,16.0,16.0,1
2020-03-24,New York,Shops & Services,12.0,11.0,12.0,2
2020-03-24,New York,Grocery,71.0,65.0,72.0,3
2020-03-24,New York,Outdoors & Recreation,26.0,29.0,26.0,4
2020-03-24,New York,Medical,23.0,18.0,23.0,5
2020-03-24,New York,Professional & Other Places,7.0,7.0,7.0,6
2020-03-24,New York,Convenience Store,54.0,48.0,54.0,7
2020-03-24,New York,Gas Stations,58.0,52.0,59.0,8
2020-03-24,New York,Drug Store,63.0,59.0,63.0,9
2020-03-24,New York,School,18.0,21.0,18.0,10
2020-03-24,New York,Nightlife Spots,20.0,22.0,20.0,11
2020-03-24,New York,Residences,55.0,53.0,55.0,12
2020-03-24,New York,Fast Food Restaurants,49.0,44.0,49.0,13
2020-03-24,New York,Metro Stations,26.0,29.0,26.0,14
2020-03-24,New York,Big Box Stores,66.0,56.0,67.0,15
2020-03-24,New York,Office,23.0,29.0,23.0,16
2020-03-24,New York,Travel & Transport,19.0,20.0,19.0,17
2020-03-24,New York,Arts & Entertainment,21.0,23.0,21.0,18
2020-03-24,New York,Government,25.0,23.0,25.0,19
2020-03-24,New York,Colleges & Universities,12.0,21.0,12.0,20
2020-03-24,New York,Hardware Stores,70.0,57.0,70.0,21
2020-03-24,New York,Fitness Center,14.0,14.0,14.0,22
2020-03-24,New York,Bus,30.0,30.0,30.0,23
2020-03-24,New York,Banks,46.0,43.0,46.0,24
2020-03-24,New York,Discount Stores,62.0,52.0,63.0,25
2020-03-24,New York,Airport,14.0,9.0,14.0,26
2020-03-24,New York,Sports,11.0,15.0,11.0,27
2020-03-24,New York,Hotel,23.0,26.0,22.0,28
2020-03-24,New York,Beach,154.0,151.0,154.0,29
2020-03-24,New York,Alcohol,68.0,59.0,68.0,30
2020-03-24,New York,Spiritual Center,2.0,"",2.0,31
2020-03-25,New York,Food,15.0,14.0,15.0,1
2020-03-25,New York,Shops & Services,12.0,12.0,12.0,2
2020-03-25,New York,Grocery,67.0,55.0,67.0,3
2020-03-25,New York,Outdoors & Recreation,21.0,23.0,21.0,4
2020-03-25,New York,Medical,22.0,17.0,22.0,5
2020-03-25,New York,Professional & Other Places,6.0,6.0,6.0,6
2020-03-25,New York,Convenience Store,50.0,45.0,51.0,7
2020-03-25,New York,Gas Stations,54.0,47.0,54.0,8
2020-03-25,New York,Drug Store,56.0,51.0,56.0,9
2020-03-25,New York,Nightlife Spots,19.0,22.0,19.0,10
2020-03-25,New York,School,16.0,18.0,16.0,11
2020-03-25,New York,Fast Food Restaurants,48.0,41.0,48.0,12
2020-03-25,New York,Big Box Stores,64.0,51.0,64.0,13
2020-03-25,New York,Residences,51.0,43.0,51.0,14
2020-03-25,New York,Metro Stations,25.0,27.0,25.0,15
2020-03-25,New York,Office,21.0,26.0,21.0,16
2020-03-25,New York,Travel & Transport,17.0,19.0,17.0,17
2020-03-25,New York,Arts & Entertainment,19.0,19.0,19.0,18
2020-03-25,New York,Hardware Stores,69.0,55.0,70.0,19
2020-03-25,New York,Government,25.0,23.0,25.0,20
2020-03-25,New York,Colleges & Universities,10.0,16.0,10.0,21
2020-03-25,New York,Fitness Center,12.0,12.0,12.0,22
2020-03-25,New York,Banks,44.0,42.0,44.0,23
2020-03-25,New York,Bus,28.0,26.0,28.0,24
2020-03-25,New York,Discount Stores,58.0,48.0,59.0,25
2020-03-25,New York,Airport,13.0,11.0,13.0,26
2020-03-25,New York,Hotel,22.0,27.0,22.0,27
2020-03-25,New York,Sports,10.0,13.0,10.0,28
2020-03-25,New York,Alcohol,59.0,54.0,59.0,29
2020-03-25,New York,Beach,71.0,57.0,72.0,30
2020-03-25,New York,Spiritual Center,2.0,"",2.0,31
2020-03-25,New York,Skiing,20.0,"",20.0,32
2020-03-26,New York,Food,17.0,17.0,17.0,1
2020-03-26,New York,Shops & Services,14.0,13.0,14.0,2
2020-03-26,New York,Outdoors & Recreation,31.0,35.0,31.0,3
2020-03-26,New York,Grocery,74.0,65.0,74.0,4
2020-03-26,New York,Medical,23.0,19.0,23.0,5
2020-03-26,New York,Convenience Store,57.0,54.0,57.0,6
2020-03-26,New York,Professional & Other Places,7.0,7.0,7.0,7
2020-03-26,New York,Gas Stations,61.0,55.0,61.0,8
2020-03-26,New York,Nightlife Spots,21.0,24.0,21.0,9
2020-03-26,New York,School,20.0,22.0,20.0,10
2020-03-26,New York,Drug Store,59.0,55.0,59.0,11
2020-03-26,New York,Fast Food Restaurants,54.0,50.0,54.0,12
2020-03-26,New York,Big Box Stores,68.0,60.0,68.0,13
2020-03-26,New York,Residences,57.0,50.0,57.0,14
2020-03-26,New York,Metro Stations,26.0,25.0,26.0,15
2020-03-26,New York,Office,23.0,29.0,23.0,16
2020-03-26,New York,Arts & Entertainment,23.0,27.0,23.0,17
2020-03-26,New York,Travel & Transport,11.0,13.0,11.0,18
2020-03-26,New York,Hardware Stores,81.0,72.0,81.0,19
2020-03-26,New York,Government,28.0,28.0,28.0,20
2020-03-26,New York,Colleges & Universities,12.0,19.0,12.0,21
2020-03-26,New York,Banks,52.0,52.0,52.0,22
2020-03-26,New York,Bus,31.0,27.0,32.0,23
2020-03-26,New York,Fitness Center,14.0,15.0,14.0,24
2020-03-26,New York,Sports,15.0,22.0,15.0,25
2020-03-26,New York,Discount Stores,67.0,61.0,67.0,26
2020-03-26,New York,Hotel,25.0,28.0,25.0,27
2020-03-26,New York,Airport,11.0,10.0,12.0,28
2020-03-26,New York,Beach,160.0,166.0,160.0,29
2020-03-26,New York,Alcohol,62.0,61.0,62.0,30
2020-03-26,New York,Spiritual Center,2.0,"",2.0,31
2020-03-26,New York,Skiing,25.0,"",25.0,32
2020-03-26,New York,Light Rail Stations,73.0,"",74.0,33
2020-03-27,New York,Food,17.0,17.0,17.0,1
2020-03-27,New York,Shops & Services,13.0,13.0,13.0,2
2020-03-27,New York,Grocery,74.0,68.0,74.0,3
2020-03-27,New York,Outdoors & Recreation,30.0,33.0,30.0,4
2020-03-27,New York,Medical,25.0,21.0,25.0,5
2020-03-27,New York,Convenience Store,57.0,55.0,57.0,6
2020-03-27,New York,Professional & Other Places,8.0,8.0,8.0,7
2020-03-27,New York,Gas Stations,60.0,55.0,60.0,8
2020-03-27,New York,Nightlife Spots,20.0,25.0,20.0,9
2020-03-27,New York,Drug Store,60.0,59.0,60.0,10
2020-03-27,New York,Fast Food Restaurants,55.0,50.0,56.0,11
2020-03-27,New York,School,21.0,22.0,21.0,12
2020-03-27,New York,Big Box Stores,70.0,58.0,70.0,13
2020-03-27,New York,Residences,57.0,52.0,57.0,14
2020-03-27,New York,Metro Stations,27.0,27.0,27.0,15
2020-03-27,New York,Arts & Entertainment,24.0,27.0,24.0,16
2020-03-27,New York,Travel & Transport,14.0,18.0,14.0,17
2020-03-27,New York,Hardware Stores,88.0,78.0,89.0,18
2020-03-27,New York,Office,25.0,32.0,24.0,19
2020-03-27,New York,Government,29.0,28.0,29.0,20
2020-03-27,New York,Banks,52.0,50.0,52.0,21
2020-03-27,New York,Colleges & Universities,14.0,21.0,14.0,22
2020-03-27,New York,Fitness Center,16.0,15.0,16.0,23
2020-03-27,New York,Bus,33.0,30.0,33.0,24
2020-03-27,New York,Discount Stores,67.0,57.0,67.0,25
2020-03-27,New York,Sports,15.0,19.0,15.0,26
2020-03-27,New York,Hotel,24.0,30.0,23.0,27
2020-03-27,New York,Alcohol,67.0,63.0,67.0,28
2020-03-27,New York,Airport,10.0,9.0,10.0,29
2020-03-27,New York,Beach,164.0,144.0,166.0,30
2020-03-27,New York,Spiritual Center,3.0,"",3.0,31
2020-03-27,New York,Skiing,12.0,"",12.0,32
2020-03-28,New York,Food,12.0,12.0,12.0,1
2020-03-28,New York,Shops & Services,11.0,9.0,11.0,2
2020-03-28,New York,Grocery,65.0,55.0,66.0,3
2020-03-28,New York,Outdoors & Recreation,17.0,20.0,17.0,4
2020-03-28,New York,Big Box Stores,60.0,49.0,60.0,5
2020-03-28,New York,Convenience Store,49.0,45.0,49.0,6
2020-03-28,New York,Gas Stations,48.0,45.0,48.0,7
2020-03-28,New York,Drug Store,53.0,55.0,53.0,8
2020-03-28,New York,Fast Food Restaurants,46.0,41.0,46.0,9
2020-03-28,New York,Nightlife Spots,11.0,15.0,11.0,10
2020-03-28,New York,Medical,24.0,19.0,24.0,11
2020-03-28,New York,Professional & Other Places,7.0,7.0,8.0,12
2020-03-28,New York,Hardware Stores,74.0,65.0,75.0,13
2020-03-28,New York,Residences,45.0,38.0,45.0,14
2020-03-28,New York,School,21.0,22.0,21.0,15
2020-03-28,New York,Metro Stations,25.0,26.0,25.0,16
2020-03-28,New York,Arts & Entertainment,12.0,15.0,12.0,17
2020-03-28,New York,Travel & Transport,19.0,19.0,19.0,18
2020-03-28,New York,Discount Stores,55.0,48.0,55.0,19
2020-03-28,New York,Banks,41.0,35.0,41.0,20
2020-03-28,New York,Government,30.0,28.0,31.0,21
2020-03-28,New York,Bus,30.0,28.0,30.0,22
2020-03-28,New York,Fitness Center,11.0,11.0,11.0,23
2020-03-28,New York,Colleges & Universities,14.0,16.0,14.0,24
2020-03-28,New York,Alcohol,52.0,49.0,52.0,25
2020-03-28,New York,Office,28.0,34.0,27.0,26
2020-03-28,New York,Hotel,15.0,16.0,15.0,27
2020-03-28,New York,Sports,9.0,11.0,9.0,28
2020-03-28,New York,Airport,10.0,9.0,10.0,29
2020-03-28,New York,Beach,64.0,63.0,64.0,30
2020-03-28,New York,Spiritual Center,2.0,"",2.0,31
2020-03-29,New York,Food,9.0,10.0,9.0,1
2020-03-29,New York,Shops & Services,10.0,9.0,10.0,2
2020-03-29,New York,Grocery,51.0,48.0,51.0,3
2020-03-29,New York,Outdoors & Recreation,17.0,19.0,17.0,4
2020-03-29,New York,Big Box Stores,51.0,47.0,51.0,5
2020-03-29,New York,Convenience Store,41.0,34.0,41.0,6
2020-03-29,New York,Gas Stations,41.0,37.0,41.0,7
2020-03-29,New York,Drug Store,47.0,43.0,47.0,8
2020-03-29,New York,Fast Food Restaurants,40.0,35.0,40.0,9
2020-03-29,New York,Nightlife Spots,8.0,13.0,8.0,10
2020-03-29,New York,Medical,21.0,16.0,21.0,11
2020-03-29,New York,Hardware Stores,63.0,55.0,63.0,12
2020-03-29,New York,Professional & Other Places,5.0,4.0,5.0,13
2020-03-29,New York,Residences,33.0,27.0,34.0,14
2020-03-29,New York,School,19.0,16.0,19.0,15
2020-03-29,New York,Metro Stations,21.0,16.0,21.0,16
2020-03-29,New York,Arts & Entertainment,10.0,11.0,10.0,17
2020-03-29,New York,Travel & Transport,7.0,9.0,7.0,18
2020-03-29,New York,Discount Stores,45.0,42.0,45.0,19
2020-03-29,New York,Government,23.0,22.0,23.0,20
2020-03-29,New York,Colleges & Universities,16.0,20.0,16.0,21
2020-03-29,New York,Bus,23.0,22.0,23.0,22
2020-03-29,New York,Fitness Center,9.0,9.0,9.0,23
2020-03-29,New York,Banks,36.0,32.0,36.0,24
2020-03-29,New York,Sports,8.0,9.0,8.0,25
2020-03-29,New York,Office,24.0,29.0,24.0,26
2020-03-29,New York,Airport,7.0,7.0,7.0,27
2020-03-29,New York,Hotel,10.0,12.0,10.0,28
2020-03-29,New York,Alcohol,40.0,36.0,41.0,29
2020-03-29,New York,Beach,39.0,35.0,39.0,30
2020-03-30,New York,Food,14.0,14.0,14.0,1
2020-03-30,New York,Shops & Services,11.0,11.0,11.0,2
2020-03-30,New York,Grocery,63.0,61.0,63.0,3
2020-03-30,New York,Outdoors & Recreation,18.0,21.0,18.0,4
2020-03-30,New York,Medical,20.0,16.0,21.0,5
2020-03-30,New York,Professional & Other Places,6.0,7.0,6.0,6
2020-03-30,New York,Convenience Store,49.0,45.0,49.0,7
2020-03-30,New York,Gas Stations,54.0,46.0,54.0,8
2020-03-30,New York,Drug Store,54.0,52.0,54.0,9
2020-03-30,New York,Fast Food Restaurants,48.0,38.0,48.0,10
2020-03-30,New York,Nightlife Spots,18.0,21.0,18.0,11
2020-03-30,New York,Big Box Stores,62.0,49.0,62.0,12
2020-03-30,New York,School,16.0,17.0,16.0,13
2020-03-30,New York,Metro Stations,25.0,24.0,25.0,14
2020-03-30,New York,Residences,45.0,40.0,45.0,15
2020-03-30,New York,Hardware Stores,72.0,58.0,72.0,16
2020-03-30,New York,Office,21.0,28.0,21.0,17
2020-03-30,New York,Travel & Transport,19.0,18.0,19.0,18
2020-03-30,New York,Arts & Entertainment,17.0,20.0,17.0,19
2020-03-30,New York,Government,24.0,23.0,24.0,20
2020-03-30,New York,Banks,52.0,48.0,52.0,21
2020-03-30,New York,Colleges & Universities,11.0,18.0,11.0,22
2020-03-30,New York,Bus,27.0,26.0,27.0,23
2020-03-30,New York,Fitness Center,12.0,11.0,12.0,24
2020-03-30,New York,Discount Stores,56.0,51.0,56.0,25
2020-03-30,New York,Sports,10.0,14.0,9.0,26
2020-03-30,New York,Hotel,19.0,22.0,19.0,27
2020-03-30,New York,Airport,7.0,5.0,7.0,28
2020-03-30,New York,Alcohol,58.0,49.0,58.0,29
2020-03-30,New York,Beach,65.0,57.0,65.0,30
2020-03-30,New York,Spiritual Center,2.0,"",2.0,31
2020-03-31,New York,Food,13.0,14.0,13.0,1
2020-03-31,New York,Shops & Services,12.0,11.0,12.0,2
2020-03-31,New York,Grocery,61.0,57.0,61.0,3
2020-03-31,New York,Outdoors & Recreation,19.0,22.0,19.0,4
2020-03-31,New York,Medical,18.0,16.0,18.0,5
2020-03-31,New York,Convenience Store,48.0,45.0,48.0,6
2020-03-31,New York,Professional & Other Places,5.0,6.0,5.0,7
2020-03-31,New York,Gas Stations,51.0,47.0,51.0,8
2020-03-31,New York,Drug Store,53.0,51.0,53.0,9
2020-03-31,New York,Fast Food Restaurants,48.0,40.0,48.0,10
2020-03-31,New York,Nightlife Spots,18.0,23.0,18.0,11
2020-03-31,New York,Big Box Stores,62.0,54.0,63.0,12
2020-03-31,New York,School,14.0,16.0,14.0,13
2020-03-31,New York,Metro Stations,22.0,20.0,22.0,14
2020-03-31,New York,Residences,43.0,37.0,43.0,15
2020-03-31,New York,Hardware Stores,72.0,64.0,73.0,16
2020-03-31,New York,Office,18.0,24.0,17.0,17
2020-03-31,New York,Travel & Transport,15.0,17.0,14.0,18
2020-03-31,New York,Arts & Entertainment,17.0,20.0,17.0,19
2020-03-31,New York,Government,21.0,21.0,21.0,20
2020-03-31,New York,Banks,48.0,49.0,48.0,21
2020-03-31,New York,Colleges & Universities,8.0,15.0,8.0,22
2020-03-31,New York,Fitness Center,10.0,11.0,10.0,23
2020-03-31,New York,Bus,23.0,21.0,24.0,24
2020-03-31,New York,Discount Stores,55.0,55.0,55.0,25
2020-03-31,New York,Sports,9.0,13.0,9.0,26
2020-03-31,New York,Hotel,18.0,22.0,18.0,27
2020-03-31,New York,Alcohol,59.0,52.0,59.0,28
2020-03-31,New York,Airport,8.0,7.0,8.0,29
2020-03-31,New York,Beach,86.0,104.0,85.0,30
2020-03-31,New York,Spiritual Center,2.0,"",2.0,31
