2020-03-01,Oregon,Food,99.0,100.0,99.0,1
2020-03-01,Oregon,Shops & Services,103.0,109.0,103.0,2
2020-03-01,Oregon,Grocery,98.0,102.0,98.0,3
2020-03-01,Oregon,Nightlife Spots,98.0,98.0,98.0,4
2020-03-01,Oregon,Outdoors & Recreation,96.0,95.0,96.0,5
2020-03-01,Oregon,Fast Food Restaurants,103.0,100.0,103.0,6
2020-03-01,Oregon,Gas Stations,98.0,104.0,98.0,7
2020-03-01,Oregon,Arts & Entertainment,97.0,91.0,97.0,8
2020-03-01,Oregon,Big Box Stores,106.0,117.0,105.0,9
2020-03-01,Oregon,Hotel,92.0,93.0,92.0,10
2020-03-01,Oregon,Professional & Other Places,100.0,103.0,100.0,11
2020-03-01,Oregon,School,97.0,101.0,97.0,12
2020-03-01,Oregon,Hardware Stores,109.0,113.0,108.0,13
2020-03-01,Oregon,Convenience Store,98.0,105.0,98.0,14
2020-03-01,Oregon,Medical,112.0,110.0,112.0,15
2020-03-01,Oregon,Residences,102.0,102.0,102.0,16
2020-03-01,Oregon,Colleges & Universities,112.0,139.0,111.0,17
2020-03-01,Oregon,Airport,95.0,91.0,95.0,18
2020-03-01,Oregon,Fitness Center,93.0,96.0,93.0,19
2020-03-01,Oregon,Sports,110.0,109.0,110.0,20
2020-03-01,Oregon,Drug Store,110.0,126.0,109.0,21
2020-03-01,Oregon,Travel & Transport,98.0,114.0,98.0,22
2020-03-01,Oregon,Office,104.0,88.0,105.0,23
2020-03-01,Oregon,Discount Stores,104.0,95.0,105.0,24
2020-03-01,Oregon,Government,105.0,114.0,105.0,25
2020-03-01,Oregon,Light Rail Stations,104.0,"",105.0,26
2020-03-01,Oregon,Alcohol,100.0,145.0,98.0,27
2020-03-01,Oregon,Beach,97.0,91.0,98.0,28
2020-03-01,Oregon,Skiing,90.0,"",91.0,29
2020-03-01,Oregon,Bus,99.0,108.0,99.0,30
2020-03-01,Oregon,Banks,108.0,129.0,108.0,31
2020-03-02,Oregon,Food,101.0,101.0,101.0,1
2020-03-02,Oregon,Shops & Services,101.0,101.0,101.0,2
2020-03-02,Oregon,Grocery,107.0,101.0,108.0,3
2020-03-02,Oregon,Outdoors & Recreation,96.0,94.0,96.0,4
2020-03-02,Oregon,Nightlife Spots,102.0,98.0,102.0,5
2020-03-02,Oregon,Medical,103.0,99.0,103.0,6
2020-03-02,Oregon,Fast Food Restaurants,106.0,103.0,106.0,7
2020-03-02,Oregon,School,111.0,103.0,111.0,8
2020-03-02,Oregon,Gas Stations,99.0,98.0,99.0,9
2020-03-02,Oregon,Professional & Other Places,102.0,107.0,102.0,10
2020-03-02,Oregon,Big Box Stores,108.0,106.0,108.0,11
2020-03-02,Oregon,Arts & Entertainment,112.0,118.0,112.0,12
2020-03-02,Oregon,Colleges & Universities,98.0,90.0,98.0,13
2020-03-02,Oregon,Office,100.0,106.0,100.0,14
2020-03-02,Oregon,Hotel,92.0,87.0,93.0,15
2020-03-02,Oregon,Convenience Store,98.0,104.0,97.0,16
2020-03-02,Oregon,Hardware Stores,103.0,103.0,103.0,17
2020-03-02,Oregon,Fitness Center,102.0,93.0,103.0,18
2020-03-02,Oregon,Airport,93.0,96.0,93.0,19
2020-03-02,Oregon,Residences,94.0,92.0,94.0,20
2020-03-02,Oregon,Government,112.0,110.0,112.0,21
2020-03-02,Oregon,Travel & Transport,107.0,98.0,107.0,22
2020-03-02,Oregon,Drug Store,109.0,109.0,109.0,23
2020-03-02,Oregon,Sports,99.0,79.0,101.0,24
2020-03-02,Oregon,Banks,129.0,153.0,128.0,25
2020-03-02,Oregon,Light Rail Stations,105.0,108.0,104.0,26
2020-03-02,Oregon,Bus,112.0,95.0,113.0,27
2020-03-02,Oregon,Discount Stores,107.0,98.0,107.0,28
2020-03-02,Oregon,Alcohol,101.0,107.0,101.0,29
2020-03-02,Oregon,Beach,78.0,70.0,78.0,30
2020-03-02,Oregon,Skiing,52.0,"",52.0,31
2020-03-03,Oregon,Food,101.0,98.0,101.0,1
2020-03-03,Oregon,Shops & Services,101.0,96.0,102.0,2
2020-03-03,Oregon,Grocery,106.0,108.0,106.0,3
2020-03-03,Oregon,Outdoors & Recreation,98.0,102.0,98.0,4
2020-03-03,Oregon,Nightlife Spots,102.0,91.0,102.0,5
2020-03-03,Oregon,Medical,98.0,96.0,98.0,6
2020-03-03,Oregon,School,100.0,94.0,100.0,7
2020-03-03,Oregon,Gas Stations,96.0,94.0,96.0,8
2020-03-03,Oregon,Fast Food Restaurants,101.0,93.0,101.0,9
2020-03-03,Oregon,Professional & Other Places,93.0,90.0,93.0,10
2020-03-03,Oregon,Office,94.0,91.0,94.0,11
2020-03-03,Oregon,Colleges & Universities,90.0,91.0,90.0,12
2020-03-03,Oregon,Big Box Stores,110.0,103.0,111.0,13
2020-03-03,Oregon,Hotel,96.0,93.0,96.0,14
2020-03-03,Oregon,Convenience Store,97.0,102.0,97.0,15
2020-03-03,Oregon,Arts & Entertainment,98.0,100.0,97.0,16
2020-03-03,Oregon,Fitness Center,94.0,98.0,94.0,17
2020-03-03,Oregon,Hardware Stores,102.0,103.0,102.0,18
2020-03-03,Oregon,Government,101.0,103.0,101.0,19
2020-03-03,Oregon,Airport,96.0,79.0,97.0,20
2020-03-03,Oregon,Residences,99.0,102.0,98.0,21
2020-03-03,Oregon,Travel & Transport,102.0,105.0,102.0,22
2020-03-03,Oregon,Drug Store,107.0,112.0,106.0,23
2020-03-03,Oregon,Sports,103.0,93.0,104.0,24
2020-03-03,Oregon,Banks,124.0,127.0,124.0,25
2020-03-03,Oregon,Light Rail Stations,97.0,109.0,96.0,26
2020-03-03,Oregon,Discount Stores,111.0,103.0,112.0,27
2020-03-03,Oregon,Bus,94.0,94.0,94.0,28
2020-03-03,Oregon,Alcohol,106.0,95.0,106.0,29
2020-03-03,Oregon,Beach,72.0,68.0,73.0,30
2020-03-04,Oregon,Food,100.0,96.0,100.0,1
2020-03-04,Oregon,Shops & Services,100.0,98.0,100.0,2
2020-03-04,Oregon,Grocery,105.0,102.0,105.0,3
2020-03-04,Oregon,Outdoors & Recreation,102.0,106.0,102.0,4
2020-03-04,Oregon,Nightlife Spots,101.0,96.0,101.0,5
2020-03-04,Oregon,Medical,95.0,88.0,95.0,6
2020-03-04,Oregon,School,97.0,94.0,97.0,7
2020-03-04,Oregon,Gas Stations,98.0,93.0,99.0,8
2020-03-04,Oregon,Fast Food Restaurants,98.0,98.0,98.0,9
2020-03-04,Oregon,Professional & Other Places,95.0,101.0,95.0,10
2020-03-04,Oregon,Office,97.0,109.0,96.0,11
2020-03-04,Oregon,Colleges & Universities,92.0,111.0,92.0,12
2020-03-04,Oregon,Big Box Stores,106.0,101.0,106.0,13
2020-03-04,Oregon,Hotel,97.0,93.0,97.0,14
2020-03-04,Oregon,Arts & Entertainment,95.0,94.0,95.0,15
2020-03-04,Oregon,Convenience Store,100.0,99.0,100.0,16
2020-03-04,Oregon,Fitness Center,93.0,92.0,93.0,17
2020-03-04,Oregon,Hardware Stores,106.0,112.0,106.0,18
2020-03-04,Oregon,Residences,101.0,102.0,101.0,19
2020-03-04,Oregon,Government,97.0,94.0,97.0,20
2020-03-04,Oregon,Airport,92.0,103.0,91.0,21
2020-03-04,Oregon,Travel & Transport,102.0,107.0,102.0,22
2020-03-04,Oregon,Sports,114.0,95.0,115.0,23
2020-03-04,Oregon,Drug Store,107.0,115.0,107.0,24
2020-03-04,Oregon,Light Rail Stations,102.0,112.0,102.0,25
2020-03-04,Oregon,Banks,110.0,106.0,110.0,26
2020-03-04,Oregon,Bus,102.0,98.0,102.0,27
2020-03-04,Oregon,Discount Stores,98.0,90.0,98.0,28
2020-03-04,Oregon,Alcohol,103.0,117.0,102.0,29
2020-03-04,Oregon,Beach,91.0,97.0,91.0,30
2020-03-04,Oregon,Skiing,95.0,"",94.0,31
2020-03-05,Oregon,Food,101.0,95.0,102.0,1
2020-03-05,Oregon,Shops & Services,101.0,100.0,101.0,2
2020-03-05,Oregon,Grocery,102.0,101.0,102.0,3
2020-03-05,Oregon,Outdoors & Recreation,112.0,106.0,112.0,4
2020-03-05,Oregon,Nightlife Spots,104.0,97.0,105.0,5
2020-03-05,Oregon,Medical,100.0,95.0,100.0,6
2020-03-05,Oregon,School,103.0,101.0,103.0,7
2020-03-05,Oregon,Gas Stations,100.0,98.0,101.0,8
2020-03-05,Oregon,Fast Food Restaurants,102.0,102.0,102.0,9
2020-03-05,Oregon,Professional & Other Places,97.0,102.0,97.0,10
2020-03-05,Oregon,Office,95.0,87.0,96.0,11
2020-03-05,Oregon,Colleges & Universities,94.0,98.0,94.0,12
2020-03-05,Oregon,Arts & Entertainment,113.0,101.0,114.0,13
2020-03-05,Oregon,Hotel,100.0,103.0,100.0,14
2020-03-05,Oregon,Big Box Stores,99.0,101.0,99.0,15
2020-03-05,Oregon,Convenience Store,99.0,100.0,99.0,16
2020-03-05,Oregon,Fitness Center,93.0,100.0,93.0,17
2020-03-05,Oregon,Hardware Stores,108.0,104.0,108.0,18
2020-03-05,Oregon,Government,105.0,114.0,105.0,19
2020-03-05,Oregon,Residences,105.0,100.0,106.0,20
2020-03-05,Oregon,Airport,95.0,93.0,95.0,21
2020-03-05,Oregon,Travel & Transport,103.0,96.0,103.0,22
2020-03-05,Oregon,Sports,108.0,104.0,109.0,23
2020-03-05,Oregon,Drug Store,106.0,90.0,107.0,24
2020-03-05,Oregon,Light Rail Stations,109.0,82.0,110.0,25
2020-03-05,Oregon,Banks,115.0,120.0,115.0,26
2020-03-05,Oregon,Bus,96.0,93.0,97.0,27
2020-03-05,Oregon,Alcohol,103.0,93.0,104.0,28
2020-03-05,Oregon,Discount Stores,95.0,99.0,95.0,29
2020-03-05,Oregon,Beach,102.0,101.0,102.0,30
2020-03-06,Oregon,Food,97.0,91.0,98.0,1
2020-03-06,Oregon,Shops & Services,96.0,92.0,96.0,2
2020-03-06,Oregon,Grocery,99.0,96.0,99.0,3
2020-03-06,Oregon,Nightlife Spots,97.0,94.0,98.0,4
2020-03-06,Oregon,Outdoors & Recreation,93.0,82.0,94.0,5
2020-03-06,Oregon,Gas Stations,96.0,86.0,97.0,6
2020-03-06,Oregon,School,93.0,95.0,93.0,7
2020-03-06,Oregon,Medical,91.0,81.0,92.0,8
2020-03-06,Oregon,Fast Food Restaurants,97.0,88.0,98.0,9
2020-03-06,Oregon,Professional & Other Places,95.0,90.0,95.0,10
2020-03-06,Oregon,Hotel,100.0,91.0,101.0,11
2020-03-06,Oregon,Big Box Stores,94.0,92.0,94.0,12
2020-03-06,Oregon,Colleges & Universities,96.0,114.0,95.0,13
2020-03-06,Oregon,Office,90.0,99.0,90.0,14
2020-03-06,Oregon,Arts & Entertainment,89.0,83.0,89.0,15
2020-03-06,Oregon,Convenience Store,98.0,88.0,99.0,16
2020-03-06,Oregon,Fitness Center,98.0,98.0,98.0,17
2020-03-06,Oregon,Hardware Stores,100.0,91.0,101.0,18
2020-03-06,Oregon,Residences,99.0,103.0,99.0,19
2020-03-06,Oregon,Airport,87.0,83.0,88.0,20
2020-03-06,Oregon,Government,100.0,88.0,100.0,21
2020-03-06,Oregon,Travel & Transport,100.0,102.0,100.0,22
2020-03-06,Oregon,Sports,105.0,107.0,105.0,23
2020-03-06,Oregon,Drug Store,93.0,80.0,94.0,24
2020-03-06,Oregon,Banks,106.0,96.0,106.0,25
2020-03-06,Oregon,Light Rail Stations,83.0,79.0,83.0,26
2020-03-06,Oregon,Alcohol,106.0,117.0,105.0,27
2020-03-06,Oregon,Bus,92.0,69.0,93.0,28
2020-03-06,Oregon,Discount Stores,88.0,99.0,87.0,29
2020-03-06,Oregon,Beach,88.0,73.0,89.0,30
2020-03-06,Oregon,Skiing,102.0,"",103.0,31
2020-03-07,Oregon,Food,95.0,89.0,95.0,1
2020-03-07,Oregon,Shops & Services,98.0,90.0,98.0,2
2020-03-07,Oregon,Grocery,96.0,88.0,97.0,3
2020-03-07,Oregon,Nightlife Spots,96.0,88.0,96.0,4
2020-03-07,Oregon,Outdoors & Recreation,93.0,96.0,93.0,5
2020-03-07,Oregon,Fast Food Restaurants,94.0,85.0,94.0,6
2020-03-07,Oregon,Gas Stations,95.0,82.0,96.0,7
2020-03-07,Oregon,Big Box Stores,103.0,99.0,103.0,8
2020-03-07,Oregon,Arts & Entertainment,91.0,85.0,92.0,9
2020-03-07,Oregon,Hotel,103.0,102.0,103.0,10
2020-03-07,Oregon,Professional & Other Places,97.0,94.0,97.0,11
2020-03-07,Oregon,School,89.0,92.0,89.0,12
2020-03-07,Oregon,Medical,100.0,102.0,100.0,13
2020-03-07,Oregon,Hardware Stores,104.0,101.0,104.0,14
2020-03-07,Oregon,Convenience Store,93.0,85.0,93.0,15
2020-03-07,Oregon,Fitness Center,99.0,103.0,99.0,16
2020-03-07,Oregon,Residences,98.0,81.0,98.0,17
2020-03-07,Oregon,Airport,96.0,105.0,96.0,18
2020-03-07,Oregon,Colleges & Universities,89.0,84.0,89.0,19
2020-03-07,Oregon,Drug Store,101.0,91.0,101.0,20
2020-03-07,Oregon,Office,103.0,90.0,104.0,21
2020-03-07,Oregon,Travel & Transport,100.0,92.0,100.0,22
2020-03-07,Oregon,Sports,103.0,90.0,103.0,23
2020-03-07,Oregon,Alcohol,100.0,98.0,100.0,24
2020-03-07,Oregon,Government,99.0,103.0,99.0,25
2020-03-07,Oregon,Discount Stores,98.0,86.0,98.0,26
2020-03-07,Oregon,Light Rail Stations,86.0,"",86.0,27
2020-03-07,Oregon,Banks,84.0,90.0,84.0,28
2020-03-07,Oregon,Beach,107.0,106.0,107.0,29
2020-03-07,Oregon,Bus,82.0,"",81.0,30
2020-03-07,Oregon,Skiing,102.0,"",101.0,31
2020-03-08,Oregon,Food,101.0,94.0,101.0,1
2020-03-08,Oregon,Shops & Services,103.0,99.0,103.0,2
2020-03-08,Oregon,Grocery,96.0,94.0,96.0,3
2020-03-08,Oregon,Nightlife Spots,100.0,96.0,100.0,4
2020-03-08,Oregon,Outdoors & Recreation,102.0,97.0,102.0,5
2020-03-08,Oregon,Fast Food Restaurants,100.0,100.0,100.0,6
2020-03-08,Oregon,Arts & Entertainment,106.0,101.0,106.0,7
2020-03-08,Oregon,Gas Stations,102.0,99.0,102.0,8
2020-03-08,Oregon,Big Box Stores,100.0,101.0,99.0,9
2020-03-08,Oregon,Hotel,104.0,101.0,105.0,10
2020-03-08,Oregon,Professional & Other Places,106.0,110.0,106.0,11
2020-03-08,Oregon,School,105.0,103.0,105.0,12
2020-03-08,Oregon,Convenience Store,98.0,99.0,98.0,13
2020-03-08,Oregon,Hardware Stores,108.0,105.0,108.0,14
2020-03-08,Oregon,Medical,111.0,104.0,111.0,15
2020-03-08,Oregon,Residences,99.0,87.0,100.0,16
2020-03-08,Oregon,Airport,104.0,75.0,106.0,17
2020-03-08,Oregon,Colleges & Universities,103.0,117.0,102.0,18
2020-03-08,Oregon,Fitness Center,92.0,75.0,93.0,19
2020-03-08,Oregon,Sports,110.0,117.0,110.0,20
2020-03-08,Oregon,Drug Store,113.0,117.0,113.0,21
2020-03-08,Oregon,Travel & Transport,107.0,107.0,107.0,22
2020-03-08,Oregon,Office,100.0,95.0,100.0,23
2020-03-08,Oregon,Discount Stores,112.0,101.0,112.0,24
2020-03-08,Oregon,Government,109.0,87.0,110.0,25
2020-03-08,Oregon,Alcohol,109.0,110.0,109.0,26
2020-03-08,Oregon,Light Rail Stations,107.0,"",108.0,27
2020-03-08,Oregon,Beach,118.0,118.0,118.0,28
2020-03-08,Oregon,Skiing,80.0,98.0,79.0,29
2020-03-08,Oregon,Bus,102.0,"",102.0,30
2020-03-08,Oregon,Banks,77.0,"",77.0,31
2020-03-09,Oregon,Food,100.0,97.0,100.0,1
2020-03-09,Oregon,Shops & Services,99.0,94.0,100.0,2
2020-03-09,Oregon,Grocery,105.0,103.0,106.0,3
2020-03-09,Oregon,Outdoors & Recreation,100.0,102.0,100.0,4
2020-03-09,Oregon,Nightlife Spots,102.0,95.0,103.0,5
2020-03-09,Oregon,Medical,99.0,95.0,99.0,6
2020-03-09,Oregon,Gas Stations,106.0,103.0,106.0,7
2020-03-09,Oregon,School,111.0,105.0,111.0,8
2020-03-09,Oregon,Fast Food Restaurants,101.0,94.0,102.0,9
2020-03-09,Oregon,Professional & Other Places,103.0,108.0,103.0,10
2020-03-09,Oregon,Office,105.0,103.0,105.0,11
2020-03-09,Oregon,Big Box Stores,102.0,102.0,102.0,12
2020-03-09,Oregon,Colleges & Universities,95.0,108.0,95.0,13
2020-03-09,Oregon,Hotel,92.0,88.0,92.0,14
2020-03-09,Oregon,Arts & Entertainment,94.0,87.0,94.0,15
2020-03-09,Oregon,Convenience Store,103.0,97.0,104.0,16
2020-03-09,Oregon,Hardware Stores,105.0,101.0,106.0,17
2020-03-09,Oregon,Fitness Center,99.0,84.0,100.0,18
2020-03-09,Oregon,Airport,87.0,96.0,87.0,19
2020-03-09,Oregon,Government,118.0,108.0,119.0,20
2020-03-09,Oregon,Residences,96.0,93.0,96.0,21
2020-03-09,Oregon,Travel & Transport,109.0,116.0,108.0,22
2020-03-09,Oregon,Sports,107.0,87.0,109.0,23
2020-03-09,Oregon,Drug Store,108.0,112.0,108.0,24
2020-03-09,Oregon,Light Rail Stations,105.0,100.0,105.0,25
2020-03-09,Oregon,Banks,126.0,116.0,127.0,26
2020-03-09,Oregon,Bus,108.0,108.0,108.0,27
2020-03-09,Oregon,Discount Stores,107.0,109.0,107.0,28
2020-03-09,Oregon,Beach,119.0,115.0,119.0,29
2020-03-09,Oregon,Alcohol,104.0,116.0,103.0,30
2020-03-09,Oregon,Skiing,63.0,"",61.0,31
2020-03-10,Oregon,Food,99.0,96.0,99.0,1
2020-03-10,Oregon,Shops & Services,98.0,93.0,98.0,2
2020-03-10,Oregon,Grocery,98.0,94.0,98.0,3
2020-03-10,Oregon,Outdoors & Recreation,108.0,101.0,108.0,4
2020-03-10,Oregon,Nightlife Spots,103.0,94.0,103.0,5
2020-03-10,Oregon,Medical,95.0,89.0,96.0,6
2020-03-10,Oregon,School,97.0,88.0,97.0,7
2020-03-10,Oregon,Gas Stations,99.0,92.0,100.0,8
2020-03-10,Oregon,Fast Food Restaurants,98.0,85.0,99.0,9
2020-03-10,Oregon,Professional & Other Places,97.0,95.0,98.0,10
2020-03-10,Oregon,Office,88.0,88.0,88.0,11
2020-03-10,Oregon,Colleges & Universities,86.0,93.0,86.0,12
2020-03-10,Oregon,Hotel,101.0,102.0,101.0,13
2020-03-10,Oregon,Big Box Stores,94.0,83.0,95.0,14
2020-03-10,Oregon,Arts & Entertainment,99.0,99.0,99.0,15
2020-03-10,Oregon,Convenience Store,96.0,96.0,96.0,16
2020-03-10,Oregon,Fitness Center,93.0,91.0,93.0,17
2020-03-10,Oregon,Hardware Stores,101.0,101.0,101.0,18
2020-03-10,Oregon,Government,98.0,97.0,98.0,19
2020-03-10,Oregon,Residences,100.0,93.0,100.0,20
2020-03-10,Oregon,Airport,94.0,98.0,94.0,21
2020-03-10,Oregon,Travel & Transport,110.0,116.0,109.0,22
2020-03-10,Oregon,Sports,116.0,114.0,116.0,23
2020-03-10,Oregon,Drug Store,101.0,98.0,101.0,24
2020-03-10,Oregon,Light Rail Stations,97.0,97.0,97.0,25
2020-03-10,Oregon,Banks,106.0,91.0,107.0,26
2020-03-10,Oregon,Bus,96.0,110.0,95.0,27
2020-03-10,Oregon,Discount Stores,102.0,101.0,102.0,28
2020-03-10,Oregon,Alcohol,109.0,105.0,110.0,29
2020-03-10,Oregon,Beach,130.0,113.0,132.0,30
2020-03-10,Oregon,Skiing,75.0,"",74.0,31
2020-03-11,Oregon,Food,99.0,92.0,100.0,1
2020-03-11,Oregon,Shops & Services,99.0,93.0,99.0,2
2020-03-11,Oregon,Grocery,99.0,96.0,99.0,3
2020-03-11,Oregon,Outdoors & Recreation,107.0,102.0,108.0,4
2020-03-11,Oregon,Nightlife Spots,102.0,100.0,102.0,5
2020-03-11,Oregon,Medical,93.0,86.0,93.0,6
2020-03-11,Oregon,School,95.0,96.0,95.0,7
2020-03-11,Oregon,Gas Stations,103.0,96.0,103.0,8
2020-03-11,Oregon,Fast Food Restaurants,97.0,100.0,97.0,9
2020-03-11,Oregon,Professional & Other Places,95.0,86.0,95.0,10
2020-03-11,Oregon,Colleges & Universities,88.0,90.0,88.0,11
2020-03-11,Oregon,Office,88.0,91.0,88.0,12
2020-03-11,Oregon,Arts & Entertainment,103.0,92.0,104.0,13
2020-03-11,Oregon,Hotel,97.0,106.0,97.0,14
2020-03-11,Oregon,Big Box Stores,99.0,98.0,99.0,15
2020-03-11,Oregon,Convenience Store,97.0,89.0,97.0,16
2020-03-11,Oregon,Fitness Center,91.0,92.0,91.0,17
2020-03-11,Oregon,Hardware Stores,103.0,96.0,104.0,18
2020-03-11,Oregon,Residences,100.0,91.0,100.0,19
2020-03-11,Oregon,Government,95.0,104.0,94.0,20
2020-03-11,Oregon,Airport,86.0,73.0,87.0,21
2020-03-11,Oregon,Travel & Transport,101.0,96.0,102.0,22
2020-03-11,Oregon,Sports,112.0,105.0,113.0,23
2020-03-11,Oregon,Drug Store,98.0,93.0,98.0,24
2020-03-11,Oregon,Light Rail Stations,104.0,122.0,104.0,25
2020-03-11,Oregon,Banks,100.0,96.0,101.0,26
2020-03-11,Oregon,Bus,93.0,99.0,93.0,27
2020-03-11,Oregon,Alcohol,103.0,129.0,101.0,28
2020-03-11,Oregon,Discount Stores,90.0,94.0,90.0,29
2020-03-11,Oregon,Beach,108.0,102.0,109.0,30
2020-03-12,Oregon,Food,94.0,87.0,94.0,1
2020-03-12,Oregon,Shops & Services,97.0,93.0,97.0,2
2020-03-12,Oregon,Grocery,109.0,107.0,109.0,3
2020-03-12,Oregon,Outdoors & Recreation,107.0,102.0,107.0,4
2020-03-12,Oregon,Nightlife Spots,94.0,87.0,95.0,5
2020-03-12,Oregon,Medical,89.0,85.0,90.0,6
2020-03-12,Oregon,Gas Stations,100.0,93.0,101.0,7
2020-03-12,Oregon,School,89.0,88.0,89.0,8
2020-03-12,Oregon,Fast Food Restaurants,93.0,96.0,93.0,9
2020-03-12,Oregon,Professional & Other Places,95.0,92.0,95.0,10
2020-03-12,Oregon,Office,88.0,81.0,88.0,11
2020-03-12,Oregon,Big Box Stores,105.0,103.0,105.0,12
2020-03-12,Oregon,Hotel,96.0,102.0,95.0,13
2020-03-12,Oregon,Colleges & Universities,81.0,92.0,81.0,14
2020-03-12,Oregon,Arts & Entertainment,100.0,92.0,101.0,15
2020-03-12,Oregon,Convenience Store,93.0,76.0,94.0,16
2020-03-12,Oregon,Hardware Stores,101.0,96.0,101.0,17
2020-03-12,Oregon,Fitness Center,86.0,80.0,86.0,18
2020-03-12,Oregon,Residences,98.0,87.0,98.0,19
2020-03-12,Oregon,Government,91.0,87.0,91.0,20
2020-03-12,Oregon,Airport,82.0,83.0,81.0,21
2020-03-12,Oregon,Travel & Transport,101.0,94.0,101.0,22
2020-03-12,Oregon,Sports,103.0,87.0,105.0,23
2020-03-12,Oregon,Drug Store,105.0,97.0,105.0,24
2020-03-12,Oregon,Light Rail Stations,106.0,89.0,106.0,25
2020-03-12,Oregon,Banks,97.0,86.0,98.0,26
2020-03-12,Oregon,Bus,85.0,73.0,85.0,27
2020-03-12,Oregon,Discount Stores,96.0,93.0,97.0,28
2020-03-12,Oregon,Alcohol,98.0,90.0,98.0,29
2020-03-12,Oregon,Beach,107.0,98.0,108.0,30
2020-03-12,Oregon,Skiing,95.0,"",96.0,31
2020-03-13,Oregon,Food,93.0,82.0,94.0,1
2020-03-13,Oregon,Shops & Services,98.0,84.0,98.0,2
2020-03-13,Oregon,Grocery,128.0,112.0,129.0,3
2020-03-13,Oregon,Outdoors & Recreation,94.0,87.0,94.0,4
2020-03-13,Oregon,Nightlife Spots,92.0,82.0,93.0,5
2020-03-13,Oregon,Gas Stations,103.0,93.0,104.0,6
2020-03-13,Oregon,Medical,94.0,84.0,94.0,7
2020-03-13,Oregon,Fast Food Restaurants,98.0,84.0,99.0,8
2020-03-13,Oregon,School,80.0,83.0,80.0,9
2020-03-13,Oregon,Professional & Other Places,92.0,77.0,93.0,10
2020-03-13,Oregon,Big Box Stores,115.0,106.0,115.0,11
2020-03-13,Oregon,Hotel,88.0,88.0,88.0,12
2020-03-13,Oregon,Convenience Store,98.0,85.0,98.0,13
2020-03-13,Oregon,Office,83.0,71.0,83.0,14
2020-03-13,Oregon,Hardware Stores,112.0,88.0,114.0,15
2020-03-13,Oregon,Arts & Entertainment,77.0,69.0,77.0,16
2020-03-13,Oregon,Colleges & Universities,66.0,68.0,66.0,17
2020-03-13,Oregon,Fitness Center,83.0,71.0,84.0,18
2020-03-13,Oregon,Drug Store,129.0,110.0,130.0,19
2020-03-13,Oregon,Residences,90.0,82.0,90.0,20
2020-03-13,Oregon,Airport,81.0,66.0,81.0,21
2020-03-13,Oregon,Government,93.0,79.0,93.0,22
2020-03-13,Oregon,Travel & Transport,100.0,92.0,100.0,23
2020-03-13,Oregon,Sports,98.0,101.0,98.0,24
2020-03-13,Oregon,Banks,104.0,95.0,104.0,25
2020-03-13,Oregon,Alcohol,125.0,133.0,125.0,26
2020-03-13,Oregon,Light Rail Stations,76.0,79.0,76.0,27
2020-03-13,Oregon,Discount Stores,109.0,101.0,109.0,28
2020-03-13,Oregon,Bus,83.0,68.0,83.0,29
2020-03-13,Oregon,Beach,102.0,92.0,103.0,30
2020-03-13,Oregon,Skiing,97.0,"",97.0,31
2020-03-14,Oregon,Food,79.0,69.0,79.0,1
2020-03-14,Oregon,Shops & Services,86.0,76.0,87.0,2
2020-03-14,Oregon,Grocery,121.0,102.0,122.0,3
2020-03-14,Oregon,Nightlife Spots,79.0,66.0,79.0,4
2020-03-14,Oregon,Outdoors & Recreation,84.0,79.0,84.0,5
2020-03-14,Oregon,Gas Stations,94.0,83.0,94.0,6
2020-03-14,Oregon,Fast Food Restaurants,79.0,67.0,80.0,7
2020-03-14,Oregon,Big Box Stores,105.0,94.0,105.0,8
2020-03-14,Oregon,Hotel,75.0,88.0,75.0,9
2020-03-14,Oregon,Professional & Other Places,74.0,62.0,75.0,10
2020-03-14,Oregon,Hardware Stores,100.0,76.0,101.0,11
2020-03-14,Oregon,Convenience Store,88.0,75.0,88.0,12
2020-03-14,Oregon,Arts & Entertainment,61.0,46.0,61.0,13
2020-03-14,Oregon,Medical,82.0,70.0,83.0,14
2020-03-14,Oregon,School,53.0,54.0,53.0,15
2020-03-14,Oregon,Drug Store,120.0,108.0,120.0,16
2020-03-14,Oregon,Residences,84.0,72.0,84.0,17
2020-03-14,Oregon,Fitness Center,73.0,73.0,73.0,18
2020-03-14,Oregon,Airport,73.0,61.0,74.0,19
2020-03-14,Oregon,Travel & Transport,93.0,89.0,93.0,20
2020-03-14,Oregon,Colleges & Universities,59.0,52.0,59.0,21
2020-03-14,Oregon,Office,82.0,70.0,83.0,22
2020-03-14,Oregon,Sports,79.0,79.0,79.0,23
2020-03-14,Oregon,Discount Stores,107.0,77.0,108.0,24
2020-03-14,Oregon,Alcohol,97.0,75.0,98.0,25
2020-03-14,Oregon,Government,79.0,93.0,79.0,26
2020-03-14,Oregon,Light Rail Stations,67.0,"",67.0,27
2020-03-14,Oregon,Beach,93.0,92.0,93.0,28
2020-03-14,Oregon,Banks,70.0,73.0,70.0,29
2020-03-14,Oregon,Bus,83.0,"",83.0,30
2020-03-14,Oregon,Skiing,96.0,"",95.0,31
2020-03-15,Oregon,Food,75.0,67.0,76.0,1
2020-03-15,Oregon,Shops & Services,77.0,69.0,78.0,2
2020-03-15,Oregon,Grocery,95.0,89.0,96.0,3
2020-03-15,Oregon,Outdoors & Recreation,86.0,78.0,86.0,4
2020-03-15,Oregon,Nightlife Spots,74.0,63.0,75.0,5
2020-03-15,Oregon,Gas Stations,90.0,82.0,91.0,6
2020-03-15,Oregon,Fast Food Restaurants,79.0,68.0,79.0,7
2020-03-15,Oregon,Big Box Stores,92.0,83.0,92.0,8
2020-03-15,Oregon,Hotel,69.0,72.0,68.0,9
2020-03-15,Oregon,Arts & Entertainment,60.0,65.0,59.0,10
2020-03-15,Oregon,Hardware Stores,102.0,80.0,104.0,11
2020-03-15,Oregon,Professional & Other Places,74.0,65.0,75.0,12
2020-03-15,Oregon,Convenience Store,85.0,81.0,85.0,13
2020-03-15,Oregon,School,70.0,64.0,71.0,14
2020-03-15,Oregon,Medical,91.0,71.0,92.0,15
2020-03-15,Oregon,Residences,80.0,67.0,80.0,16
2020-03-15,Oregon,Drug Store,111.0,93.0,112.0,17
2020-03-15,Oregon,Fitness Center,76.0,78.0,76.0,18
2020-03-15,Oregon,Airport,77.0,55.0,78.0,19
2020-03-15,Oregon,Travel & Transport,95.0,85.0,96.0,20
2020-03-15,Oregon,Sports,82.0,84.0,82.0,21
2020-03-15,Oregon,Colleges & Universities,62.0,38.0,63.0,22
2020-03-15,Oregon,Office,95.0,72.0,96.0,23
2020-03-15,Oregon,Discount Stores,102.0,76.0,103.0,24
2020-03-15,Oregon,Beach,112.0,90.0,113.0,25
2020-03-15,Oregon,Alcohol,94.0,102.0,94.0,26
2020-03-15,Oregon,Government,91.0,81.0,91.0,27
2020-03-15,Oregon,Light Rail Stations,67.0,"",68.0,28
2020-03-15,Oregon,Bus,84.0,"",85.0,29
2020-03-15,Oregon,Banks,64.0,"",62.0,30
2020-03-15,Oregon,Skiing,36.0,"",36.0,31
2020-03-16,Oregon,Food,84.0,79.0,85.0,1
2020-03-16,Oregon,Shops & Services,92.0,82.0,92.0,2
2020-03-16,Oregon,Grocery,119.0,112.0,119.0,3
2020-03-16,Oregon,Outdoors & Recreation,93.0,91.0,93.0,4
2020-03-16,Oregon,Nightlife Spots,90.0,85.0,90.0,5
2020-03-16,Oregon,Gas Stations,104.0,99.0,104.0,6
2020-03-16,Oregon,Medical,89.0,74.0,90.0,7
2020-03-16,Oregon,Fast Food Restaurants,89.0,82.0,89.0,8
2020-03-16,Oregon,Professional & Other Places,95.0,87.0,95.0,9
2020-03-16,Oregon,Big Box Stores,103.0,91.0,103.0,10
2020-03-16,Oregon,School,65.0,66.0,65.0,11
2020-03-16,Oregon,Office,86.0,88.0,85.0,12
2020-03-16,Oregon,Hardware Stores,108.0,87.0,110.0,13
2020-03-16,Oregon,Hotel,82.0,82.0,82.0,14
2020-03-16,Oregon,Convenience Store,92.0,103.0,92.0,15
2020-03-16,Oregon,Arts & Entertainment,69.0,62.0,69.0,16
2020-03-16,Oregon,Residences,95.0,86.0,95.0,17
2020-03-16,Oregon,Government,105.0,99.0,106.0,18
2020-03-16,Oregon,Fitness Center,75.0,57.0,77.0,19
2020-03-16,Oregon,Colleges & Universities,49.0,78.0,49.0,20
2020-03-16,Oregon,Travel & Transport,99.0,88.0,100.0,21
2020-03-16,Oregon,Airport,63.0,51.0,63.0,22
2020-03-16,Oregon,Drug Store,119.0,110.0,120.0,23
2020-03-16,Oregon,Sports,93.0,87.0,94.0,24
2020-03-16,Oregon,Banks,131.0,130.0,131.0,25
2020-03-16,Oregon,Light Rail Stations,83.0,76.0,83.0,26
2020-03-16,Oregon,Alcohol,126.0,122.0,126.0,27
2020-03-16,Oregon,Discount Stores,114.0,88.0,115.0,28
2020-03-16,Oregon,Bus,94.0,89.0,95.0,29
2020-03-16,Oregon,Beach,104.0,94.0,105.0,30
2020-03-17,Oregon,Food,74.0,62.0,75.0,1
2020-03-17,Oregon,Shops & Services,85.0,70.0,86.0,2
2020-03-17,Oregon,Grocery,116.0,102.0,117.0,3
2020-03-17,Oregon,Outdoors & Recreation,101.0,94.0,101.0,4
2020-03-17,Oregon,Nightlife Spots,83.0,69.0,84.0,5
2020-03-17,Oregon,Gas Stations,95.0,78.0,96.0,6
2020-03-17,Oregon,Medical,70.0,57.0,71.0,7
2020-03-17,Oregon,Professional & Other Places,85.0,75.0,86.0,8
2020-03-17,Oregon,Fast Food Restaurants,79.0,63.0,80.0,9
2020-03-17,Oregon,Big Box Stores,101.0,79.0,102.0,10
2020-03-17,Oregon,School,50.0,49.0,50.0,11
2020-03-17,Oregon,Convenience Store,92.0,83.0,92.0,12
2020-03-17,Oregon,Hardware Stores,107.0,95.0,108.0,13
2020-03-17,Oregon,Office,66.0,77.0,65.0,14
2020-03-17,Oregon,Hotel,80.0,75.0,80.0,15
2020-03-17,Oregon,Arts & Entertainment,77.0,76.0,77.0,16
2020-03-17,Oregon,Residences,93.0,89.0,93.0,17
2020-03-17,Oregon,Government,80.0,62.0,81.0,18
2020-03-17,Oregon,Fitness Center,56.0,44.0,56.0,19
2020-03-17,Oregon,Colleges & Universities,43.0,55.0,42.0,20
2020-03-17,Oregon,Drug Store,112.0,79.0,114.0,21
2020-03-17,Oregon,Travel & Transport,99.0,88.0,100.0,22
2020-03-17,Oregon,Airport,69.0,46.0,70.0,23
2020-03-17,Oregon,Sports,99.0,94.0,99.0,24
2020-03-17,Oregon,Alcohol,121.0,96.0,123.0,25
2020-03-17,Oregon,Light Rail Stations,67.0,75.0,67.0,26
2020-03-17,Oregon,Discount Stores,105.0,92.0,105.0,27
2020-03-17,Oregon,Banks,79.0,64.0,80.0,28
2020-03-17,Oregon,Bus,72.0,"",72.0,29
2020-03-17,Oregon,Beach,121.0,99.0,124.0,30
2020-03-18,Oregon,Shops & Services,78.0,67.0,79.0,1
2020-03-18,Oregon,Food,63.0,51.0,63.0,2
2020-03-18,Oregon,Grocery,104.0,91.0,105.0,3
2020-03-18,Oregon,Outdoors & Recreation,99.0,88.0,100.0,4
2020-03-18,Oregon,Gas Stations,85.0,77.0,86.0,5
2020-03-18,Oregon,Nightlife Spots,58.0,52.0,58.0,6
2020-03-18,Oregon,Medical,62.0,49.0,63.0,7
2020-03-18,Oregon,Fast Food Restaurants,73.0,63.0,73.0,8
2020-03-18,Oregon,Professional & Other Places,79.0,72.0,79.0,9
2020-03-18,Oregon,Big Box Stores,97.0,78.0,97.0,10
2020-03-18,Oregon,School,47.0,54.0,47.0,11
2020-03-18,Oregon,Hardware Stores,103.0,88.0,104.0,12
2020-03-18,Oregon,Convenience Store,87.0,69.0,88.0,13
2020-03-18,Oregon,Office,63.0,62.0,63.0,14
2020-03-18,Oregon,Hotel,69.0,64.0,69.0,15
2020-03-18,Oregon,Residences,85.0,71.0,86.0,16
2020-03-18,Oregon,Arts & Entertainment,60.0,62.0,60.0,17
2020-03-18,Oregon,Drug Store,106.0,97.0,107.0,18
2020-03-18,Oregon,Travel & Transport,96.0,81.0,96.0,19
2020-03-18,Oregon,Colleges & Universities,38.0,75.0,38.0,20
2020-03-18,Oregon,Government,69.0,68.0,69.0,21
2020-03-18,Oregon,Sports,100.0,88.0,101.0,22
2020-03-18,Oregon,Fitness Center,45.0,34.0,46.0,23
2020-03-18,Oregon,Airport,53.0,33.0,54.0,24
2020-03-18,Oregon,Light Rail Stations,65.0,"",65.0,25
2020-03-18,Oregon,Banks,78.0,77.0,78.0,26
2020-03-18,Oregon,Discount Stores,94.0,70.0,95.0,27
2020-03-18,Oregon,Alcohol,97.0,81.0,98.0,28
2020-03-18,Oregon,Beach,130.0,97.0,134.0,29
2020-03-18,Oregon,Bus,58.0,"",59.0,30
2020-03-19,Oregon,Food,61.0,53.0,62.0,1
2020-03-19,Oregon,Shops & Services,72.0,64.0,73.0,2
2020-03-19,Oregon,Grocery,99.0,88.0,100.0,3
2020-03-19,Oregon,Outdoors & Recreation,105.0,98.0,105.0,4
2020-03-19,Oregon,Gas Stations,88.0,75.0,89.0,5
2020-03-19,Oregon,Nightlife Spots,53.0,55.0,53.0,6
2020-03-19,Oregon,Medical,57.0,45.0,58.0,7
2020-03-19,Oregon,Fast Food Restaurants,71.0,59.0,72.0,8
2020-03-19,Oregon,Professional & Other Places,74.0,70.0,75.0,9
2020-03-19,Oregon,School,49.0,58.0,49.0,10
2020-03-19,Oregon,Big Box Stores,88.0,72.0,88.0,11
2020-03-19,Oregon,Hardware Stores,105.0,86.0,106.0,12
2020-03-19,Oregon,Office,61.0,70.0,61.0,13
2020-03-19,Oregon,Convenience Store,76.0,62.0,76.0,14
2020-03-19,Oregon,Hotel,67.0,69.0,66.0,15
2020-03-19,Oregon,Residences,85.0,84.0,86.0,16
2020-03-19,Oregon,Arts & Entertainment,61.0,56.0,61.0,17
2020-03-19,Oregon,Travel & Transport,93.0,97.0,93.0,18
2020-03-19,Oregon,Colleges & Universities,38.0,61.0,38.0,19
2020-03-19,Oregon,Sports,92.0,81.0,93.0,20
2020-03-19,Oregon,Drug Store,91.0,74.0,92.0,21
2020-03-19,Oregon,Government,64.0,60.0,64.0,22
2020-03-19,Oregon,Fitness Center,45.0,38.0,45.0,23
2020-03-19,Oregon,Airport,46.0,48.0,45.0,24
2020-03-19,Oregon,Discount Stores,90.0,74.0,91.0,25
2020-03-19,Oregon,Banks,73.0,69.0,73.0,26
2020-03-19,Oregon,Alcohol,86.0,67.0,88.0,27
2020-03-19,Oregon,Light Rail Stations,54.0,"",54.0,28
2020-03-19,Oregon,Beach,133.0,105.0,135.0,29
2020-03-19,Oregon,Bus,61.0,"",61.0,30
2020-03-20,Oregon,Food,59.0,49.0,59.0,1
2020-03-20,Oregon,Shops & Services,72.0,60.0,73.0,2
2020-03-20,Oregon,Grocery,96.0,79.0,97.0,3
2020-03-20,Oregon,Outdoors & Recreation,102.0,90.0,103.0,4
2020-03-20,Oregon,Gas Stations,84.0,75.0,85.0,5
2020-03-20,Oregon,Nightlife Spots,52.0,54.0,52.0,6
2020-03-20,Oregon,Fast Food Restaurants,72.0,65.0,72.0,7
2020-03-20,Oregon,Medical,60.0,50.0,60.0,8
2020-03-20,Oregon,Professional & Other Places,75.0,64.0,76.0,9
2020-03-20,Oregon,Big Box Stores,85.0,69.0,86.0,10
2020-03-20,Oregon,School,47.0,52.0,47.0,11
2020-03-20,Oregon,Hardware Stores,107.0,91.0,108.0,12
2020-03-20,Oregon,Convenience Store,79.0,73.0,79.0,13
2020-03-20,Oregon,Hotel,62.0,67.0,62.0,14
2020-03-20,Oregon,Office,60.0,63.0,60.0,15
2020-03-20,Oregon,Residences,82.0,79.0,82.0,16
2020-03-20,Oregon,Arts & Entertainment,54.0,47.0,54.0,17
2020-03-20,Oregon,Drug Store,97.0,77.0,98.0,18
2020-03-20,Oregon,Travel & Transport,91.0,95.0,91.0,19
2020-03-20,Oregon,Sports,94.0,90.0,94.0,20
2020-03-20,Oregon,Fitness Center,46.0,32.0,46.0,21
2020-03-20,Oregon,Government,63.0,56.0,63.0,22
2020-03-20,Oregon,Colleges & Universities,37.0,49.0,36.0,23
2020-03-20,Oregon,Airport,38.0,45.0,37.0,24
2020-03-20,Oregon,Banks,79.0,66.0,80.0,25
2020-03-20,Oregon,Alcohol,98.0,92.0,98.0,26
2020-03-20,Oregon,Beach,146.0,96.0,151.0,27
2020-03-20,Oregon,Discount Stores,75.0,63.0,75.0,28
2020-03-20,Oregon,Light Rail Stations,50.0,"",50.0,29
2020-03-20,Oregon,Bus,67.0,"",68.0,30
2020-03-21,Oregon,Food,50.0,43.0,50.0,1
2020-03-21,Oregon,Shops & Services,58.0,51.0,59.0,2
2020-03-21,Oregon,Grocery,87.0,69.0,88.0,3
2020-03-21,Oregon,Outdoors & Recreation,111.0,102.0,112.0,4
2020-03-21,Oregon,Gas Stations,84.0,68.0,84.0,5
2020-03-21,Oregon,Nightlife Spots,41.0,46.0,41.0,6
2020-03-21,Oregon,Fast Food Restaurants,67.0,57.0,68.0,7
2020-03-21,Oregon,Big Box Stores,81.0,68.0,81.0,8
2020-03-21,Oregon,Hardware Stores,109.0,93.0,110.0,9
2020-03-21,Oregon,School,56.0,56.0,56.0,10
2020-03-21,Oregon,Professional & Other Places,61.0,55.0,61.0,11
2020-03-21,Oregon,Convenience Store,77.0,71.0,77.0,12
2020-03-21,Oregon,Hotel,52.0,59.0,52.0,13
2020-03-21,Oregon,Medical,66.0,63.0,66.0,14
2020-03-21,Oregon,Arts & Entertainment,41.0,36.0,41.0,15
2020-03-21,Oregon,Drug Store,101.0,78.0,102.0,16
2020-03-21,Oregon,Residences,76.0,52.0,77.0,17
2020-03-21,Oregon,Sports,94.0,101.0,93.0,18
2020-03-21,Oregon,Travel & Transport,84.0,70.0,85.0,19
2020-03-21,Oregon,Office,77.0,64.0,78.0,20
2020-03-21,Oregon,Fitness Center,41.0,36.0,41.0,21
2020-03-21,Oregon,Beach,154.0,131.0,155.0,22
2020-03-21,Oregon,Airport,42.0,45.0,42.0,23
2020-03-21,Oregon,Colleges & Universities,42.0,59.0,42.0,24
2020-03-21,Oregon,Alcohol,83.0,67.0,84.0,25
2020-03-21,Oregon,Government,76.0,73.0,76.0,26
2020-03-21,Oregon,Discount Stores,77.0,69.0,77.0,27
2020-03-21,Oregon,Light Rail Stations,59.0,"",59.0,28
2020-03-21,Oregon,Banks,63.0,59.0,63.0,29
2020-03-21,Oregon,Bus,63.0,"",63.0,30
2020-03-22,Oregon,Food,46.0,40.0,46.0,1
2020-03-22,Oregon,Grocery,76.0,65.0,77.0,2
2020-03-22,Oregon,Outdoors & Recreation,103.0,95.0,103.0,3
2020-03-22,Oregon,Shops & Services,48.0,45.0,48.0,4
2020-03-22,Oregon,Gas Stations,77.0,63.0,77.0,5
2020-03-22,Oregon,Nightlife Spots,35.0,41.0,35.0,6
2020-03-22,Oregon,Fast Food Restaurants,65.0,56.0,65.0,7
2020-03-22,Oregon,Big Box Stores,71.0,72.0,71.0,8
2020-03-22,Oregon,Hardware Stores,102.0,89.0,103.0,9
2020-03-22,Oregon,School,67.0,64.0,67.0,10
2020-03-22,Oregon,Convenience Store,74.0,63.0,74.0,11
2020-03-22,Oregon,Hotel,50.0,51.0,49.0,12
2020-03-22,Oregon,Professional & Other Places,62.0,56.0,63.0,13
2020-03-22,Oregon,Residences,76.0,73.0,76.0,14
2020-03-22,Oregon,Medical,70.0,64.0,71.0,15
2020-03-22,Oregon,Arts & Entertainment,34.0,36.0,34.0,16
2020-03-22,Oregon,Drug Store,101.0,78.0,102.0,17
2020-03-22,Oregon,Sports,91.0,100.0,90.0,18
2020-03-22,Oregon,Travel & Transport,84.0,77.0,84.0,19
2020-03-22,Oregon,Office,85.0,61.0,86.0,20
2020-03-22,Oregon,Beach,108.0,73.0,110.0,21
2020-03-22,Oregon,Fitness Center,39.0,34.0,39.0,22
2020-03-22,Oregon,Colleges & Universities,46.0,50.0,45.0,23
2020-03-22,Oregon,Airport,37.0,44.0,36.0,24
2020-03-22,Oregon,Discount Stores,78.0,59.0,78.0,25
2020-03-22,Oregon,Government,84.0,74.0,84.0,26
2020-03-22,Oregon,Alcohol,79.0,83.0,79.0,27
2020-03-22,Oregon,Light Rail Stations,56.0,"",56.0,28
2020-03-22,Oregon,Bus,60.0,"",60.0,29
2020-03-22,Oregon,Banks,70.0,"",70.0,30
2020-03-23,Oregon,Food,54.0,48.0,54.0,1
2020-03-23,Oregon,Shops & Services,63.0,53.0,63.0,2
2020-03-23,Oregon,Grocery,89.0,75.0,90.0,3
2020-03-23,Oregon,Outdoors & Recreation,82.0,70.0,83.0,4
2020-03-23,Oregon,Gas Stations,81.0,70.0,82.0,5
2020-03-23,Oregon,Nightlife Spots,52.0,51.0,52.0,6
2020-03-23,Oregon,Medical,58.0,43.0,59.0,7
2020-03-23,Oregon,Fast Food Restaurants,67.0,55.0,67.0,8
2020-03-23,Oregon,Professional & Other Places,77.0,69.0,78.0,9
2020-03-23,Oregon,Big Box Stores,81.0,70.0,82.0,10
2020-03-23,Oregon,School,51.0,57.0,51.0,11
2020-03-23,Oregon,Hardware Stores,92.0,76.0,94.0,12
2020-03-23,Oregon,Office,66.0,65.0,66.0,13
2020-03-23,Oregon,Convenience Store,77.0,69.0,78.0,14
2020-03-23,Oregon,Hotel,57.0,49.0,57.0,15
2020-03-23,Oregon,Residences,76.0,68.0,76.0,16
2020-03-23,Oregon,Drug Store,113.0,114.0,113.0,17
2020-03-23,Oregon,Arts & Entertainment,48.0,45.0,49.0,18
2020-03-23,Oregon,Travel & Transport,81.0,77.0,81.0,19
2020-03-23,Oregon,Government,63.0,54.0,64.0,20
2020-03-23,Oregon,Fitness Center,43.0,28.0,44.0,21
2020-03-23,Oregon,Sports,78.0,65.0,79.0,22
2020-03-23,Oregon,Colleges & Universities,31.0,42.0,31.0,23
2020-03-23,Oregon,Airport,33.0,33.0,33.0,24
2020-03-23,Oregon,Banks,87.0,84.0,87.0,25
2020-03-23,Oregon,Alcohol,97.0,81.0,98.0,26
2020-03-23,Oregon,Discount Stores,82.0,77.0,82.0,27
2020-03-23,Oregon,Light Rail Stations,52.0,"",52.0,28
2020-03-23,Oregon,Beach,80.0,62.0,82.0,29
2020-03-23,Oregon,Bus,64.0,"",64.0,30
2020-03-24,Oregon,Food,45.0,38.0,46.0,1
2020-03-24,Oregon,Shops & Services,51.0,43.0,51.0,2
2020-03-24,Oregon,Grocery,75.0,70.0,75.0,3
2020-03-24,Oregon,Outdoors & Recreation,69.0,63.0,69.0,4
2020-03-24,Oregon,Gas Stations,70.0,59.0,71.0,5
2020-03-24,Oregon,Nightlife Spots,45.0,41.0,45.0,6
2020-03-24,Oregon,Professional & Other Places,65.0,56.0,65.0,7
2020-03-24,Oregon,Medical,42.0,32.0,43.0,8
2020-03-24,Oregon,Fast Food Restaurants,54.0,37.0,54.0,9
2020-03-24,Oregon,Big Box Stores,71.0,62.0,72.0,10
2020-03-24,Oregon,School,35.0,41.0,35.0,11
2020-03-24,Oregon,Office,51.0,45.0,51.0,12
2020-03-24,Oregon,Hardware Stores,72.0,54.0,74.0,13
2020-03-24,Oregon,Convenience Store,60.0,48.0,61.0,14
2020-03-24,Oregon,Hotel,48.0,44.0,48.0,15
2020-03-24,Oregon,Residences,67.0,63.0,68.0,16
2020-03-24,Oregon,Drug Store,91.0,73.0,92.0,17
2020-03-24,Oregon,Arts & Entertainment,48.0,47.0,48.0,18
2020-03-24,Oregon,Travel & Transport,73.0,66.0,73.0,19
2020-03-24,Oregon,Government,51.0,40.0,52.0,20
2020-03-24,Oregon,Sports,69.0,61.0,70.0,21
2020-03-24,Oregon,Fitness Center,28.0,23.0,29.0,22
2020-03-24,Oregon,Colleges & Universities,22.0,43.0,22.0,23
2020-03-24,Oregon,Airport,32.0,28.0,33.0,24
2020-03-24,Oregon,Banks,53.0,37.0,54.0,25
2020-03-24,Oregon,Alcohol,68.0,51.0,69.0,26
2020-03-24,Oregon,Light Rail Stations,39.0,"",39.0,27
2020-03-24,Oregon,Discount Stores,60.0,40.0,62.0,28
2020-03-24,Oregon,Bus,48.0,"",48.0,29
2020-03-24,Oregon,Beach,66.0,52.0,68.0,30
2020-03-25,Oregon,Food,46.0,39.0,46.0,1
2020-03-25,Oregon,Shops & Services,50.0,43.0,51.0,2
2020-03-25,Oregon,Grocery,72.0,64.0,73.0,3
2020-03-25,Oregon,Outdoors & Recreation,73.0,67.0,73.0,4
2020-03-25,Oregon,Gas Stations,62.0,53.0,62.0,5
2020-03-25,Oregon,Nightlife Spots,41.0,42.0,41.0,6
2020-03-25,Oregon,Professional & Other Places,67.0,61.0,67.0,7
2020-03-25,Oregon,Medical,44.0,37.0,45.0,8
2020-03-25,Oregon,Fast Food Restaurants,52.0,43.0,53.0,9
2020-03-25,Oregon,Big Box Stores,71.0,52.0,72.0,10
2020-03-25,Oregon,School,35.0,46.0,35.0,11
2020-03-25,Oregon,Convenience Store,63.0,55.0,64.0,12
2020-03-25,Oregon,Office,47.0,49.0,47.0,13
2020-03-25,Oregon,Hardware Stores,71.0,61.0,72.0,14
2020-03-25,Oregon,Hotel,48.0,54.0,48.0,15
2020-03-25,Oregon,Residences,65.0,72.0,65.0,16
2020-03-25,Oregon,Drug Store,86.0,79.0,86.0,17
2020-03-25,Oregon,Arts & Entertainment,44.0,46.0,44.0,18
2020-03-25,Oregon,Travel & Transport,73.0,72.0,73.0,19
2020-03-25,Oregon,Government,50.0,50.0,50.0,20
2020-03-25,Oregon,Sports,71.0,62.0,72.0,21
2020-03-25,Oregon,Colleges & Universities,24.0,55.0,24.0,22
2020-03-25,Oregon,Fitness Center,28.0,22.0,29.0,23
2020-03-25,Oregon,Airport,33.0,51.0,32.0,24
2020-03-25,Oregon,Alcohol,70.0,62.0,70.0,25
2020-03-25,Oregon,Banks,51.0,53.0,51.0,26
2020-03-25,Oregon,Light Rail Stations,40.0,"",40.0,27
2020-03-25,Oregon,Bus,49.0,"",49.0,28
2020-03-25,Oregon,Discount Stores,53.0,"",54.0,29
2020-03-25,Oregon,Beach,73.0,74.0,73.0,30
2020-03-26,Oregon,Food,45.0,38.0,45.0,1
2020-03-26,Oregon,Shops & Services,52.0,46.0,52.0,2
2020-03-26,Oregon,Grocery,72.0,65.0,73.0,3
2020-03-26,Oregon,Outdoors & Recreation,76.0,73.0,76.0,4
2020-03-26,Oregon,Gas Stations,63.0,53.0,63.0,5
2020-03-26,Oregon,Nightlife Spots,43.0,38.0,43.0,6
2020-03-26,Oregon,Professional & Other Places,63.0,61.0,63.0,7
2020-03-26,Oregon,Medical,44.0,37.0,45.0,8
2020-03-26,Oregon,Fast Food Restaurants,55.0,42.0,55.0,9
2020-03-26,Oregon,School,38.0,50.0,38.0,10
2020-03-26,Oregon,Big Box Stores,66.0,56.0,67.0,11
2020-03-26,Oregon,Office,51.0,54.0,51.0,12
2020-03-26,Oregon,Hardware Stores,78.0,61.0,79.0,13
2020-03-26,Oregon,Convenience Store,61.0,51.0,61.0,14
2020-03-26,Oregon,Hotel,48.0,45.0,48.0,15
2020-03-26,Oregon,Residences,70.0,65.0,70.0,16
2020-03-26,Oregon,Arts & Entertainment,46.0,47.0,46.0,17
2020-03-26,Oregon,Drug Store,82.0,68.0,83.0,18
2020-03-26,Oregon,Travel & Transport,72.0,71.0,72.0,19
2020-03-26,Oregon,Sports,76.0,79.0,76.0,20
2020-03-26,Oregon,Government,48.0,44.0,48.0,21
2020-03-26,Oregon,Fitness Center,31.0,25.0,31.0,22
2020-03-26,Oregon,Colleges & Universities,22.0,51.0,22.0,23
2020-03-26,Oregon,Airport,28.0,27.0,28.0,24
2020-03-26,Oregon,Light Rail Stations,46.0,"",46.0,25
2020-03-26,Oregon,Banks,55.0,37.0,56.0,26
2020-03-26,Oregon,Bus,54.0,"",54.0,27
2020-03-26,Oregon,Alcohol,61.0,51.0,62.0,28
2020-03-26,Oregon,Discount Stores,58.0,52.0,58.0,29
2020-03-26,Oregon,Beach,68.0,59.0,69.0,30
2020-03-27,Oregon,Food,41.0,34.0,42.0,1
2020-03-27,Oregon,Shops & Services,47.0,41.0,48.0,2
2020-03-27,Oregon,Grocery,70.0,60.0,71.0,3
2020-03-27,Oregon,Outdoors & Recreation,66.0,58.0,66.0,4
2020-03-27,Oregon,Gas Stations,59.0,46.0,60.0,5
2020-03-27,Oregon,Nightlife Spots,37.0,44.0,37.0,6
2020-03-27,Oregon,Fast Food Restaurants,55.0,46.0,56.0,7
2020-03-27,Oregon,Professional & Other Places,59.0,50.0,60.0,8
2020-03-27,Oregon,Medical,44.0,35.0,44.0,9
2020-03-27,Oregon,Big Box Stores,66.0,49.0,67.0,10
2020-03-27,Oregon,School,34.0,42.0,34.0,11
2020-03-27,Oregon,Hardware Stores,76.0,61.0,77.0,12
2020-03-27,Oregon,Convenience Store,58.0,49.0,59.0,13
2020-03-27,Oregon,Office,48.0,51.0,48.0,14
2020-03-27,Oregon,Hotel,40.0,35.0,40.0,15
2020-03-27,Oregon,Residences,60.0,54.0,60.0,16
2020-03-27,Oregon,Drug Store,80.0,69.0,81.0,17
2020-03-27,Oregon,Arts & Entertainment,40.0,39.0,40.0,18
2020-03-27,Oregon,Travel & Transport,64.0,64.0,64.0,19
2020-03-27,Oregon,Sports,65.0,69.0,65.0,20
2020-03-27,Oregon,Government,44.0,36.0,45.0,21
2020-03-27,Oregon,Fitness Center,28.0,21.0,28.0,22
2020-03-27,Oregon,Colleges & Universities,24.0,39.0,23.0,23
2020-03-27,Oregon,Airport,26.0,21.0,26.0,24
2020-03-27,Oregon,Alcohol,71.0,70.0,71.0,25
2020-03-27,Oregon,Banks,55.0,49.0,56.0,26
2020-03-27,Oregon,Light Rail Stations,39.0,"",39.0,27
2020-03-27,Oregon,Discount Stores,50.0,45.0,51.0,28
2020-03-27,Oregon,Bus,44.0,"",44.0,29
2020-03-27,Oregon,Beach,50.0,52.0,49.0,30
2020-03-28,Oregon,Food,36.0,30.0,36.0,1
2020-03-28,Oregon,Grocery,66.0,53.0,67.0,2
2020-03-28,Oregon,Shops & Services,38.0,35.0,38.0,3
2020-03-28,Oregon,Outdoors & Recreation,63.0,64.0,63.0,4
2020-03-28,Oregon,Gas Stations,56.0,45.0,56.0,5
2020-03-28,Oregon,Nightlife Spots,28.0,32.0,28.0,6
2020-03-28,Oregon,Fast Food Restaurants,48.0,40.0,48.0,7
2020-03-28,Oregon,Big Box Stores,63.0,50.0,63.0,8
2020-03-28,Oregon,Hardware Stores,72.0,61.0,72.0,9
2020-03-28,Oregon,Professional & Other Places,45.0,38.0,46.0,10
2020-03-28,Oregon,Convenience Store,56.0,46.0,56.0,11
2020-03-28,Oregon,School,38.0,39.0,37.0,12
2020-03-28,Oregon,Medical,48.0,44.0,48.0,13
2020-03-28,Oregon,Residences,59.0,49.0,59.0,14
2020-03-28,Oregon,Drug Store,76.0,58.0,77.0,15
2020-03-28,Oregon,Hotel,31.0,39.0,30.0,16
2020-03-28,Oregon,Arts & Entertainment,30.0,30.0,30.0,17
2020-03-28,Oregon,Travel & Transport,65.0,57.0,65.0,18
2020-03-28,Oregon,Office,60.0,45.0,60.0,19
2020-03-28,Oregon,Sports,59.0,67.0,59.0,20
2020-03-28,Oregon,Fitness Center,26.0,24.0,27.0,21
2020-03-28,Oregon,Government,63.0,"",63.0,22
2020-03-28,Oregon,Colleges & Universities,32.0,39.0,31.0,23
2020-03-28,Oregon,Airport,27.0,34.0,27.0,24
2020-03-28,Oregon,Discount Stores,55.0,"",56.0,25
2020-03-28,Oregon,Alcohol,54.0,50.0,54.0,26
2020-03-28,Oregon,Light Rail Stations,45.0,"",46.0,27
2020-03-28,Oregon,Banks,46.0,"",46.0,28
2020-03-28,Oregon,Bus,45.0,"",45.0,29
2020-03-28,Oregon,Beach,30.0,"",30.0,30
2020-03-29,Oregon,Food,31.0,27.0,31.0,1
2020-03-29,Oregon,Grocery,54.0,47.0,55.0,2
2020-03-29,Oregon,Shops & Services,31.0,28.0,31.0,3
2020-03-29,Oregon,Outdoors & Recreation,52.0,52.0,52.0,4
2020-03-29,Oregon,Fast Food Restaurants,49.0,40.0,49.0,5
2020-03-29,Oregon,Gas Stations,51.0,44.0,51.0,6
2020-03-29,Oregon,Big Box Stores,53.0,53.0,53.0,7
2020-03-29,Oregon,Nightlife Spots,22.0,25.0,22.0,8
2020-03-29,Oregon,Hardware Stores,62.0,46.0,63.0,9
2020-03-29,Oregon,Convenience Store,51.0,44.0,52.0,10
2020-03-29,Oregon,School,41.0,41.0,41.0,11
2020-03-29,Oregon,Professional & Other Places,41.0,37.0,41.0,12
2020-03-29,Oregon,Drug Store,80.0,76.0,80.0,13
2020-03-29,Oregon,Medical,50.0,51.0,50.0,14
2020-03-29,Oregon,Residences,46.0,42.0,46.0,15
2020-03-29,Oregon,Hotel,23.0,28.0,23.0,16
2020-03-29,Oregon,Arts & Entertainment,22.0,24.0,22.0,17
2020-03-29,Oregon,Travel & Transport,55.0,57.0,55.0,18
2020-03-29,Oregon,Sports,53.0,59.0,53.0,19
2020-03-29,Oregon,Office,60.0,61.0,60.0,20
2020-03-29,Oregon,Fitness Center,28.0,"",28.0,21
2020-03-29,Oregon,Colleges & Universities,34.0,49.0,34.0,22
2020-03-29,Oregon,Airport,25.0,"",26.0,23
2020-03-29,Oregon,Government,58.0,"",58.0,24
2020-03-29,Oregon,Alcohol,52.0,73.0,52.0,25
2020-03-29,Oregon,Discount Stores,45.0,"",45.0,26
2020-03-29,Oregon,Light Rail Stations,38.0,"",38.0,27
2020-03-29,Oregon,Bus,40.0,"",40.0,28
2020-03-29,Oregon,Banks,48.0,"",48.0,29
2020-03-30,Oregon,Food,41.0,35.0,41.0,1
2020-03-30,Oregon,Shops & Services,47.0,44.0,47.0,2
2020-03-30,Oregon,Grocery,65.0,57.0,65.0,3
2020-03-30,Oregon,Outdoors & Recreation,58.0,51.0,58.0,4
2020-03-30,Oregon,Gas Stations,59.0,48.0,59.0,5
2020-03-30,Oregon,Nightlife Spots,37.0,38.0,37.0,6
2020-03-30,Oregon,Fast Food Restaurants,52.0,38.0,52.0,7
2020-03-30,Oregon,Professional & Other Places,61.0,53.0,62.0,8
2020-03-30,Oregon,Medical,41.0,34.0,42.0,9
2020-03-30,Oregon,Big Box Stores,62.0,53.0,62.0,10
2020-03-30,Oregon,School,42.0,52.0,42.0,11
2020-03-30,Oregon,Hardware Stores,73.0,59.0,74.0,12
2020-03-30,Oregon,Convenience Store,59.0,48.0,60.0,13
2020-03-30,Oregon,Office,49.0,42.0,49.0,14
2020-03-30,Oregon,Residences,58.0,54.0,58.0,15
2020-03-30,Oregon,Hotel,37.0,36.0,37.0,16
2020-03-30,Oregon,Drug Store,81.0,70.0,82.0,17
2020-03-30,Oregon,Arts & Entertainment,36.0,39.0,36.0,18
2020-03-30,Oregon,Travel & Transport,59.0,50.0,59.0,19
2020-03-30,Oregon,Government,47.0,46.0,47.0,20
2020-03-30,Oregon,Sports,58.0,52.0,58.0,21
2020-03-30,Oregon,Fitness Center,28.0,25.0,28.0,22
2020-03-30,Oregon,Colleges & Universities,21.0,45.0,21.0,23
2020-03-30,Oregon,Airport,21.0,28.0,21.0,24
2020-03-30,Oregon,Banks,62.0,55.0,62.0,25
2020-03-30,Oregon,Light Rail Stations,46.0,"",46.0,26
2020-03-30,Oregon,Alcohol,59.0,56.0,59.0,27
2020-03-30,Oregon,Discount Stores,53.0,57.0,53.0,28
2020-03-30,Oregon,Bus,49.0,"",49.0,29
2020-03-30,Oregon,Beach,33.0,"",33.0,30
2020-03-31,Oregon,Food,41.0,35.0,42.0,1
2020-03-31,Oregon,Shops & Services,45.0,40.0,46.0,2
2020-03-31,Oregon,Grocery,64.0,60.0,64.0,3
2020-03-31,Oregon,Outdoors & Recreation,61.0,57.0,61.0,4
2020-03-31,Oregon,Gas Stations,58.0,50.0,59.0,5
2020-03-31,Oregon,Nightlife Spots,39.0,39.0,39.0,6
2020-03-31,Oregon,Fast Food Restaurants,57.0,44.0,57.0,7
2020-03-31,Oregon,Professional & Other Places,57.0,48.0,57.0,8
2020-03-31,Oregon,Medical,36.0,31.0,37.0,9
2020-03-31,Oregon,Big Box Stores,61.0,49.0,62.0,10
2020-03-31,Oregon,School,31.0,37.0,31.0,11
2020-03-31,Oregon,Office,42.0,45.0,42.0,12
2020-03-31,Oregon,Hardware Stores,65.0,49.0,66.0,13
2020-03-31,Oregon,Convenience Store,55.0,50.0,55.0,14
2020-03-31,Oregon,Residences,64.0,71.0,64.0,15
2020-03-31,Oregon,Hotel,39.0,33.0,39.0,16
2020-03-31,Oregon,Drug Store,76.0,57.0,77.0,17
2020-03-31,Oregon,Arts & Entertainment,40.0,42.0,40.0,18
2020-03-31,Oregon,Travel & Transport,58.0,55.0,58.0,19
2020-03-31,Oregon,Government,43.0,40.0,43.0,20
2020-03-31,Oregon,Sports,58.0,57.0,58.0,21
2020-03-31,Oregon,Fitness Center,24.0,19.0,25.0,22
2020-03-31,Oregon,Colleges & Universities,19.0,37.0,19.0,23
2020-03-31,Oregon,Banks,58.0,46.0,59.0,24
2020-03-31,Oregon,Airport,21.0,19.0,22.0,25
2020-03-31,Oregon,Alcohol,68.0,64.0,68.0,26
2020-03-31,Oregon,Discount Stores,58.0,41.0,59.0,27
2020-03-31,Oregon,Light Rail Stations,37.0,"",37.0,28
2020-03-31,Oregon,Bus,37.0,"",37.0,29
2020-03-31,Oregon,Beach,54.0,61.0,53.0,30
2020-04-01,Oregon,Food,44.0,33.0,45.0,1
2020-04-01,Oregon,Shops & Services,47.0,40.0,48.0,2
2020-04-01,Oregon,Grocery,70.0,56.0,71.0,3
2020-04-01,Oregon,Outdoors & Recreation,62.0,59.0,63.0,4
2020-04-01,Oregon,Gas Stations,62.0,46.0,63.0,5
2020-04-01,Oregon,Nightlife Spots,41.0,39.0,41.0,6
2020-04-01,Oregon,Fast Food Restaurants,61.0,48.0,62.0,7
2020-04-01,Oregon,Professional & Other Places,58.0,54.0,59.0,8
2020-04-01,Oregon,Medical,40.0,30.0,40.0,9
2020-04-01,Oregon,Big Box Stores,70.0,55.0,71.0,10
2020-04-01,Oregon,School,34.0,40.0,34.0,11
2020-04-01,Oregon,Hardware Stores,77.0,61.0,78.0,12
2020-04-01,Oregon,Convenience Store,61.0,47.0,62.0,13
2020-04-01,Oregon,Office,44.0,42.0,44.0,14
2020-04-01,Oregon,Hotel,43.0,38.0,43.0,15
2020-04-01,Oregon,Residences,63.0,56.0,63.0,16
2020-04-01,Oregon,Drug Store,82.0,59.0,83.0,17
2020-04-01,Oregon,Arts & Entertainment,39.0,30.0,40.0,18
2020-04-01,Oregon,Travel & Transport,65.0,57.0,65.0,19
2020-04-01,Oregon,Government,45.0,36.0,45.0,20
2020-04-01,Oregon,Sports,60.0,54.0,60.0,21
2020-04-01,Oregon,Fitness Center,23.0,18.0,24.0,22
2020-04-01,Oregon,Banks,70.0,54.0,71.0,23
2020-04-01,Oregon,Colleges & Universities,19.0,38.0,19.0,24
2020-04-01,Oregon,Light Rail Stations,41.0,"",41.0,25
2020-04-01,Oregon,Alcohol,66.0,52.0,67.0,26
2020-04-01,Oregon,Discount Stores,58.0,43.0,59.0,27
2020-04-01,Oregon,Airport,22.0,23.0,22.0,28
2020-04-01,Oregon,Bus,43.0,"",43.0,29
2020-04-01,Oregon,Beach,53.0,59.0,53.0,30
2020-04-02,Oregon,Food,43.0,37.0,43.0,1
2020-04-02,Oregon,Shops & Services,47.0,42.0,47.0,2
2020-04-02,Oregon,Grocery,70.0,59.0,70.0,3
2020-04-02,Oregon,Outdoors & Recreation,69.0,66.0,69.0,4
2020-04-02,Oregon,Gas Stations,62.0,51.0,62.0,5
2020-04-02,Oregon,Nightlife Spots,41.0,41.0,41.0,6
2020-04-02,Oregon,Fast Food Restaurants,59.0,44.0,59.0,7
2020-04-02,Oregon,Professional & Other Places,58.0,55.0,58.0,8
2020-04-02,Oregon,Medical,38.0,31.0,39.0,9
2020-04-02,Oregon,School,37.0,45.0,37.0,10
2020-04-02,Oregon,Big Box Stores,68.0,51.0,69.0,11
2020-04-02,Oregon,Office,48.0,51.0,48.0,12
2020-04-02,Oregon,Hardware Stores,73.0,59.0,74.0,13
2020-04-02,Oregon,Convenience Store,58.0,42.0,59.0,14
2020-04-02,Oregon,Hotel,42.0,45.0,41.0,15
2020-04-02,Oregon,Residences,61.0,57.0,61.0,16
2020-04-02,Oregon,Drug Store,81.0,68.0,81.0,17
2020-04-02,Oregon,Arts & Entertainment,44.0,40.0,45.0,18
2020-04-02,Oregon,Travel & Transport,61.0,58.0,62.0,19
2020-04-02,Oregon,Government,45.0,41.0,46.0,20
2020-04-02,Oregon,Sports,61.0,59.0,61.0,21
2020-04-02,Oregon,Fitness Center,27.0,24.0,27.0,22
2020-04-02,Oregon,Colleges & Universities,20.0,45.0,20.0,23
2020-04-02,Oregon,Banks,61.0,49.0,62.0,24
2020-04-02,Oregon,Airport,24.0,"",24.0,25
2020-04-02,Oregon,Alcohol,68.0,54.0,69.0,26
2020-04-02,Oregon,Discount Stores,60.0,"",61.0,27
2020-04-02,Oregon,Light Rail Stations,36.0,"",36.0,28
2020-04-02,Oregon,Bus,37.0,"",37.0,29
2020-04-02,Oregon,Beach,60.0,68.0,59.0,30
