2020-03-01,Montana,Food,104.0,108.0,103.0,1
2020-03-01,Montana,Shops & Services,118.0,121.0,118.0,2
2020-03-01,Montana,Nightlife Spots,99.0,108.0,99.0,3
2020-03-01,Montana,Gas Stations,106.0,114.0,105.0,4
2020-03-01,Montana,Grocery,102.0,110.0,102.0,5
2020-03-01,Montana,Outdoors & Recreation,113.0,114.0,113.0,6
2020-03-01,Montana,Hotel,107.0,98.0,107.0,7
2020-03-01,Montana,Big Box Stores,109.0,94.0,109.0,8
2020-03-01,Montana,Fast Food Restaurants,114.0,110.0,114.0,9
2020-03-01,Montana,Arts & Entertainment,115.0,101.0,116.0,10
2020-03-01,Montana,Skiing,103.0,93.0,104.0,11
2020-03-01,Montana,Hardware Stores,116.0,97.0,117.0,12
2020-03-01,Montana,School,110.0,87.0,112.0,13
2020-03-01,Montana,Professional & Other Places,125.0,120.0,125.0,14
2020-03-01,Montana,Medical,107.0,104.0,107.0,15
2020-03-01,Montana,Convenience Store,97.0,107.0,96.0,16
2020-03-01,Montana,Airport,103.0,105.0,103.0,17
2020-03-01,Montana,Colleges & Universities,112.0,"",110.0,18
2020-03-01,Montana,Sports,117.0,114.0,117.0,19
2020-03-01,Montana,Travel & Transport,117.0,"",118.0,20
2020-03-01,Montana,Fitness Center,95.0,"",94.0,21
2020-03-01,Montana,Drug Store,107.0,128.0,106.0,22
2020-03-01,Montana,Residences,102.0,"",100.0,23
2020-03-02,Montana,Food,110.0,106.0,110.0,1
2020-03-02,Montana,Shops & Services,116.0,117.0,116.0,2
2020-03-02,Montana,Nightlife Spots,100.0,105.0,100.0,3
2020-03-02,Montana,Gas Stations,106.0,108.0,106.0,4
2020-03-02,Montana,Grocery,107.0,104.0,107.0,5
2020-03-02,Montana,Outdoors & Recreation,110.0,106.0,110.0,6
2020-03-02,Montana,Hotel,103.0,106.0,103.0,7
2020-03-02,Montana,Medical,104.0,110.0,103.0,8
2020-03-02,Montana,Fast Food Restaurants,109.0,111.0,109.0,9
2020-03-02,Montana,Big Box Stores,116.0,112.0,116.0,10
2020-03-02,Montana,Colleges & Universities,124.0,121.0,124.0,11
2020-03-02,Montana,School,118.0,123.0,118.0,12
2020-03-02,Montana,Professional & Other Places,116.0,132.0,115.0,13
2020-03-02,Montana,Arts & Entertainment,106.0,117.0,105.0,14
2020-03-02,Montana,Hardware Stores,122.0,128.0,121.0,15
2020-03-02,Montana,Airport,101.0,109.0,101.0,16
2020-03-02,Montana,Skiing,108.0,136.0,106.0,17
2020-03-02,Montana,Fitness Center,100.0,114.0,100.0,18
2020-03-02,Montana,Convenience Store,99.0,92.0,100.0,19
2020-03-02,Montana,Travel & Transport,132.0,123.0,133.0,20
2020-03-02,Montana,Government,114.0,148.0,112.0,21
2020-03-02,Montana,Sports,108.0,98.0,109.0,22
2020-03-02,Montana,Office,103.0,110.0,103.0,23
2020-03-02,Montana,Drug Store,100.0,80.0,102.0,24
2020-03-02,Montana,Banks,126.0,"",130.0,25
2020-03-02,Montana,Residences,100.0,"",101.0,26
2020-03-03,Montana,Food,108.0,104.0,108.0,1
2020-03-03,Montana,Shops & Services,109.0,109.0,109.0,2
2020-03-03,Montana,Nightlife Spots,107.0,109.0,107.0,3
2020-03-03,Montana,Gas Stations,103.0,104.0,103.0,4
2020-03-03,Montana,Grocery,106.0,101.0,106.0,5
2020-03-03,Montana,Outdoors & Recreation,105.0,98.0,106.0,6
2020-03-03,Montana,Hotel,104.0,97.0,104.0,7
2020-03-03,Montana,Medical,93.0,83.0,94.0,8
2020-03-03,Montana,Fast Food Restaurants,110.0,110.0,110.0,9
2020-03-03,Montana,Big Box Stores,119.0,111.0,119.0,10
2020-03-03,Montana,School,108.0,114.0,108.0,11
2020-03-03,Montana,Colleges & Universities,100.0,130.0,100.0,12
2020-03-03,Montana,Arts & Entertainment,109.0,113.0,109.0,13
2020-03-03,Montana,Professional & Other Places,100.0,100.0,100.0,14
2020-03-03,Montana,Hardware Stores,105.0,92.0,107.0,15
2020-03-03,Montana,Fitness Center,100.0,100.0,100.0,16
2020-03-03,Montana,Convenience Store,111.0,106.0,111.0,17
2020-03-03,Montana,Airport,103.0,89.0,104.0,18
2020-03-03,Montana,Government,115.0,125.0,115.0,19
2020-03-03,Montana,Skiing,90.0,67.0,91.0,20
2020-03-03,Montana,Sports,121.0,123.0,120.0,21
2020-03-03,Montana,Travel & Transport,130.0,168.0,129.0,22
2020-03-03,Montana,Drug Store,116.0,113.0,116.0,23
2020-03-03,Montana,Office,101.0,99.0,101.0,24
2020-03-03,Montana,Banks,125.0,122.0,125.0,25
2020-03-03,Montana,Residences,112.0,"",113.0,26
2020-03-04,Montana,Food,106.0,105.0,106.0,1
2020-03-04,Montana,Shops & Services,110.0,110.0,110.0,2
2020-03-04,Montana,Nightlife Spots,104.0,107.0,104.0,3
2020-03-04,Montana,Gas Stations,100.0,101.0,100.0,4
2020-03-04,Montana,Grocery,102.0,102.0,102.0,5
2020-03-04,Montana,Hotel,108.0,113.0,108.0,6
2020-03-04,Montana,Outdoors & Recreation,100.0,100.0,100.0,7
2020-03-04,Montana,Medical,107.0,109.0,107.0,8
2020-03-04,Montana,Fast Food Restaurants,101.0,104.0,101.0,9
2020-03-04,Montana,School,107.0,108.0,107.0,10
2020-03-04,Montana,Colleges & Universities,97.0,87.0,97.0,11
2020-03-04,Montana,Big Box Stores,100.0,96.0,100.0,12
2020-03-04,Montana,Professional & Other Places,102.0,99.0,102.0,13
2020-03-04,Montana,Arts & Entertainment,106.0,100.0,106.0,14
2020-03-04,Montana,Fitness Center,113.0,114.0,113.0,15
2020-03-04,Montana,Hardware Stores,118.0,114.0,118.0,16
2020-03-04,Montana,Convenience Store,108.0,80.0,110.0,17
2020-03-04,Montana,Airport,103.0,104.0,103.0,18
2020-03-04,Montana,Travel & Transport,128.0,132.0,128.0,19
2020-03-04,Montana,Government,110.0,"",111.0,20
2020-03-04,Montana,Sports,109.0,130.0,107.0,21
2020-03-04,Montana,Drug Store,107.0,99.0,107.0,22
2020-03-04,Montana,Skiing,76.0,71.0,76.0,23
2020-03-04,Montana,Office,92.0,90.0,92.0,24
2020-03-04,Montana,Banks,121.0,163.0,118.0,25
2020-03-04,Montana,Residences,97.0,"",98.0,26
2020-03-05,Montana,Food,107.0,110.0,106.0,1
2020-03-05,Montana,Shops & Services,111.0,113.0,110.0,2
2020-03-05,Montana,Nightlife Spots,100.0,103.0,99.0,3
2020-03-05,Montana,Gas Stations,102.0,97.0,102.0,4
2020-03-05,Montana,Grocery,109.0,109.0,110.0,5
2020-03-05,Montana,Outdoors & Recreation,111.0,101.0,111.0,6
2020-03-05,Montana,Hotel,98.0,105.0,98.0,7
2020-03-05,Montana,Medical,95.0,92.0,96.0,8
2020-03-05,Montana,Fast Food Restaurants,103.0,99.0,103.0,9
2020-03-05,Montana,Colleges & Universities,112.0,120.0,112.0,10
2020-03-05,Montana,School,93.0,92.0,93.0,11
2020-03-05,Montana,Big Box Stores,94.0,93.0,94.0,12
2020-03-05,Montana,Arts & Entertainment,119.0,114.0,119.0,13
2020-03-05,Montana,Professional & Other Places,104.0,110.0,104.0,14
2020-03-05,Montana,Hardware Stores,110.0,103.0,110.0,15
2020-03-05,Montana,Fitness Center,101.0,91.0,101.0,16
2020-03-05,Montana,Skiing,100.0,94.0,101.0,17
2020-03-05,Montana,Convenience Store,97.0,104.0,97.0,18
2020-03-05,Montana,Airport,91.0,120.0,89.0,19
2020-03-05,Montana,Government,101.0,91.0,102.0,20
2020-03-05,Montana,Sports,124.0,127.0,124.0,21
2020-03-05,Montana,Travel & Transport,123.0,131.0,122.0,22
2020-03-05,Montana,Drug Store,105.0,112.0,105.0,23
2020-03-05,Montana,Office,102.0,92.0,102.0,24
2020-03-05,Montana,Banks,122.0,118.0,122.0,25
2020-03-05,Montana,Residences,105.0,"",106.0,26
2020-03-06,Montana,Food,105.0,101.0,105.0,1
2020-03-06,Montana,Shops & Services,108.0,100.0,109.0,2
2020-03-06,Montana,Nightlife Spots,107.0,110.0,106.0,3
2020-03-06,Montana,Gas Stations,105.0,100.0,105.0,4
2020-03-06,Montana,Grocery,98.0,93.0,98.0,5
2020-03-06,Montana,Outdoors & Recreation,114.0,104.0,114.0,6
2020-03-06,Montana,Hotel,110.0,114.0,110.0,7
2020-03-06,Montana,Fast Food Restaurants,100.0,95.0,100.0,8
2020-03-06,Montana,Medical,102.0,97.0,102.0,9
2020-03-06,Montana,Big Box Stores,97.0,83.0,97.0,10
2020-03-06,Montana,Colleges & Universities,111.0,126.0,111.0,11
2020-03-06,Montana,Arts & Entertainment,109.0,115.0,109.0,12
2020-03-06,Montana,School,87.0,83.0,87.0,13
2020-03-06,Montana,Professional & Other Places,112.0,122.0,111.0,14
2020-03-06,Montana,Skiing,108.0,70.0,111.0,15
2020-03-06,Montana,Hardware Stores,103.0,101.0,104.0,16
2020-03-06,Montana,Convenience Store,99.0,93.0,99.0,17
2020-03-06,Montana,Fitness Center,108.0,128.0,106.0,18
2020-03-06,Montana,Airport,88.0,123.0,86.0,19
2020-03-06,Montana,Sports,120.0,120.0,120.0,20
2020-03-06,Montana,Government,99.0,103.0,99.0,21
2020-03-06,Montana,Travel & Transport,103.0,122.0,102.0,22
2020-03-06,Montana,Office,112.0,"",113.0,23
2020-03-06,Montana,Banks,131.0,151.0,130.0,24
2020-03-06,Montana,Drug Store,87.0,70.0,89.0,25
2020-03-06,Montana,Residences,106.0,"",109.0,26
2020-03-07,Montana,Food,102.0,105.0,102.0,1
2020-03-07,Montana,Shops & Services,107.0,102.0,107.0,2
2020-03-07,Montana,Nightlife Spots,100.0,104.0,99.0,3
2020-03-07,Montana,Gas Stations,103.0,107.0,103.0,4
2020-03-07,Montana,Grocery,92.0,92.0,92.0,5
2020-03-07,Montana,Outdoors & Recreation,107.0,108.0,107.0,6
2020-03-07,Montana,Hotel,105.0,92.0,106.0,7
2020-03-07,Montana,Fast Food Restaurants,112.0,122.0,111.0,8
2020-03-07,Montana,Big Box Stores,93.0,91.0,93.0,9
2020-03-07,Montana,Arts & Entertainment,130.0,122.0,131.0,10
2020-03-07,Montana,School,103.0,101.0,103.0,11
2020-03-07,Montana,Hardware Stores,115.0,107.0,115.0,12
2020-03-07,Montana,Professional & Other Places,121.0,90.0,123.0,13
2020-03-07,Montana,Skiing,100.0,88.0,100.0,14
2020-03-07,Montana,Medical,126.0,94.0,128.0,15
2020-03-07,Montana,Airport,105.0,99.0,106.0,16
2020-03-07,Montana,Colleges & Universities,122.0,152.0,121.0,17
2020-03-07,Montana,Convenience Store,100.0,101.0,100.0,18
2020-03-07,Montana,Fitness Center,107.0,102.0,107.0,19
2020-03-07,Montana,Sports,118.0,107.0,118.0,20
2020-03-07,Montana,Travel & Transport,125.0,"",125.0,21
2020-03-07,Montana,Drug Store,87.0,122.0,85.0,22
2020-03-07,Montana,Residences,122.0,"",121.0,23
2020-03-07,Montana,Government,118.0,"",117.0,24
2020-03-07,Montana,Office,127.0,"",126.0,25
2020-03-08,Montana,Food,106.0,102.0,106.0,1
2020-03-08,Montana,Shops & Services,111.0,105.0,111.0,2
2020-03-08,Montana,Nightlife Spots,102.0,97.0,102.0,3
2020-03-08,Montana,Gas Stations,106.0,100.0,106.0,4
2020-03-08,Montana,Grocery,102.0,105.0,101.0,5
2020-03-08,Montana,Outdoors & Recreation,108.0,92.0,109.0,6
2020-03-08,Montana,Hotel,104.0,86.0,105.0,7
2020-03-08,Montana,Big Box Stores,110.0,90.0,111.0,8
2020-03-08,Montana,Fast Food Restaurants,105.0,110.0,104.0,9
2020-03-08,Montana,Arts & Entertainment,124.0,131.0,124.0,10
2020-03-08,Montana,School,128.0,126.0,128.0,11
2020-03-08,Montana,Skiing,91.0,83.0,91.0,12
2020-03-08,Montana,Professional & Other Places,135.0,118.0,136.0,13
2020-03-08,Montana,Hardware Stores,111.0,117.0,111.0,14
2020-03-08,Montana,Medical,116.0,131.0,115.0,15
2020-03-08,Montana,Convenience Store,104.0,121.0,103.0,16
2020-03-08,Montana,Airport,108.0,115.0,108.0,17
2020-03-08,Montana,Colleges & Universities,101.0,"",101.0,18
2020-03-08,Montana,Sports,113.0,98.0,114.0,19
2020-03-08,Montana,Travel & Transport,124.0,"",123.0,20
2020-03-08,Montana,Drug Store,121.0,136.0,120.0,21
2020-03-08,Montana,Fitness Center,103.0,"",104.0,22
2020-03-08,Montana,Residences,113.0,"",113.0,23
2020-03-09,Montana,Food,109.0,102.0,109.0,1
2020-03-09,Montana,Shops & Services,115.0,105.0,116.0,2
2020-03-09,Montana,Nightlife Spots,95.0,91.0,95.0,3
2020-03-09,Montana,Gas Stations,105.0,110.0,104.0,4
2020-03-09,Montana,Grocery,108.0,99.0,109.0,5
2020-03-09,Montana,Outdoors & Recreation,102.0,104.0,102.0,6
2020-03-09,Montana,Hotel,101.0,93.0,101.0,7
2020-03-09,Montana,Fast Food Restaurants,108.0,101.0,109.0,8
2020-03-09,Montana,Medical,99.0,106.0,98.0,9
2020-03-09,Montana,Big Box Stores,114.0,97.0,115.0,10
2020-03-09,Montana,School,125.0,122.0,125.0,11
2020-03-09,Montana,Colleges & Universities,109.0,117.0,109.0,12
2020-03-09,Montana,Arts & Entertainment,118.0,116.0,118.0,13
2020-03-09,Montana,Professional & Other Places,118.0,113.0,118.0,14
2020-03-09,Montana,Hardware Stores,114.0,123.0,113.0,15
2020-03-09,Montana,Convenience Store,113.0,94.0,114.0,16
2020-03-09,Montana,Fitness Center,106.0,114.0,105.0,17
2020-03-09,Montana,Airport,98.0,77.0,99.0,18
2020-03-09,Montana,Skiing,96.0,135.0,93.0,19
2020-03-09,Montana,Travel & Transport,128.0,"",129.0,20
2020-03-09,Montana,Government,113.0,"",114.0,21
2020-03-09,Montana,Sports,115.0,103.0,116.0,22
2020-03-09,Montana,Drug Store,117.0,94.0,120.0,23
2020-03-09,Montana,Office,108.0,"",109.0,24
2020-03-09,Montana,Banks,134.0,142.0,133.0,25
2020-03-09,Montana,Residences,95.0,"",95.0,26
2020-03-10,Montana,Food,104.0,96.0,105.0,1
2020-03-10,Montana,Shops & Services,108.0,108.0,108.0,2
2020-03-10,Montana,Nightlife Spots,98.0,96.0,98.0,3
2020-03-10,Montana,Gas Stations,104.0,108.0,104.0,4
2020-03-10,Montana,Grocery,106.0,100.0,106.0,5
2020-03-10,Montana,Outdoors & Recreation,106.0,100.0,107.0,6
2020-03-10,Montana,Hotel,101.0,85.0,102.0,7
2020-03-10,Montana,Medical,95.0,89.0,95.0,8
2020-03-10,Montana,Fast Food Restaurants,100.0,95.0,101.0,9
2020-03-10,Montana,School,108.0,118.0,108.0,10
2020-03-10,Montana,Big Box Stores,105.0,94.0,106.0,11
2020-03-10,Montana,Colleges & Universities,97.0,92.0,97.0,12
2020-03-10,Montana,Arts & Entertainment,127.0,105.0,128.0,13
2020-03-10,Montana,Professional & Other Places,104.0,106.0,104.0,14
2020-03-10,Montana,Hardware Stores,118.0,124.0,117.0,15
2020-03-10,Montana,Fitness Center,95.0,86.0,95.0,16
2020-03-10,Montana,Convenience Store,114.0,94.0,115.0,17
2020-03-10,Montana,Skiing,108.0,82.0,110.0,18
2020-03-10,Montana,Airport,95.0,67.0,97.0,19
2020-03-10,Montana,Government,101.0,"",102.0,20
2020-03-10,Montana,Sports,108.0,122.0,107.0,21
2020-03-10,Montana,Office,113.0,107.0,113.0,22
2020-03-10,Montana,Travel & Transport,115.0,"",115.0,23
2020-03-10,Montana,Drug Store,104.0,96.0,105.0,24
2020-03-10,Montana,Banks,106.0,132.0,104.0,25
2020-03-10,Montana,Residences,107.0,"",109.0,26
2020-03-11,Montana,Food,105.0,99.0,105.0,1
2020-03-11,Montana,Shops & Services,108.0,107.0,108.0,2
2020-03-11,Montana,Nightlife Spots,106.0,102.0,106.0,3
2020-03-11,Montana,Gas Stations,103.0,116.0,103.0,4
2020-03-11,Montana,Grocery,106.0,100.0,107.0,5
2020-03-11,Montana,Hotel,105.0,98.0,106.0,6
2020-03-11,Montana,Outdoors & Recreation,106.0,95.0,106.0,7
2020-03-11,Montana,Medical,108.0,110.0,108.0,8
2020-03-11,Montana,Fast Food Restaurants,104.0,95.0,105.0,9
2020-03-11,Montana,School,106.0,103.0,106.0,10
2020-03-11,Montana,Big Box Stores,99.0,102.0,99.0,11
2020-03-11,Montana,Colleges & Universities,90.0,105.0,90.0,12
2020-03-11,Montana,Arts & Entertainment,116.0,114.0,116.0,13
2020-03-11,Montana,Professional & Other Places,103.0,97.0,103.0,14
2020-03-11,Montana,Hardware Stores,112.0,102.0,113.0,15
2020-03-11,Montana,Airport,111.0,127.0,110.0,16
2020-03-11,Montana,Fitness Center,93.0,87.0,93.0,17
2020-03-11,Montana,Convenience Store,100.0,90.0,101.0,18
2020-03-11,Montana,Skiing,95.0,89.0,96.0,19
2020-03-11,Montana,Travel & Transport,129.0,137.0,129.0,20
2020-03-11,Montana,Drug Store,125.0,133.0,124.0,21
2020-03-11,Montana,Government,107.0,105.0,107.0,22
2020-03-11,Montana,Sports,114.0,102.0,115.0,23
2020-03-11,Montana,Office,98.0,"",100.0,24
2020-03-11,Montana,Banks,119.0,142.0,117.0,25
2020-03-11,Montana,Residences,92.0,"",94.0,26
2020-03-12,Montana,Food,104.0,97.0,104.0,1
2020-03-12,Montana,Shops & Services,110.0,109.0,111.0,2
2020-03-12,Montana,Nightlife Spots,105.0,99.0,106.0,3
2020-03-12,Montana,Gas Stations,104.0,98.0,105.0,4
2020-03-12,Montana,Grocery,114.0,116.0,114.0,5
2020-03-12,Montana,Outdoors & Recreation,107.0,99.0,108.0,6
2020-03-12,Montana,Hotel,96.0,82.0,97.0,7
2020-03-12,Montana,Fast Food Restaurants,104.0,107.0,104.0,8
2020-03-12,Montana,Medical,95.0,81.0,96.0,9
2020-03-12,Montana,Big Box Stores,113.0,106.0,113.0,10
2020-03-12,Montana,School,99.0,110.0,98.0,11
2020-03-12,Montana,Colleges & Universities,104.0,142.0,104.0,12
2020-03-12,Montana,Arts & Entertainment,114.0,122.0,114.0,13
2020-03-12,Montana,Professional & Other Places,120.0,106.0,121.0,14
2020-03-12,Montana,Hardware Stores,104.0,96.0,104.0,15
2020-03-12,Montana,Convenience Store,106.0,99.0,106.0,16
2020-03-12,Montana,Airport,100.0,82.0,101.0,17
2020-03-12,Montana,Fitness Center,88.0,95.0,88.0,18
2020-03-12,Montana,Drug Store,140.0,114.0,143.0,19
2020-03-12,Montana,Skiing,82.0,65.0,84.0,20
2020-03-12,Montana,Government,99.0,"",101.0,21
2020-03-12,Montana,Sports,118.0,112.0,118.0,22
2020-03-12,Montana,Travel & Transport,123.0,"",124.0,23
2020-03-12,Montana,Office,101.0,"",103.0,24
2020-03-12,Montana,Residences,113.0,"",114.0,25
2020-03-12,Montana,Banks,103.0,116.0,102.0,26
2020-03-13,Montana,Food,106.0,88.0,107.0,1
2020-03-13,Montana,Shops & Services,115.0,100.0,116.0,2
2020-03-13,Montana,Nightlife Spots,106.0,91.0,107.0,3
2020-03-13,Montana,Grocery,128.0,118.0,129.0,4
2020-03-13,Montana,Gas Stations,106.0,91.0,107.0,5
2020-03-13,Montana,Hotel,109.0,78.0,111.0,6
2020-03-13,Montana,Outdoors & Recreation,101.0,81.0,102.0,7
2020-03-13,Montana,Big Box Stores,128.0,116.0,128.0,8
2020-03-13,Montana,Fast Food Restaurants,105.0,86.0,106.0,9
2020-03-13,Montana,Medical,101.0,93.0,102.0,10
2020-03-13,Montana,School,89.0,83.0,89.0,11
2020-03-13,Montana,Arts & Entertainment,110.0,94.0,111.0,12
2020-03-13,Montana,Colleges & Universities,99.0,94.0,99.0,13
2020-03-13,Montana,Professional & Other Places,116.0,99.0,117.0,14
2020-03-13,Montana,Hardware Stores,132.0,107.0,134.0,15
2020-03-13,Montana,Airport,108.0,100.0,108.0,16
2020-03-13,Montana,Convenience Store,101.0,83.0,102.0,17
2020-03-13,Montana,Skiing,87.0,50.0,90.0,18
2020-03-13,Montana,Drug Store,123.0,102.0,125.0,19
2020-03-13,Montana,Fitness Center,89.0,74.0,89.0,20
2020-03-13,Montana,Government,101.0,96.0,101.0,21
2020-03-13,Montana,Sports,108.0,114.0,107.0,22
2020-03-13,Montana,Travel & Transport,108.0,"",109.0,23
2020-03-13,Montana,Office,102.0,"",103.0,24
2020-03-13,Montana,Banks,101.0,130.0,99.0,25
2020-03-13,Montana,Residences,107.0,"",111.0,26
2020-03-14,Montana,Food,87.0,73.0,88.0,1
2020-03-14,Montana,Shops & Services,87.0,73.0,88.0,2
2020-03-14,Montana,Nightlife Spots,89.0,70.0,90.0,3
2020-03-14,Montana,Grocery,122.0,95.0,123.0,4
2020-03-14,Montana,Gas Stations,94.0,84.0,95.0,5
2020-03-14,Montana,Hotel,93.0,83.0,94.0,6
2020-03-14,Montana,Big Box Stores,101.0,91.0,101.0,7
2020-03-14,Montana,Outdoors & Recreation,89.0,69.0,90.0,8
2020-03-14,Montana,Fast Food Restaurants,77.0,63.0,77.0,9
2020-03-14,Montana,Arts & Entertainment,93.0,63.0,94.0,10
2020-03-14,Montana,Hardware Stores,102.0,86.0,103.0,11
2020-03-14,Montana,School,69.0,72.0,69.0,12
2020-03-14,Montana,Professional & Other Places,100.0,72.0,101.0,13
2020-03-14,Montana,Airport,99.0,74.0,100.0,14
2020-03-14,Montana,Convenience Store,102.0,"",103.0,15
2020-03-14,Montana,Medical,87.0,67.0,88.0,16
2020-03-14,Montana,Drug Store,111.0,102.0,112.0,17
2020-03-14,Montana,Travel & Transport,119.0,"",119.0,18
2020-03-14,Montana,Colleges & Universities,90.0,"",90.0,19
2020-03-14,Montana,Skiing,53.0,"",53.0,20
2020-03-14,Montana,Sports,93.0,82.0,93.0,21
2020-03-14,Montana,Fitness Center,77.0,107.0,76.0,22
2020-03-14,Montana,Residences,102.0,"",101.0,23
2020-03-14,Montana,Government,115.0,"",115.0,24
2020-03-15,Montana,Food,85.0,78.0,85.0,1
2020-03-15,Montana,Nightlife Spots,92.0,81.0,92.0,2
2020-03-15,Montana,Shops & Services,85.0,69.0,86.0,3
2020-03-15,Montana,Grocery,98.0,84.0,99.0,4
2020-03-15,Montana,Gas Stations,92.0,83.0,92.0,5
2020-03-15,Montana,Outdoors & Recreation,98.0,79.0,99.0,6
2020-03-15,Montana,Hotel,91.0,78.0,91.0,7
2020-03-15,Montana,Big Box Stores,83.0,73.0,83.0,8
2020-03-15,Montana,Fast Food Restaurants,78.0,65.0,78.0,9
2020-03-15,Montana,Arts & Entertainment,82.0,71.0,82.0,10
2020-03-15,Montana,Skiing,94.0,89.0,94.0,11
2020-03-15,Montana,Hardware Stores,93.0,86.0,94.0,12
2020-03-15,Montana,Convenience Store,103.0,"",104.0,13
2020-03-15,Montana,Medical,102.0,"",103.0,14
2020-03-15,Montana,School,88.0,84.0,88.0,15
2020-03-15,Montana,Airport,101.0,99.0,101.0,16
2020-03-15,Montana,Professional & Other Places,97.0,112.0,96.0,17
2020-03-15,Montana,Travel & Transport,117.0,"",117.0,18
2020-03-15,Montana,Drug Store,115.0,"",116.0,19
2020-03-15,Montana,Sports,91.0,"",93.0,20
2020-03-15,Montana,Fitness Center,74.0,"",75.0,21
2020-03-15,Montana,Colleges & Universities,67.0,"",66.0,22
2020-03-15,Montana,Residences,97.0,"",97.0,23
2020-03-16,Montana,Food,95.0,83.0,96.0,1
2020-03-16,Montana,Shops & Services,110.0,95.0,111.0,2
2020-03-16,Montana,Grocery,138.0,136.0,139.0,3
2020-03-16,Montana,Gas Stations,112.0,103.0,112.0,4
2020-03-16,Montana,Nightlife Spots,94.0,85.0,94.0,5
2020-03-16,Montana,Outdoors & Recreation,105.0,97.0,106.0,6
2020-03-16,Montana,Hotel,89.0,67.0,90.0,7
2020-03-16,Montana,Big Box Stores,119.0,110.0,120.0,8
2020-03-16,Montana,Medical,91.0,79.0,92.0,9
2020-03-16,Montana,Fast Food Restaurants,98.0,80.0,99.0,10
2020-03-16,Montana,Professional & Other Places,110.0,107.0,110.0,11
2020-03-16,Montana,Arts & Entertainment,104.0,105.0,104.0,12
2020-03-16,Montana,Hardware Stores,131.0,112.0,132.0,13
2020-03-16,Montana,School,79.0,95.0,78.0,14
2020-03-16,Montana,Convenience Store,113.0,111.0,113.0,15
2020-03-16,Montana,Airport,85.0,"",87.0,16
2020-03-16,Montana,Colleges & Universities,53.0,"",52.0,17
2020-03-16,Montana,Travel & Transport,129.0,"",131.0,18
2020-03-16,Montana,Government,115.0,"",115.0,19
2020-03-16,Montana,Drug Store,117.0,84.0,121.0,20
2020-03-16,Montana,Sports,113.0,115.0,113.0,21
2020-03-16,Montana,Fitness Center,68.0,66.0,68.0,22
2020-03-16,Montana,Banks,130.0,114.0,131.0,23
2020-03-16,Montana,Office,90.0,"",90.0,24
2020-03-16,Montana,Residences,109.0,"",111.0,25
2020-03-17,Montana,Food,81.0,67.0,82.0,1
2020-03-17,Montana,Shops & Services,99.0,82.0,100.0,2
2020-03-17,Montana,Grocery,121.0,109.0,122.0,3
2020-03-17,Montana,Nightlife Spots,91.0,70.0,92.0,4
2020-03-17,Montana,Gas Stations,98.0,90.0,98.0,5
2020-03-17,Montana,Outdoors & Recreation,108.0,99.0,109.0,6
2020-03-17,Montana,Hotel,87.0,74.0,88.0,7
2020-03-17,Montana,Big Box Stores,104.0,94.0,105.0,8
2020-03-17,Montana,Medical,72.0,57.0,73.0,9
2020-03-17,Montana,Fast Food Restaurants,79.0,67.0,80.0,10
2020-03-17,Montana,Professional & Other Places,98.0,92.0,98.0,11
2020-03-17,Montana,School,60.0,58.0,60.0,12
2020-03-17,Montana,Arts & Entertainment,87.0,68.0,89.0,13
2020-03-17,Montana,Hardware Stores,104.0,93.0,105.0,14
2020-03-17,Montana,Convenience Store,112.0,95.0,113.0,15
2020-03-17,Montana,Airport,82.0,58.0,84.0,16
2020-03-17,Montana,Government,92.0,"",93.0,17
2020-03-17,Montana,Sports,106.0,82.0,108.0,18
2020-03-17,Montana,Drug Store,107.0,75.0,110.0,19
2020-03-17,Montana,Travel & Transport,112.0,148.0,111.0,20
2020-03-17,Montana,Fitness Center,53.0,"",53.0,21
2020-03-17,Montana,Colleges & Universities,41.0,"",41.0,22
2020-03-17,Montana,Office,82.0,"",82.0,23
2020-03-17,Montana,Residences,98.0,"",100.0,24
2020-03-17,Montana,Banks,86.0,"",86.0,25
2020-03-18,Montana,Food,67.0,55.0,68.0,1
2020-03-18,Montana,Shops & Services,90.0,66.0,91.0,2
2020-03-18,Montana,Gas Stations,92.0,89.0,92.0,3
2020-03-18,Montana,Nightlife Spots,79.0,65.0,79.0,4
2020-03-18,Montana,Grocery,104.0,96.0,104.0,5
2020-03-18,Montana,Outdoors & Recreation,93.0,90.0,93.0,6
2020-03-18,Montana,Hotel,77.0,67.0,78.0,7
2020-03-18,Montana,Medical,74.0,70.0,75.0,8
2020-03-18,Montana,Fast Food Restaurants,72.0,63.0,73.0,9
2020-03-18,Montana,Big Box Stores,88.0,79.0,88.0,10
2020-03-18,Montana,School,63.0,64.0,63.0,11
2020-03-18,Montana,Professional & Other Places,85.0,71.0,86.0,12
2020-03-18,Montana,Hardware Stores,109.0,82.0,111.0,13
2020-03-18,Montana,Arts & Entertainment,81.0,66.0,82.0,14
2020-03-18,Montana,Convenience Store,83.0,85.0,83.0,15
2020-03-18,Montana,Drug Store,106.0,87.0,108.0,16
2020-03-18,Montana,Travel & Transport,106.0,"",106.0,17
2020-03-18,Montana,Sports,105.0,76.0,107.0,18
2020-03-18,Montana,Airport,65.0,"",67.0,19
2020-03-18,Montana,Government,85.0,"",85.0,20
2020-03-18,Montana,Colleges & Universities,32.0,"",31.0,21
2020-03-18,Montana,Office,81.0,"",82.0,22
2020-03-18,Montana,Fitness Center,44.0,"",45.0,23
2020-03-18,Montana,Banks,79.0,"",79.0,24
2020-03-19,Montana,Food,66.0,58.0,66.0,1
2020-03-19,Montana,Shops & Services,82.0,69.0,83.0,2
2020-03-19,Montana,Gas Stations,82.0,73.0,82.0,3
2020-03-19,Montana,Grocery,93.0,82.0,94.0,4
2020-03-19,Montana,Nightlife Spots,66.0,63.0,66.0,5
2020-03-19,Montana,Outdoors & Recreation,89.0,82.0,90.0,6
2020-03-19,Montana,Hotel,75.0,63.0,76.0,7
2020-03-19,Montana,Fast Food Restaurants,64.0,50.0,65.0,8
2020-03-19,Montana,Big Box Stores,75.0,64.0,75.0,9
2020-03-19,Montana,Medical,56.0,44.0,57.0,10
2020-03-19,Montana,Professional & Other Places,79.0,75.0,80.0,11
2020-03-19,Montana,Hardware Stores,97.0,101.0,96.0,12
2020-03-19,Montana,School,52.0,58.0,52.0,13
2020-03-19,Montana,Arts & Entertainment,71.0,54.0,72.0,14
2020-03-19,Montana,Convenience Store,87.0,81.0,87.0,15
2020-03-19,Montana,Government,81.0,"",82.0,16
2020-03-19,Montana,Drug Store,97.0,71.0,100.0,17
2020-03-19,Montana,Sports,95.0,70.0,98.0,18
2020-03-19,Montana,Colleges & Universities,35.0,"",35.0,19
2020-03-19,Montana,Travel & Transport,103.0,"",103.0,20
2020-03-19,Montana,Airport,55.0,"",56.0,21
2020-03-19,Montana,Office,70.0,"",69.0,22
2020-03-19,Montana,Fitness Center,38.0,"",38.0,23
2020-03-20,Montana,Food,64.0,57.0,64.0,1
2020-03-20,Montana,Shops & Services,80.0,65.0,81.0,2
2020-03-20,Montana,Gas Stations,89.0,84.0,89.0,3
2020-03-20,Montana,Grocery,95.0,83.0,96.0,4
2020-03-20,Montana,Nightlife Spots,65.0,56.0,65.0,5
2020-03-20,Montana,Outdoors & Recreation,92.0,80.0,93.0,6
2020-03-20,Montana,Hotel,66.0,60.0,67.0,7
2020-03-20,Montana,Fast Food Restaurants,72.0,55.0,72.0,8
2020-03-20,Montana,Big Box Stores,78.0,51.0,80.0,9
2020-03-20,Montana,Medical,66.0,60.0,66.0,10
2020-03-20,Montana,Professional & Other Places,84.0,71.0,84.0,11
2020-03-20,Montana,Hardware Stores,92.0,91.0,92.0,12
2020-03-20,Montana,Arts & Entertainment,62.0,55.0,63.0,13
2020-03-20,Montana,School,45.0,53.0,45.0,14
2020-03-20,Montana,Convenience Store,86.0,73.0,87.0,15
2020-03-20,Montana,Travel & Transport,110.0,119.0,109.0,16
2020-03-20,Montana,Sports,106.0,91.0,107.0,17
2020-03-20,Montana,Drug Store,84.0,62.0,87.0,18
2020-03-20,Montana,Colleges & Universities,39.0,"",38.0,19
2020-03-20,Montana,Government,78.0,"",78.0,20
2020-03-20,Montana,Airport,55.0,"",56.0,21
2020-03-20,Montana,Office,68.0,"",68.0,22
2020-03-20,Montana,Banks,79.0,"",78.0,23
2020-03-20,Montana,Fitness Center,40.0,"",40.0,24
2020-03-20,Montana,Residences,73.0,"",76.0,25
2020-03-21,Montana,Food,51.0,50.0,51.0,1
2020-03-21,Montana,Shops & Services,67.0,66.0,67.0,2
2020-03-21,Montana,Gas Stations,85.0,95.0,85.0,3
2020-03-21,Montana,Grocery,88.0,75.0,89.0,4
2020-03-21,Montana,Outdoors & Recreation,114.0,133.0,113.0,5
2020-03-21,Montana,Nightlife Spots,48.0,55.0,48.0,6
2020-03-21,Montana,Big Box Stores,71.0,67.0,71.0,7
2020-03-21,Montana,Fast Food Restaurants,68.0,70.0,68.0,8
2020-03-21,Montana,Hotel,55.0,56.0,55.0,9
2020-03-21,Montana,Hardware Stores,102.0,86.0,103.0,10
2020-03-21,Montana,School,64.0,51.0,64.0,11
2020-03-21,Montana,Arts & Entertainment,58.0,57.0,59.0,12
2020-03-21,Montana,Professional & Other Places,81.0,75.0,81.0,13
2020-03-21,Montana,Convenience Store,91.0,94.0,91.0,14
2020-03-21,Montana,Medical,68.0,"",68.0,15
2020-03-21,Montana,Sports,104.0,89.0,105.0,16
2020-03-21,Montana,Travel & Transport,101.0,161.0,99.0,17
2020-03-21,Montana,Airport,59.0,"",60.0,18
2020-03-21,Montana,Drug Store,66.0,"",66.0,19
2020-03-21,Montana,Colleges & Universities,60.0,"",60.0,20
2020-03-22,Montana,Food,50.0,49.0,50.0,1
2020-03-22,Montana,Shops & Services,62.0,63.0,62.0,2
2020-03-22,Montana,Gas Stations,79.0,74.0,79.0,3
2020-03-22,Montana,Grocery,76.0,75.0,76.0,4
2020-03-22,Montana,Outdoors & Recreation,102.0,99.0,103.0,5
2020-03-22,Montana,Nightlife Spots,45.0,54.0,45.0,6
2020-03-22,Montana,Big Box Stores,63.0,51.0,63.0,7
2020-03-22,Montana,Fast Food Restaurants,69.0,70.0,69.0,8
2020-03-22,Montana,Hotel,52.0,46.0,53.0,9
2020-03-22,Montana,Hardware Stores,87.0,65.0,88.0,10
2020-03-22,Montana,School,83.0,"",84.0,11
2020-03-22,Montana,Arts & Entertainment,57.0,"",58.0,12
2020-03-22,Montana,Professional & Other Places,102.0,"",103.0,13
2020-03-22,Montana,Convenience Store,76.0,"",76.0,14
2020-03-22,Montana,Sports,100.0,104.0,100.0,15
2020-03-22,Montana,Medical,69.0,"",69.0,16
2020-03-22,Montana,Travel & Transport,96.0,"",95.0,17
2020-03-22,Montana,Airport,60.0,"",60.0,18
2020-03-22,Montana,Colleges & Universities,64.0,"",62.0,19
2020-03-22,Montana,Drug Store,66.0,"",67.0,20
2020-03-23,Montana,Food,72.0,61.0,73.0,1
2020-03-23,Montana,Shops & Services,87.0,72.0,88.0,2
2020-03-23,Montana,Gas Stations,90.0,87.0,90.0,3
2020-03-23,Montana,Grocery,92.0,88.0,92.0,4
2020-03-23,Montana,Nightlife Spots,63.0,65.0,63.0,5
2020-03-23,Montana,Outdoors & Recreation,99.0,97.0,99.0,6
2020-03-23,Montana,Hotel,70.0,64.0,70.0,7
2020-03-23,Montana,Fast Food Restaurants,78.0,75.0,78.0,8
2020-03-23,Montana,Medical,67.0,62.0,68.0,9
2020-03-23,Montana,Big Box Stores,79.0,77.0,79.0,10
2020-03-23,Montana,Professional & Other Places,105.0,92.0,105.0,11
2020-03-23,Montana,School,79.0,70.0,79.0,12
2020-03-23,Montana,Hardware Stores,101.0,97.0,101.0,13
2020-03-23,Montana,Arts & Entertainment,82.0,88.0,81.0,14
2020-03-23,Montana,Convenience Store,91.0,77.0,91.0,15
2020-03-23,Montana,Sports,128.0,145.0,127.0,16
2020-03-23,Montana,Travel & Transport,118.0,164.0,115.0,17
2020-03-23,Montana,Colleges & Universities,48.0,"",47.0,18
2020-03-23,Montana,Government,96.0,127.0,94.0,19
2020-03-23,Montana,Drug Store,100.0,66.0,103.0,20
2020-03-23,Montana,Airport,59.0,"",59.0,21
2020-03-23,Montana,Office,77.0,"",77.0,22
2020-03-23,Montana,Fitness Center,39.0,"",39.0,23
2020-03-24,Montana,Food,62.0,50.0,62.0,1
2020-03-24,Montana,Shops & Services,74.0,61.0,75.0,2
2020-03-24,Montana,Gas Stations,76.0,70.0,76.0,3
2020-03-24,Montana,Grocery,84.0,84.0,84.0,4
2020-03-24,Montana,Nightlife Spots,57.0,55.0,57.0,5
2020-03-24,Montana,Outdoors & Recreation,94.0,91.0,94.0,6
2020-03-24,Montana,Hotel,63.0,47.0,64.0,7
2020-03-24,Montana,Fast Food Restaurants,78.0,64.0,78.0,8
2020-03-24,Montana,Big Box Stores,82.0,83.0,82.0,9
2020-03-24,Montana,Medical,57.0,52.0,57.0,10
2020-03-24,Montana,School,57.0,66.0,57.0,11
2020-03-24,Montana,Professional & Other Places,76.0,66.0,77.0,12
2020-03-24,Montana,Hardware Stores,91.0,88.0,91.0,13
2020-03-24,Montana,Arts & Entertainment,77.0,64.0,78.0,14
2020-03-24,Montana,Convenience Store,91.0,81.0,91.0,15
2020-03-24,Montana,Travel & Transport,112.0,145.0,110.0,16
2020-03-24,Montana,Sports,105.0,95.0,105.0,17
2020-03-24,Montana,Government,79.0,"",80.0,18
2020-03-24,Montana,Colleges & Universities,35.0,"",35.0,19
2020-03-24,Montana,Airport,50.0,"",51.0,20
2020-03-24,Montana,Drug Store,73.0,"",75.0,21
2020-03-24,Montana,Office,60.0,"",61.0,22
2020-03-25,Montana,Food,59.0,52.0,60.0,1
2020-03-25,Montana,Shops & Services,68.0,51.0,69.0,2
2020-03-25,Montana,Gas Stations,81.0,73.0,81.0,3
2020-03-25,Montana,Grocery,79.0,68.0,80.0,4
2020-03-25,Montana,Nightlife Spots,56.0,56.0,56.0,5
2020-03-25,Montana,Outdoors & Recreation,88.0,91.0,88.0,6
2020-03-25,Montana,Hotel,60.0,51.0,60.0,7
2020-03-25,Montana,Big Box Stores,82.0,73.0,83.0,8
2020-03-25,Montana,Fast Food Restaurants,63.0,55.0,63.0,9
2020-03-25,Montana,Medical,61.0,43.0,62.0,10
2020-03-25,Montana,Professional & Other Places,81.0,79.0,81.0,11
2020-03-25,Montana,School,52.0,62.0,52.0,12
2020-03-25,Montana,Hardware Stores,97.0,74.0,99.0,13
2020-03-25,Montana,Arts & Entertainment,65.0,49.0,66.0,14
2020-03-25,Montana,Convenience Store,80.0,72.0,81.0,15
2020-03-25,Montana,Travel & Transport,98.0,"",99.0,16
2020-03-25,Montana,Colleges & Universities,33.0,"",32.0,17
2020-03-25,Montana,Drug Store,82.0,"",85.0,18
2020-03-25,Montana,Government,73.0,"",73.0,19
2020-03-25,Montana,Sports,79.0,80.0,79.0,20
2020-03-25,Montana,Airport,51.0,"",51.0,21
2020-03-25,Montana,Office,59.0,"",60.0,22
2020-03-26,Montana,Food,58.0,51.0,58.0,1
2020-03-26,Montana,Shops & Services,73.0,61.0,74.0,2
2020-03-26,Montana,Gas Stations,83.0,74.0,83.0,3
2020-03-26,Montana,Grocery,84.0,77.0,84.0,4
2020-03-26,Montana,Nightlife Spots,54.0,51.0,54.0,5
2020-03-26,Montana,Outdoors & Recreation,91.0,88.0,92.0,6
2020-03-26,Montana,Hotel,63.0,52.0,63.0,7
2020-03-26,Montana,Big Box Stores,77.0,68.0,77.0,8
2020-03-26,Montana,Fast Food Restaurants,65.0,58.0,65.0,9
2020-03-26,Montana,Medical,54.0,43.0,55.0,10
2020-03-26,Montana,Hardware Stores,98.0,100.0,98.0,11
2020-03-26,Montana,Professional & Other Places,78.0,63.0,79.0,12
2020-03-26,Montana,School,51.0,60.0,51.0,13
2020-03-26,Montana,Arts & Entertainment,64.0,61.0,64.0,14
2020-03-26,Montana,Convenience Store,77.0,80.0,77.0,15
2020-03-26,Montana,Sports,88.0,63.0,90.0,16
2020-03-26,Montana,Drug Store,89.0,58.0,93.0,17
2020-03-26,Montana,Airport,58.0,76.0,57.0,18
2020-03-26,Montana,Colleges & Universities,37.0,"",37.0,19
2020-03-26,Montana,Travel & Transport,82.0,"",82.0,20
2020-03-26,Montana,Government,65.0,"",66.0,21
2020-03-26,Montana,Office,69.0,"",70.0,22
2020-03-27,Montana,Shops & Services,80.0,76.0,80.0,1
2020-03-27,Montana,Food,56.0,49.0,56.0,2
2020-03-27,Montana,Grocery,99.0,101.0,99.0,3
2020-03-27,Montana,Gas Stations,81.0,83.0,81.0,4
2020-03-27,Montana,Nightlife Spots,57.0,61.0,57.0,5
2020-03-27,Montana,Outdoors & Recreation,91.0,91.0,91.0,6
2020-03-27,Montana,Big Box Stores,92.0,91.0,92.0,7
2020-03-27,Montana,Fast Food Restaurants,69.0,79.0,69.0,8
2020-03-27,Montana,Hotel,60.0,50.0,60.0,9
2020-03-27,Montana,Medical,60.0,48.0,61.0,10
2020-03-27,Montana,Hardware Stores,112.0,117.0,111.0,11
2020-03-27,Montana,Professional & Other Places,81.0,73.0,81.0,12
2020-03-27,Montana,School,51.0,48.0,51.0,13
2020-03-27,Montana,Arts & Entertainment,69.0,56.0,70.0,14
2020-03-27,Montana,Convenience Store,78.0,74.0,79.0,15
2020-03-27,Montana,Sports,96.0,97.0,96.0,16
2020-03-27,Montana,Travel & Transport,89.0,"",89.0,17
2020-03-27,Montana,Drug Store,77.0,67.0,78.0,18
2020-03-27,Montana,Colleges & Universities,29.0,"",29.0,19
2020-03-27,Montana,Airport,41.0,"",40.0,20
2020-03-27,Montana,Government,59.0,"",58.0,21
2020-03-27,Montana,Office,70.0,"",71.0,22
2020-03-28,Montana,Food,40.0,39.0,40.0,1
2020-03-28,Montana,Shops & Services,46.0,42.0,46.0,2
2020-03-28,Montana,Gas Stations,66.0,76.0,66.0,3
2020-03-28,Montana,Grocery,64.0,59.0,65.0,4
2020-03-28,Montana,Outdoors & Recreation,92.0,94.0,92.0,5
2020-03-28,Montana,Nightlife Spots,36.0,44.0,36.0,6
2020-03-28,Montana,Big Box Stores,50.0,45.0,50.0,7
2020-03-28,Montana,Fast Food Restaurants,49.0,47.0,49.0,8
2020-03-28,Montana,Hotel,44.0,45.0,44.0,9
2020-03-28,Montana,Hardware Stores,61.0,55.0,62.0,10
2020-03-28,Montana,School,50.0,"",50.0,11
2020-03-28,Montana,Arts & Entertainment,47.0,"",47.0,12
2020-03-28,Montana,Professional & Other Places,72.0,"",73.0,13
2020-03-28,Montana,Medical,65.0,"",65.0,14
2020-03-28,Montana,Convenience Store,67.0,"",67.0,15
2020-03-28,Montana,Sports,91.0,95.0,90.0,16
2020-03-28,Montana,Travel & Transport,88.0,"",88.0,17
2020-03-28,Montana,Drug Store,53.0,"",53.0,18
2020-03-28,Montana,Airport,42.0,"",43.0,19
2020-03-29,Montana,Food,38.0,42.0,38.0,1
2020-03-29,Montana,Shops & Services,51.0,53.0,51.0,2
2020-03-29,Montana,Gas Stations,59.0,64.0,59.0,3
2020-03-29,Montana,Outdoors & Recreation,90.0,96.0,90.0,4
2020-03-29,Montana,Grocery,51.0,53.0,50.0,5
2020-03-29,Montana,Nightlife Spots,38.0,44.0,37.0,6
2020-03-29,Montana,Fast Food Restaurants,48.0,45.0,48.0,7
2020-03-29,Montana,Big Box Stores,41.0,38.0,41.0,8
2020-03-29,Montana,Hotel,39.0,40.0,39.0,9
2020-03-29,Montana,School,70.0,"",71.0,10
2020-03-29,Montana,Arts & Entertainment,53.0,"",53.0,11
2020-03-29,Montana,Hardware Stores,62.0,69.0,61.0,12
2020-03-29,Montana,Professional & Other Places,80.0,"",80.0,13
2020-03-29,Montana,Sports,86.0,"",87.0,14
2020-03-29,Montana,Convenience Store,54.0,"",54.0,15
2020-03-29,Montana,Medical,58.0,"",57.0,16
2020-03-29,Montana,Travel & Transport,87.0,"",87.0,17
2020-03-30,Montana,Food,53.0,48.0,53.0,1
2020-03-30,Montana,Shops & Services,65.0,57.0,65.0,2
2020-03-30,Montana,Gas Stations,70.0,70.0,70.0,3
2020-03-30,Montana,Grocery,71.0,77.0,71.0,4
2020-03-30,Montana,Nightlife Spots,55.0,61.0,54.0,5
2020-03-30,Montana,Outdoors & Recreation,83.0,88.0,83.0,6
2020-03-30,Montana,Hotel,54.0,50.0,54.0,7
2020-03-30,Montana,Fast Food Restaurants,60.0,56.0,61.0,8
2020-03-30,Montana,Medical,57.0,49.0,57.0,9
2020-03-30,Montana,Professional & Other Places,92.0,87.0,93.0,10
2020-03-30,Montana,Big Box Stores,56.0,63.0,56.0,11
2020-03-30,Montana,School,63.0,63.0,63.0,12
2020-03-30,Montana,Hardware Stores,88.0,88.0,88.0,13
2020-03-30,Montana,Arts & Entertainment,72.0,67.0,72.0,14
2020-03-30,Montana,Convenience Store,73.0,"",73.0,15
2020-03-30,Montana,Sports,97.0,104.0,96.0,16
2020-03-30,Montana,Travel & Transport,92.0,"",91.0,17
2020-03-30,Montana,Colleges & Universities,32.0,"",31.0,18
2020-03-30,Montana,Airport,44.0,"",44.0,19
2020-03-30,Montana,Drug Store,60.0,"",61.0,20
2020-03-31,Montana,Food,46.0,41.0,47.0,1
2020-03-31,Montana,Shops & Services,60.0,47.0,61.0,2
2020-03-31,Montana,Gas Stations,65.0,57.0,66.0,3
2020-03-31,Montana,Grocery,66.0,66.0,66.0,4
2020-03-31,Montana,Nightlife Spots,50.0,43.0,50.0,5
2020-03-31,Montana,Outdoors & Recreation,76.0,66.0,76.0,6
2020-03-31,Montana,Hotel,51.0,43.0,51.0,7
2020-03-31,Montana,Fast Food Restaurants,59.0,47.0,59.0,8
2020-03-31,Montana,Medical,46.0,32.0,47.0,9
2020-03-31,Montana,Big Box Stores,61.0,54.0,62.0,10
2020-03-31,Montana,Professional & Other Places,74.0,70.0,74.0,11
2020-03-31,Montana,School,43.0,51.0,43.0,12
2020-03-31,Montana,Hardware Stores,77.0,66.0,78.0,13
2020-03-31,Montana,Arts & Entertainment,58.0,"",59.0,14
2020-03-31,Montana,Convenience Store,58.0,65.0,58.0,15
2020-03-31,Montana,Travel & Transport,92.0,"",93.0,16
2020-03-31,Montana,Sports,81.0,74.0,82.0,17
2020-03-31,Montana,Colleges & Universities,27.0,"",26.0,18
2020-03-31,Montana,Airport,41.0,"",42.0,19
2020-03-31,Montana,Drug Store,64.0,"",65.0,20
2020-03-31,Montana,Government,53.0,"",54.0,21
2020-03-31,Montana,Office,61.0,"",61.0,22
2020-04-01,Montana,Food,44.0,38.0,45.0,1
2020-04-01,Montana,Shops & Services,56.0,46.0,57.0,2
2020-04-01,Montana,Gas Stations,59.0,54.0,60.0,3
2020-04-01,Montana,Grocery,62.0,52.0,62.0,4
2020-04-01,Montana,Nightlife Spots,45.0,42.0,45.0,5
2020-04-01,Montana,Outdoors & Recreation,67.0,64.0,68.0,6
2020-04-01,Montana,Fast Food Restaurants,56.0,38.0,56.0,7
2020-04-01,Montana,Hotel,44.0,29.0,45.0,8
2020-04-01,Montana,Big Box Stores,61.0,47.0,61.0,9
2020-04-01,Montana,Medical,47.0,41.0,47.0,10
2020-04-01,Montana,Professional & Other Places,63.0,41.0,64.0,11
2020-04-01,Montana,Arts & Entertainment,61.0,50.0,62.0,12
2020-04-01,Montana,Hardware Stores,70.0,53.0,72.0,13
2020-04-01,Montana,School,33.0,38.0,33.0,14
2020-04-01,Montana,Convenience Store,61.0,"",60.0,15
2020-04-01,Montana,Travel & Transport,77.0,"",78.0,16
2020-04-01,Montana,Sports,67.0,75.0,66.0,17
2020-04-01,Montana,Airport,43.0,"",44.0,18
2020-04-01,Montana,Drug Store,59.0,"",59.0,19
