2020-03-01,Florida,Food,103.0,98.0,103.0,1
2020-03-01,Florida,Shops & Services,105.0,99.0,106.0,2
2020-03-01,Florida,Arts & Entertainment,97.0,95.0,97.0,3
2020-03-01,Florida,Grocery,94.0,91.0,95.0,4
2020-03-01,Florida,Outdoors & Recreation,97.0,95.0,97.0,5
2020-03-01,Florida,Hotel,96.0,94.0,96.0,6
2020-03-01,Florida,Nightlife Spots,101.0,100.0,101.0,7
2020-03-01,Florida,Big Box Stores,103.0,97.0,103.0,8
2020-03-01,Florida,Gas Stations,105.0,105.0,105.0,9
2020-03-01,Florida,Fast Food Restaurants,108.0,106.0,108.0,10
2020-03-01,Florida,Residences,96.0,91.0,96.0,11
2020-03-01,Florida,Airport,100.0,100.0,100.0,12
2020-03-01,Florida,Convenience Store,104.0,103.0,104.0,13
2020-03-01,Florida,Professional & Other Places,98.0,98.0,98.0,14
2020-03-01,Florida,Travel & Transport,102.0,108.0,102.0,15
2020-03-01,Florida,Sports,103.0,98.0,103.0,16
2020-03-01,Florida,Drug Store,104.0,102.0,104.0,17
2020-03-01,Florida,Medical,101.0,96.0,101.0,18
2020-03-01,Florida,Hardware Stores,107.0,104.0,107.0,19
2020-03-01,Florida,School,101.0,102.0,101.0,20
2020-03-01,Florida,Discount Stores,104.0,96.0,104.0,21
2020-03-01,Florida,Beach,92.0,91.0,93.0,22
2020-03-01,Florida,Fitness Center,99.0,96.0,99.0,23
2020-03-01,Florida,Colleges & Universities,92.0,96.0,92.0,24
2020-03-01,Florida,Office,97.0,91.0,97.0,25
2020-03-01,Florida,Government,105.0,108.0,105.0,26
2020-03-01,Florida,Banks,112.0,107.0,112.0,27
2020-03-01,Florida,Alcohol,100.0,95.0,100.0,28
2020-03-01,Florida,Bus,98.0,108.0,97.0,29
2020-03-01,Florida,Light Rail Stations,86.0,103.0,86.0,30
2020-03-01,Florida,Spiritual Center,102.0,86.0,103.0,31
2020-03-01,Florida,Events,221.0,256.0,219.0,32
2020-03-02,Florida,Food,102.0,97.0,102.0,1
2020-03-02,Florida,Shops & Services,102.0,97.0,102.0,2
2020-03-02,Florida,Outdoors & Recreation,99.0,95.0,99.0,3
2020-03-02,Florida,Grocery,104.0,102.0,104.0,4
2020-03-02,Florida,Arts & Entertainment,94.0,95.0,94.0,5
2020-03-02,Florida,Medical,102.0,96.0,103.0,6
2020-03-02,Florida,Hotel,92.0,91.0,92.0,7
2020-03-02,Florida,Gas Stations,104.0,103.0,104.0,8
2020-03-02,Florida,Fast Food Restaurants,110.0,104.0,110.0,9
2020-03-02,Florida,Residences,98.0,96.0,98.0,10
2020-03-02,Florida,Big Box Stores,110.0,103.0,110.0,11
2020-03-02,Florida,Airport,97.0,96.0,97.0,12
2020-03-02,Florida,School,107.0,102.0,108.0,13
2020-03-02,Florida,Professional & Other Places,100.0,101.0,100.0,14
2020-03-02,Florida,Nightlife Spots,99.0,97.0,99.0,15
2020-03-02,Florida,Convenience Store,102.0,99.0,102.0,16
2020-03-02,Florida,Travel & Transport,98.0,96.0,99.0,17
2020-03-02,Florida,Sports,102.0,97.0,102.0,18
2020-03-02,Florida,Drug Store,110.0,104.0,110.0,19
2020-03-02,Florida,Office,102.0,100.0,102.0,20
2020-03-02,Florida,Fitness Center,101.0,97.0,101.0,21
2020-03-02,Florida,Colleges & Universities,90.0,99.0,90.0,22
2020-03-02,Florida,Hardware Stores,105.0,98.0,105.0,23
2020-03-02,Florida,Government,112.0,103.0,112.0,24
2020-03-02,Florida,Banks,126.0,120.0,126.0,25
2020-03-02,Florida,Discount Stores,105.0,100.0,105.0,26
2020-03-02,Florida,Beach,91.0,85.0,91.0,27
2020-03-02,Florida,Alcohol,105.0,100.0,105.0,28
2020-03-02,Florida,Bus,98.0,110.0,97.0,29
2020-03-02,Florida,Light Rail Stations,95.0,94.0,95.0,30
2020-03-02,Florida,Spiritual Center,109.0,96.0,110.0,31
2020-03-02,Florida,Events,242.0,316.0,238.0,32
2020-03-02,Florida,Gun Shops,120.0,"",123.0,33
2020-03-03,Florida,Food,100.0,94.0,101.0,1
2020-03-03,Florida,Shops & Services,101.0,95.0,102.0,2
2020-03-03,Florida,Outdoors & Recreation,99.0,93.0,99.0,3
2020-03-03,Florida,Grocery,101.0,98.0,102.0,4
2020-03-03,Florida,Medical,98.0,93.0,98.0,5
2020-03-03,Florida,Arts & Entertainment,95.0,97.0,95.0,6
2020-03-03,Florida,Hotel,91.0,89.0,91.0,7
2020-03-03,Florida,Gas Stations,102.0,101.0,102.0,8
2020-03-03,Florida,Fast Food Restaurants,104.0,100.0,104.0,9
2020-03-03,Florida,School,96.0,93.0,96.0,10
2020-03-03,Florida,Residences,97.0,93.0,97.0,11
2020-03-03,Florida,Professional & Other Places,96.0,93.0,96.0,12
2020-03-03,Florida,Big Box Stores,108.0,100.0,109.0,13
2020-03-03,Florida,Nightlife Spots,101.0,95.0,101.0,14
2020-03-03,Florida,Convenience Store,101.0,97.0,102.0,15
2020-03-03,Florida,Airport,92.0,98.0,92.0,16
2020-03-03,Florida,Sports,102.0,94.0,103.0,17
2020-03-03,Florida,Drug Store,110.0,107.0,110.0,18
2020-03-03,Florida,Office,96.0,95.0,96.0,19
2020-03-03,Florida,Colleges & Universities,85.0,89.0,85.0,20
2020-03-03,Florida,Fitness Center,97.0,96.0,97.0,21
2020-03-03,Florida,Travel & Transport,95.0,90.0,95.0,22
2020-03-03,Florida,Hardware Stores,104.0,101.0,104.0,23
2020-03-03,Florida,Government,103.0,100.0,103.0,24
2020-03-03,Florida,Banks,120.0,110.0,121.0,25
2020-03-03,Florida,Discount Stores,106.0,101.0,106.0,26
2020-03-03,Florida,Beach,96.0,89.0,96.0,27
2020-03-03,Florida,Alcohol,102.0,95.0,103.0,28
2020-03-03,Florida,Bus,96.0,109.0,95.0,29
2020-03-03,Florida,Light Rail Stations,104.0,133.0,104.0,30
2020-03-03,Florida,Spiritual Center,107.0,70.0,110.0,31
2020-03-03,Florida,Gun Shops,119.0,"",121.0,32
2020-03-04,Florida,Food,99.0,95.0,100.0,1
2020-03-04,Florida,Shops & Services,100.0,93.0,101.0,2
2020-03-04,Florida,Outdoors & Recreation,101.0,96.0,102.0,3
2020-03-04,Florida,Grocery,100.0,94.0,100.0,4
2020-03-04,Florida,Arts & Entertainment,101.0,106.0,101.0,5
2020-03-04,Florida,Medical,97.0,93.0,98.0,6
2020-03-04,Florida,Hotel,94.0,93.0,95.0,7
2020-03-04,Florida,Gas Stations,103.0,101.0,103.0,8
2020-03-04,Florida,Fast Food Restaurants,104.0,98.0,104.0,9
2020-03-04,Florida,School,97.0,96.0,97.0,10
2020-03-04,Florida,Residences,99.0,96.0,100.0,11
2020-03-04,Florida,Professional & Other Places,98.0,98.0,98.0,12
2020-03-04,Florida,Nightlife Spots,103.0,97.0,103.0,13
2020-03-04,Florida,Big Box Stores,103.0,94.0,104.0,14
2020-03-04,Florida,Convenience Store,102.0,98.0,102.0,15
2020-03-04,Florida,Airport,92.0,94.0,92.0,16
2020-03-04,Florida,Sports,103.0,100.0,103.0,17
2020-03-04,Florida,Drug Store,107.0,106.0,107.0,18
2020-03-04,Florida,Office,95.0,93.0,95.0,19
2020-03-04,Florida,Fitness Center,97.0,96.0,97.0,20
2020-03-04,Florida,Colleges & Universities,84.0,86.0,84.0,21
2020-03-04,Florida,Travel & Transport,98.0,95.0,98.0,22
2020-03-04,Florida,Hardware Stores,102.0,92.0,103.0,23
2020-03-04,Florida,Government,101.0,97.0,101.0,24
2020-03-04,Florida,Beach,110.0,100.0,111.0,25
2020-03-04,Florida,Discount Stores,103.0,98.0,104.0,26
2020-03-04,Florida,Banks,109.0,110.0,109.0,27
2020-03-04,Florida,Alcohol,100.0,99.0,100.0,28
2020-03-04,Florida,Bus,99.0,105.0,99.0,29
2020-03-04,Florida,Light Rail Stations,92.0,95.0,91.0,30
2020-03-04,Florida,Spiritual Center,101.0,94.0,101.0,31
2020-03-04,Florida,Events,133.0,"",131.0,32
2020-03-05,Florida,Food,100.0,93.0,101.0,1
2020-03-05,Florida,Shops & Services,99.0,92.0,100.0,2
2020-03-05,Florida,Outdoors & Recreation,101.0,95.0,102.0,3
2020-03-05,Florida,Grocery,100.0,95.0,101.0,4
2020-03-05,Florida,Arts & Entertainment,99.0,107.0,98.0,5
2020-03-05,Florida,Medical,99.0,94.0,100.0,6
2020-03-05,Florida,Hotel,96.0,93.0,96.0,7
2020-03-05,Florida,Gas Stations,102.0,98.0,102.0,8
2020-03-05,Florida,Fast Food Restaurants,102.0,95.0,102.0,9
2020-03-05,Florida,School,98.0,94.0,98.0,10
2020-03-05,Florida,Residences,101.0,95.0,101.0,11
2020-03-05,Florida,Nightlife Spots,102.0,96.0,102.0,12
2020-03-05,Florida,Professional & Other Places,100.0,97.0,101.0,13
2020-03-05,Florida,Big Box Stores,100.0,96.0,100.0,14
2020-03-05,Florida,Convenience Store,103.0,96.0,103.0,15
2020-03-05,Florida,Airport,94.0,90.0,94.0,16
2020-03-05,Florida,Sports,102.0,96.0,103.0,17
2020-03-05,Florida,Office,98.0,94.0,98.0,18
2020-03-05,Florida,Drug Store,102.0,99.0,102.0,19
2020-03-05,Florida,Travel & Transport,99.0,94.0,99.0,20
2020-03-05,Florida,Colleges & Universities,86.0,89.0,86.0,21
2020-03-05,Florida,Fitness Center,97.0,93.0,97.0,22
2020-03-05,Florida,Hardware Stores,103.0,97.0,103.0,23
2020-03-05,Florida,Government,101.0,98.0,101.0,24
2020-03-05,Florida,Banks,109.0,101.0,109.0,25
2020-03-05,Florida,Discount Stores,97.0,90.0,98.0,26
2020-03-05,Florida,Beach,106.0,92.0,107.0,27
2020-03-05,Florida,Alcohol,98.0,90.0,99.0,28
2020-03-05,Florida,Bus,96.0,106.0,96.0,29
2020-03-05,Florida,Light Rail Stations,96.0,100.0,95.0,30
2020-03-05,Florida,Spiritual Center,104.0,85.0,105.0,31
2020-03-05,Florida,Gun Shops,120.0,"",120.0,32
2020-03-05,Florida,Events,150.0,209.0,146.0,33
2020-03-06,Florida,Food,98.0,93.0,98.0,1
2020-03-06,Florida,Shops & Services,97.0,94.0,97.0,2
2020-03-06,Florida,Outdoors & Recreation,104.0,101.0,104.0,3
2020-03-06,Florida,Grocery,95.0,93.0,96.0,4
2020-03-06,Florida,Arts & Entertainment,96.0,102.0,95.0,5
2020-03-06,Florida,Hotel,96.0,94.0,97.0,6
2020-03-06,Florida,Gas Stations,101.0,97.0,102.0,7
2020-03-06,Florida,Medical,99.0,94.0,99.0,8
2020-03-06,Florida,Fast Food Restaurants,101.0,98.0,102.0,9
2020-03-06,Florida,Nightlife Spots,104.0,101.0,104.0,10
2020-03-06,Florida,Residences,101.0,101.0,101.0,11
2020-03-06,Florida,School,102.0,100.0,102.0,12
2020-03-06,Florida,Professional & Other Places,102.0,102.0,102.0,13
2020-03-06,Florida,Big Box Stores,96.0,95.0,96.0,14
2020-03-06,Florida,Convenience Store,101.0,96.0,101.0,15
2020-03-06,Florida,Airport,91.0,81.0,92.0,16
2020-03-06,Florida,Sports,107.0,111.0,107.0,17
2020-03-06,Florida,Drug Store,98.0,99.0,98.0,18
2020-03-06,Florida,Travel & Transport,97.0,97.0,97.0,19
2020-03-06,Florida,Office,99.0,97.0,99.0,20
2020-03-06,Florida,Hardware Stores,105.0,102.0,105.0,21
2020-03-06,Florida,Fitness Center,98.0,92.0,98.0,22
2020-03-06,Florida,Banks,103.0,101.0,103.0,23
2020-03-06,Florida,Colleges & Universities,88.0,89.0,88.0,24
2020-03-06,Florida,Government,99.0,96.0,99.0,25
2020-03-06,Florida,Discount Stores,92.0,93.0,92.0,26
2020-03-06,Florida,Beach,110.0,98.0,111.0,27
2020-03-06,Florida,Alcohol,100.0,95.0,100.0,28
2020-03-06,Florida,Bus,94.0,105.0,93.0,29
2020-03-06,Florida,Light Rail Stations,97.0,111.0,97.0,30
2020-03-06,Florida,Spiritual Center,97.0,88.0,98.0,31
2020-03-06,Florida,Gun Shops,121.0,"",123.0,32
2020-03-06,Florida,Events,106.0,"",105.0,33
2020-03-07,Florida,Food,100.0,94.0,100.0,1
2020-03-07,Florida,Shops & Services,100.0,93.0,100.0,2
2020-03-07,Florida,Arts & Entertainment,98.0,95.0,98.0,3
2020-03-07,Florida,Outdoors & Recreation,105.0,98.0,105.0,4
2020-03-07,Florida,Grocery,98.0,94.0,98.0,5
2020-03-07,Florida,Hotel,98.0,91.0,98.0,6
2020-03-07,Florida,Nightlife Spots,107.0,98.0,107.0,7
2020-03-07,Florida,Fast Food Restaurants,103.0,96.0,103.0,8
2020-03-07,Florida,Gas Stations,105.0,98.0,105.0,9
2020-03-07,Florida,Big Box Stores,99.0,94.0,99.0,10
2020-03-07,Florida,Residences,100.0,97.0,100.0,11
2020-03-07,Florida,Professional & Other Places,105.0,99.0,105.0,12
2020-03-07,Florida,Convenience Store,101.0,95.0,101.0,13
2020-03-07,Florida,Airport,92.0,77.0,92.0,14
2020-03-07,Florida,Sports,110.0,104.0,111.0,15
2020-03-07,Florida,Medical,102.0,101.0,102.0,16
2020-03-07,Florida,Travel & Transport,98.0,89.0,98.0,17
2020-03-07,Florida,Drug Store,105.0,104.0,105.0,18
2020-03-07,Florida,Hardware Stores,107.0,103.0,107.0,19
2020-03-07,Florida,School,105.0,96.0,105.0,20
2020-03-07,Florida,Discount Stores,102.0,104.0,102.0,21
2020-03-07,Florida,Fitness Center,96.0,87.0,97.0,22
2020-03-07,Florida,Beach,101.0,83.0,102.0,23
2020-03-07,Florida,Colleges & Universities,93.0,104.0,93.0,24
2020-03-07,Florida,Office,102.0,96.0,102.0,25
2020-03-07,Florida,Government,115.0,117.0,115.0,26
2020-03-07,Florida,Banks,85.0,87.0,85.0,27
2020-03-07,Florida,Alcohol,103.0,92.0,104.0,28
2020-03-07,Florida,Bus,102.0,102.0,102.0,29
2020-03-07,Florida,Light Rail Stations,85.0,88.0,85.0,30
2020-03-07,Florida,Spiritual Center,96.0,104.0,96.0,31
2020-03-07,Florida,Events,85.0,"",87.0,32
2020-03-07,Florida,Gun Shops,105.0,"",106.0,33
2020-03-08,Florida,Food,101.0,89.0,101.0,1
2020-03-08,Florida,Shops & Services,102.0,92.0,102.0,2
2020-03-08,Florida,Arts & Entertainment,93.0,86.0,93.0,3
2020-03-08,Florida,Grocery,95.0,89.0,96.0,4
2020-03-08,Florida,Outdoors & Recreation,91.0,80.0,92.0,5
2020-03-08,Florida,Hotel,96.0,81.0,96.0,6
2020-03-08,Florida,Nightlife Spots,103.0,94.0,103.0,7
2020-03-08,Florida,Big Box Stores,102.0,94.0,102.0,8
2020-03-08,Florida,Gas Stations,103.0,96.0,103.0,9
2020-03-08,Florida,Fast Food Restaurants,104.0,96.0,104.0,10
2020-03-08,Florida,Airport,103.0,90.0,103.0,11
2020-03-08,Florida,Residences,94.0,82.0,94.0,12
2020-03-08,Florida,Convenience Store,103.0,94.0,103.0,13
2020-03-08,Florida,Professional & Other Places,101.0,94.0,102.0,14
2020-03-08,Florida,Travel & Transport,94.0,86.0,94.0,15
2020-03-08,Florida,Drug Store,109.0,102.0,109.0,16
2020-03-08,Florida,Sports,99.0,89.0,100.0,17
2020-03-08,Florida,Medical,97.0,86.0,98.0,18
2020-03-08,Florida,Hardware Stores,105.0,95.0,106.0,19
2020-03-08,Florida,School,98.0,86.0,98.0,20
2020-03-08,Florida,Discount Stores,100.0,95.0,100.0,21
2020-03-08,Florida,Beach,79.0,67.0,80.0,22
2020-03-08,Florida,Fitness Center,94.0,84.0,95.0,23
2020-03-08,Florida,Colleges & Universities,89.0,88.0,90.0,24
2020-03-08,Florida,Office,93.0,84.0,93.0,25
2020-03-08,Florida,Government,102.0,94.0,102.0,26
2020-03-08,Florida,Banks,91.0,87.0,91.0,27
2020-03-08,Florida,Alcohol,99.0,98.0,99.0,28
2020-03-08,Florida,Bus,103.0,95.0,103.0,29
2020-03-08,Florida,Light Rail Stations,70.0,75.0,70.0,30
2020-03-08,Florida,Spiritual Center,83.0,56.0,85.0,31
2020-03-08,Florida,Events,142.0,"",144.0,32
2020-03-09,Florida,Food,99.0,89.0,100.0,1
2020-03-09,Florida,Shops & Services,100.0,91.0,101.0,2
2020-03-09,Florida,Grocery,102.0,97.0,103.0,3
2020-03-09,Florida,Outdoors & Recreation,94.0,85.0,95.0,4
2020-03-09,Florida,Arts & Entertainment,98.0,87.0,98.0,5
2020-03-09,Florida,Hotel,93.0,80.0,93.0,6
2020-03-09,Florida,Medical,98.0,92.0,99.0,7
2020-03-09,Florida,Gas Stations,104.0,98.0,104.0,8
2020-03-09,Florida,Fast Food Restaurants,104.0,95.0,104.0,9
2020-03-09,Florida,Residences,95.0,86.0,96.0,10
2020-03-09,Florida,Nightlife Spots,105.0,93.0,105.0,11
2020-03-09,Florida,School,106.0,97.0,107.0,12
2020-03-09,Florida,Professional & Other Places,98.0,95.0,98.0,13
2020-03-09,Florida,Big Box Stores,103.0,95.0,103.0,14
2020-03-09,Florida,Convenience Store,101.0,94.0,102.0,15
2020-03-09,Florida,Airport,86.0,85.0,86.0,16
2020-03-09,Florida,Travel & Transport,93.0,83.0,94.0,17
2020-03-09,Florida,Sports,102.0,93.0,103.0,18
2020-03-09,Florida,Drug Store,107.0,102.0,108.0,19
2020-03-09,Florida,Office,97.0,91.0,97.0,20
2020-03-09,Florida,Fitness Center,98.0,90.0,99.0,21
2020-03-09,Florida,Colleges & Universities,84.0,90.0,84.0,22
2020-03-09,Florida,Hardware Stores,102.0,94.0,103.0,23
2020-03-09,Florida,Government,105.0,98.0,106.0,24
2020-03-09,Florida,Discount Stores,102.0,98.0,102.0,25
2020-03-09,Florida,Banks,107.0,108.0,107.0,26
2020-03-09,Florida,Beach,87.0,72.0,89.0,27
2020-03-09,Florida,Alcohol,101.0,94.0,101.0,28
2020-03-09,Florida,Bus,93.0,99.0,92.0,29
2020-03-09,Florida,Light Rail Stations,94.0,76.0,94.0,30
2020-03-09,Florida,Spiritual Center,109.0,130.0,108.0,31
2020-03-09,Florida,Gun Shops,106.0,"",107.0,32
2020-03-10,Florida,Food,98.0,87.0,98.0,1
2020-03-10,Florida,Shops & Services,99.0,89.0,100.0,2
2020-03-10,Florida,Outdoors & Recreation,96.0,85.0,97.0,3
2020-03-10,Florida,Grocery,98.0,92.0,99.0,4
2020-03-10,Florida,Arts & Entertainment,100.0,84.0,101.0,5
2020-03-10,Florida,Medical,94.0,89.0,94.0,6
2020-03-10,Florida,Hotel,92.0,76.0,93.0,7
2020-03-10,Florida,Gas Stations,100.0,93.0,101.0,8
2020-03-10,Florida,Fast Food Restaurants,100.0,90.0,101.0,9
2020-03-10,Florida,Residences,97.0,89.0,98.0,10
2020-03-10,Florida,School,92.0,89.0,92.0,11
2020-03-10,Florida,Nightlife Spots,107.0,89.0,108.0,12
2020-03-10,Florida,Professional & Other Places,91.0,86.0,91.0,13
2020-03-10,Florida,Big Box Stores,102.0,90.0,102.0,14
2020-03-10,Florida,Convenience Store,98.0,92.0,98.0,15
2020-03-10,Florida,Airport,87.0,91.0,87.0,16
2020-03-10,Florida,Sports,103.0,91.0,104.0,17
2020-03-10,Florida,Drug Store,103.0,99.0,104.0,18
2020-03-10,Florida,Office,90.0,84.0,90.0,19
2020-03-10,Florida,Fitness Center,92.0,84.0,93.0,20
2020-03-10,Florida,Travel & Transport,92.0,80.0,93.0,21
2020-03-10,Florida,Colleges & Universities,78.0,82.0,78.0,22
2020-03-10,Florida,Hardware Stores,101.0,90.0,102.0,23
2020-03-10,Florida,Government,96.0,92.0,96.0,24
2020-03-10,Florida,Discount Stores,100.0,98.0,100.0,25
2020-03-10,Florida,Beach,93.0,74.0,96.0,26
2020-03-10,Florida,Banks,97.0,90.0,98.0,27
2020-03-10,Florida,Alcohol,99.0,91.0,99.0,28
2020-03-10,Florida,Bus,94.0,94.0,94.0,29
2020-03-10,Florida,Light Rail Stations,96.0,70.0,96.0,30
2020-03-10,Florida,Spiritual Center,96.0,87.0,96.0,31
2020-03-11,Florida,Food,97.0,88.0,98.0,1
2020-03-11,Florida,Shops & Services,99.0,88.0,99.0,2
2020-03-11,Florida,Outdoors & Recreation,100.0,91.0,100.0,3
2020-03-11,Florida,Grocery,99.0,94.0,100.0,4
2020-03-11,Florida,Arts & Entertainment,96.0,83.0,97.0,5
2020-03-11,Florida,Medical,93.0,87.0,93.0,6
2020-03-11,Florida,Hotel,93.0,79.0,94.0,7
2020-03-11,Florida,Gas Stations,102.0,96.0,102.0,8
2020-03-11,Florida,Fast Food Restaurants,99.0,92.0,99.0,9
2020-03-11,Florida,Residences,99.0,89.0,99.0,10
2020-03-11,Florida,Nightlife Spots,108.0,94.0,109.0,11
2020-03-11,Florida,School,92.0,88.0,92.0,12
2020-03-11,Florida,Big Box Stores,102.0,89.0,103.0,13
2020-03-11,Florida,Professional & Other Places,90.0,89.0,90.0,14
2020-03-11,Florida,Convenience Store,100.0,95.0,100.0,15
2020-03-11,Florida,Airport,85.0,78.0,85.0,16
2020-03-11,Florida,Sports,104.0,95.0,105.0,17
2020-03-11,Florida,Drug Store,105.0,97.0,105.0,18
2020-03-11,Florida,Office,91.0,88.0,91.0,19
2020-03-11,Florida,Travel & Transport,96.0,88.0,97.0,20
2020-03-11,Florida,Fitness Center,92.0,86.0,92.0,21
2020-03-11,Florida,Colleges & Universities,78.0,89.0,78.0,22
2020-03-11,Florida,Hardware Stores,101.0,93.0,102.0,23
2020-03-11,Florida,Government,97.0,93.0,97.0,24
2020-03-11,Florida,Beach,113.0,96.0,115.0,25
2020-03-11,Florida,Discount Stores,98.0,88.0,99.0,26
2020-03-11,Florida,Banks,94.0,94.0,93.0,27
2020-03-11,Florida,Alcohol,96.0,84.0,97.0,28
2020-03-11,Florida,Bus,85.0,79.0,85.0,29
2020-03-11,Florida,Light Rail Stations,92.0,75.0,92.0,30
2020-03-11,Florida,Spiritual Center,106.0,88.0,107.0,31
2020-03-11,Florida,Gun Shops,97.0,"",100.0,32
2020-03-12,Florida,Food,94.0,83.0,95.0,1
2020-03-12,Florida,Shops & Services,95.0,85.0,96.0,2
2020-03-12,Florida,Grocery,110.0,105.0,110.0,3
2020-03-12,Florida,Outdoors & Recreation,97.0,90.0,98.0,4
2020-03-12,Florida,Medical,91.0,86.0,91.0,5
2020-03-12,Florida,Arts & Entertainment,86.0,71.0,87.0,6
2020-03-12,Florida,Hotel,90.0,75.0,91.0,7
2020-03-12,Florida,Gas Stations,101.0,94.0,101.0,8
2020-03-12,Florida,Fast Food Restaurants,100.0,91.0,100.0,9
2020-03-12,Florida,Nightlife Spots,104.0,86.0,105.0,10
2020-03-12,Florida,Residences,97.0,88.0,98.0,11
2020-03-12,Florida,Big Box Stores,106.0,98.0,106.0,12
2020-03-12,Florida,School,88.0,85.0,88.0,13
2020-03-12,Florida,Convenience Store,99.0,89.0,99.0,14
2020-03-12,Florida,Professional & Other Places,89.0,84.0,89.0,15
2020-03-12,Florida,Airport,82.0,70.0,82.0,16
2020-03-12,Florida,Drug Store,110.0,106.0,111.0,17
2020-03-12,Florida,Sports,99.0,93.0,100.0,18
2020-03-12,Florida,Travel & Transport,93.0,85.0,94.0,19
2020-03-12,Florida,Office,88.0,85.0,88.0,20
2020-03-12,Florida,Hardware Stores,100.0,90.0,101.0,21
2020-03-12,Florida,Fitness Center,86.0,80.0,86.0,22
2020-03-12,Florida,Colleges & Universities,71.0,78.0,71.0,23
2020-03-12,Florida,Government,91.0,82.0,92.0,24
2020-03-12,Florida,Discount Stores,103.0,94.0,104.0,25
2020-03-12,Florida,Beach,116.0,96.0,118.0,26
2020-03-12,Florida,Banks,96.0,94.0,96.0,27
2020-03-12,Florida,Alcohol,103.0,97.0,104.0,28
2020-03-12,Florida,Bus,88.0,86.0,88.0,29
2020-03-12,Florida,Light Rail Stations,83.0,73.0,84.0,30
2020-03-12,Florida,Spiritual Center,99.0,81.0,100.0,31
2020-03-12,Florida,Gun Shops,112.0,"",113.0,32
2020-03-13,Florida,Food,95.0,80.0,96.0,1
2020-03-13,Florida,Shops & Services,97.0,84.0,98.0,2
2020-03-13,Florida,Grocery,124.0,115.0,125.0,3
2020-03-13,Florida,Outdoors & Recreation,105.0,96.0,105.0,4
2020-03-13,Florida,Gas Stations,108.0,96.0,108.0,5
2020-03-13,Florida,Hotel,91.0,74.0,91.0,6
2020-03-13,Florida,Arts & Entertainment,80.0,62.0,81.0,7
2020-03-13,Florida,Big Box Stores,120.0,105.0,121.0,8
2020-03-13,Florida,Fast Food Restaurants,101.0,92.0,102.0,9
2020-03-13,Florida,Medical,93.0,83.0,94.0,10
2020-03-13,Florida,Nightlife Spots,105.0,91.0,106.0,11
2020-03-13,Florida,Residences,101.0,96.0,101.0,12
2020-03-13,Florida,Convenience Store,103.0,93.0,104.0,13
2020-03-13,Florida,Professional & Other Places,91.0,86.0,91.0,14
2020-03-13,Florida,School,79.0,78.0,79.0,15
2020-03-13,Florida,Airport,79.0,66.0,80.0,16
2020-03-13,Florida,Drug Store,118.0,107.0,119.0,17
2020-03-13,Florida,Sports,100.0,101.0,100.0,18
2020-03-13,Florida,Travel & Transport,94.0,84.0,94.0,19
2020-03-13,Florida,Hardware Stores,110.0,98.0,111.0,20
2020-03-13,Florida,Office,89.0,82.0,90.0,21
2020-03-13,Florida,Discount Stores,115.0,102.0,116.0,22
2020-03-13,Florida,Fitness Center,87.0,78.0,88.0,23
2020-03-13,Florida,Beach,147.0,126.0,149.0,24
2020-03-13,Florida,Banks,98.0,91.0,99.0,25
2020-03-13,Florida,Government,97.0,91.0,97.0,26
2020-03-13,Florida,Colleges & Universities,71.0,74.0,71.0,27
2020-03-13,Florida,Alcohol,113.0,95.0,115.0,28
2020-03-13,Florida,Bus,86.0,81.0,86.0,29
2020-03-13,Florida,Light Rail Stations,79.0,65.0,79.0,30
2020-03-13,Florida,Spiritual Center,94.0,95.0,94.0,31
2020-03-13,Florida,Gun Shops,111.0,"",114.0,32
2020-03-14,Florida,Food,85.0,72.0,85.0,1
2020-03-14,Florida,Shops & Services,86.0,74.0,86.0,2
2020-03-14,Florida,Grocery,121.0,108.0,122.0,3
2020-03-14,Florida,Outdoors & Recreation,95.0,87.0,96.0,4
2020-03-14,Florida,Hotel,84.0,67.0,85.0,5
2020-03-14,Florida,Arts & Entertainment,65.0,51.0,65.0,6
2020-03-14,Florida,Nightlife Spots,96.0,78.0,97.0,7
2020-03-14,Florida,Big Box Stores,111.0,97.0,112.0,8
2020-03-14,Florida,Gas Stations,106.0,95.0,106.0,9
2020-03-14,Florida,Fast Food Restaurants,90.0,80.0,91.0,10
2020-03-14,Florida,Residences,96.0,88.0,97.0,11
2020-03-14,Florida,Convenience Store,97.0,86.0,97.0,12
2020-03-14,Florida,Airport,78.0,52.0,79.0,13
2020-03-14,Florida,Professional & Other Places,79.0,75.0,80.0,14
2020-03-14,Florida,Drug Store,117.0,112.0,117.0,15
2020-03-14,Florida,Hardware Stores,112.0,97.0,113.0,16
2020-03-14,Florida,Medical,89.0,78.0,89.0,17
2020-03-14,Florida,Travel & Transport,85.0,70.0,86.0,18
2020-03-14,Florida,Beach,158.0,112.0,162.0,19
2020-03-14,Florida,Sports,84.0,87.0,84.0,20
2020-03-14,Florida,Discount Stores,113.0,97.0,114.0,21
2020-03-14,Florida,School,81.0,74.0,82.0,22
2020-03-14,Florida,Fitness Center,80.0,70.0,80.0,23
2020-03-14,Florida,Banks,77.0,69.0,78.0,24
2020-03-14,Florida,Office,84.0,71.0,85.0,25
2020-03-14,Florida,Government,91.0,88.0,91.0,26
2020-03-14,Florida,Colleges & Universities,66.0,60.0,66.0,27
2020-03-14,Florida,Alcohol,105.0,92.0,106.0,28
2020-03-14,Florida,Bus,79.0,73.0,79.0,29
2020-03-14,Florida,Light Rail Stations,78.0,59.0,79.0,30
2020-03-14,Florida,Spiritual Center,81.0,65.0,82.0,31
2020-03-14,Florida,Gun Shops,106.0,"",108.0,32
2020-03-15,Florida,Food,79.0,65.0,80.0,1
2020-03-15,Florida,Shops & Services,78.0,66.0,78.0,2
2020-03-15,Florida,Grocery,99.0,96.0,100.0,3
2020-03-15,Florida,Outdoors & Recreation,91.0,77.0,92.0,4
2020-03-15,Florida,Hotel,76.0,59.0,77.0,5
2020-03-15,Florida,Arts & Entertainment,59.0,47.0,59.0,6
2020-03-15,Florida,Nightlife Spots,86.0,68.0,87.0,7
2020-03-15,Florida,Big Box Stores,98.0,86.0,99.0,8
2020-03-15,Florida,Gas Stations,98.0,84.0,99.0,9
2020-03-15,Florida,Residences,88.0,74.0,89.0,10
2020-03-15,Florida,Fast Food Restaurants,86.0,73.0,86.0,11
2020-03-15,Florida,Convenience Store,95.0,80.0,96.0,12
2020-03-15,Florida,Airport,76.0,59.0,77.0,13
2020-03-15,Florida,Beach,138.0,99.0,141.0,14
2020-03-15,Florida,Drug Store,113.0,107.0,113.0,15
2020-03-15,Florida,Professional & Other Places,71.0,64.0,72.0,16
2020-03-15,Florida,Hardware Stores,107.0,95.0,108.0,17
2020-03-15,Florida,Travel & Transport,80.0,70.0,80.0,18
2020-03-15,Florida,Sports,81.0,76.0,82.0,19
2020-03-15,Florida,Medical,84.0,72.0,85.0,20
2020-03-15,Florida,Discount Stores,104.0,90.0,104.0,21
2020-03-15,Florida,School,82.0,65.0,83.0,22
2020-03-15,Florida,Fitness Center,77.0,70.0,78.0,23
2020-03-15,Florida,Office,79.0,66.0,80.0,24
2020-03-15,Florida,Government,88.0,76.0,89.0,25
2020-03-15,Florida,Colleges & Universities,64.0,58.0,65.0,26
2020-03-15,Florida,Banks,76.0,66.0,76.0,27
2020-03-15,Florida,Alcohol,99.0,91.0,99.0,28
2020-03-15,Florida,Bus,71.0,61.0,71.0,29
2020-03-15,Florida,Light Rail Stations,65.0,"",65.0,30
2020-03-15,Florida,Spiritual Center,60.0,"",62.0,31
2020-03-16,Florida,Food,84.0,68.0,85.0,1
2020-03-16,Florida,Shops & Services,91.0,74.0,92.0,2
2020-03-16,Florida,Grocery,130.0,121.0,130.0,3
2020-03-16,Florida,Outdoors & Recreation,91.0,76.0,92.0,4
2020-03-16,Florida,Medical,87.0,72.0,88.0,5
2020-03-16,Florida,Gas Stations,100.0,88.0,101.0,6
2020-03-16,Florida,Big Box Stores,119.0,99.0,121.0,7
2020-03-16,Florida,Hotel,69.0,55.0,70.0,8
2020-03-16,Florida,Residences,93.0,80.0,94.0,9
2020-03-16,Florida,Fast Food Restaurants,94.0,79.0,94.0,10
2020-03-16,Florida,Convenience Store,95.0,84.0,96.0,11
2020-03-16,Florida,Nightlife Spots,87.0,69.0,88.0,12
2020-03-16,Florida,Professional & Other Places,81.0,76.0,81.0,13
2020-03-16,Florida,Airport,69.0,61.0,69.0,14
2020-03-16,Florida,Drug Store,121.0,109.0,122.0,15
2020-03-16,Florida,Arts & Entertainment,37.0,39.0,37.0,16
2020-03-16,Florida,Hardware Stores,108.0,88.0,110.0,17
2020-03-16,Florida,Sports,85.0,77.0,86.0,18
2020-03-16,Florida,Office,82.0,79.0,82.0,19
2020-03-16,Florida,Travel & Transport,72.0,62.0,73.0,20
2020-03-16,Florida,School,48.0,56.0,48.0,21
2020-03-16,Florida,Beach,105.0,74.0,108.0,22
2020-03-16,Florida,Fitness Center,76.0,63.0,76.0,23
2020-03-16,Florida,Discount Stores,115.0,95.0,117.0,24
2020-03-16,Florida,Government,93.0,83.0,93.0,25
2020-03-16,Florida,Banks,106.0,106.0,106.0,26
2020-03-16,Florida,Colleges & Universities,43.0,56.0,43.0,27
2020-03-16,Florida,Alcohol,124.0,105.0,126.0,28
2020-03-16,Florida,Bus,68.0,62.0,68.0,29
2020-03-16,Florida,Light Rail Stations,56.0,44.0,57.0,30
2020-03-16,Florida,Spiritual Center,89.0,63.0,91.0,31
2020-03-16,Florida,Gun Shops,136.0,"",142.0,32
2020-03-17,Florida,Food,74.0,56.0,75.0,1
2020-03-17,Florida,Shops & Services,81.0,65.0,82.0,2
2020-03-17,Florida,Grocery,123.0,108.0,124.0,3
2020-03-17,Florida,Outdoors & Recreation,89.0,73.0,91.0,4
2020-03-17,Florida,Medical,76.0,65.0,77.0,5
2020-03-17,Florida,Gas Stations,92.0,83.0,93.0,6
2020-03-17,Florida,Big Box Stores,111.0,84.0,113.0,7
2020-03-17,Florida,Residences,90.0,77.0,91.0,8
2020-03-17,Florida,Fast Food Restaurants,82.0,66.0,83.0,9
2020-03-17,Florida,Hotel,57.0,47.0,58.0,10
2020-03-17,Florida,Convenience Store,90.0,79.0,91.0,11
2020-03-17,Florida,Nightlife Spots,85.0,66.0,87.0,12
2020-03-17,Florida,Professional & Other Places,72.0,66.0,72.0,13
2020-03-17,Florida,Drug Store,112.0,93.0,113.0,14
2020-03-17,Florida,Airport,64.0,59.0,64.0,15
2020-03-17,Florida,Sports,81.0,74.0,82.0,16
2020-03-17,Florida,Hardware Stores,101.0,80.0,103.0,17
2020-03-17,Florida,School,40.0,50.0,40.0,18
2020-03-17,Florida,Arts & Entertainment,30.0,34.0,29.0,19
2020-03-17,Florida,Office,68.0,68.0,68.0,20
2020-03-17,Florida,Travel & Transport,74.0,64.0,74.0,21
2020-03-17,Florida,Discount Stores,107.0,88.0,109.0,22
2020-03-17,Florida,Beach,101.0,67.0,105.0,23
2020-03-17,Florida,Government,78.0,71.0,78.0,24
2020-03-17,Florida,Fitness Center,59.0,52.0,60.0,25
2020-03-17,Florida,Banks,82.0,72.0,83.0,26
2020-03-17,Florida,Colleges & Universities,35.0,48.0,35.0,27
2020-03-17,Florida,Alcohol,144.0,109.0,146.0,28
2020-03-17,Florida,Bus,58.0,54.0,58.0,29
2020-03-17,Florida,Light Rail Stations,46.0,39.0,46.0,30
2020-03-17,Florida,Spiritual Center,90.0,77.0,91.0,31
2020-03-17,Florida,Gun Shops,122.0,"",125.0,32
2020-03-18,Florida,Food,66.0,51.0,67.0,1
2020-03-18,Florida,Shops & Services,73.0,60.0,74.0,2
2020-03-18,Florida,Grocery,110.0,95.0,112.0,3
2020-03-18,Florida,Outdoors & Recreation,86.0,71.0,88.0,4
2020-03-18,Florida,Gas Stations,89.0,80.0,89.0,5
2020-03-18,Florida,Medical,71.0,61.0,72.0,6
2020-03-18,Florida,Big Box Stores,105.0,83.0,107.0,7
2020-03-18,Florida,Residences,87.0,74.0,88.0,8
2020-03-18,Florida,Fast Food Restaurants,75.0,61.0,76.0,9
2020-03-18,Florida,Convenience Store,86.0,72.0,86.0,10
2020-03-18,Florida,Hotel,50.0,44.0,51.0,11
2020-03-18,Florida,Professional & Other Places,65.0,60.0,65.0,12
2020-03-18,Florida,Nightlife Spots,62.0,53.0,63.0,13
2020-03-18,Florida,Drug Store,106.0,95.0,107.0,14
2020-03-18,Florida,Hardware Stores,102.0,79.0,105.0,15
2020-03-18,Florida,Sports,78.0,70.0,80.0,16
2020-03-18,Florida,Airport,51.0,40.0,52.0,17
2020-03-18,Florida,Office,65.0,61.0,65.0,18
2020-03-18,Florida,School,37.0,47.0,37.0,19
2020-03-18,Florida,Travel & Transport,68.0,59.0,69.0,20
2020-03-18,Florida,Arts & Entertainment,26.0,30.0,26.0,21
2020-03-18,Florida,Beach,109.0,72.0,113.0,22
2020-03-18,Florida,Discount Stores,100.0,83.0,101.0,23
2020-03-18,Florida,Government,71.0,63.0,72.0,24
2020-03-18,Florida,Fitness Center,49.0,44.0,50.0,25
2020-03-18,Florida,Banks,77.0,69.0,78.0,26
2020-03-18,Florida,Colleges & Universities,31.0,45.0,31.0,27
2020-03-18,Florida,Alcohol,106.0,86.0,108.0,28
2020-03-18,Florida,Bus,49.0,55.0,49.0,29
2020-03-18,Florida,Light Rail Stations,42.0,38.0,43.0,30
2020-03-18,Florida,Spiritual Center,71.0,53.0,72.0,31
2020-03-18,Florida,Gun Shops,127.0,"",130.0,32
2020-03-19,Florida,Food,59.0,47.0,60.0,1
2020-03-19,Florida,Shops & Services,65.0,54.0,66.0,2
2020-03-19,Florida,Grocery,103.0,90.0,104.0,3
2020-03-19,Florida,Outdoors & Recreation,81.0,70.0,82.0,4
2020-03-19,Florida,Gas Stations,82.0,73.0,83.0,5
2020-03-19,Florida,Medical,67.0,58.0,68.0,6
2020-03-19,Florida,Big Box Stores,94.0,72.0,95.0,7
2020-03-19,Florida,Residences,82.0,71.0,82.0,8
2020-03-19,Florida,Fast Food Restaurants,68.0,57.0,68.0,9
2020-03-19,Florida,Convenience Store,79.0,66.0,80.0,10
2020-03-19,Florida,Hotel,44.0,42.0,44.0,11
2020-03-19,Florida,Professional & Other Places,60.0,55.0,61.0,12
2020-03-19,Florida,Drug Store,94.0,82.0,95.0,13
2020-03-19,Florida,Nightlife Spots,54.0,47.0,54.0,14
2020-03-19,Florida,Hardware Stores,98.0,81.0,100.0,15
2020-03-19,Florida,Sports,71.0,68.0,72.0,16
2020-03-19,Florida,Airport,43.0,36.0,43.0,17
2020-03-19,Florida,School,35.0,44.0,35.0,18
2020-03-19,Florida,Office,61.0,61.0,61.0,19
2020-03-19,Florida,Travel & Transport,60.0,57.0,60.0,20
2020-03-19,Florida,Discount Stores,92.0,79.0,93.0,21
2020-03-19,Florida,Arts & Entertainment,23.0,27.0,22.0,22
2020-03-19,Florida,Beach,100.0,75.0,103.0,23
2020-03-19,Florida,Government,64.0,57.0,64.0,24
2020-03-19,Florida,Fitness Center,47.0,43.0,47.0,25
2020-03-19,Florida,Banks,75.0,68.0,75.0,26
2020-03-19,Florida,Colleges & Universities,30.0,42.0,30.0,27
2020-03-19,Florida,Alcohol,92.0,80.0,92.0,28
2020-03-19,Florida,Bus,49.0,50.0,49.0,29
2020-03-19,Florida,Light Rail Stations,41.0,44.0,41.0,30
2020-03-19,Florida,Spiritual Center,69.0,"",71.0,31
2020-03-19,Florida,Gun Shops,148.0,"",151.0,32
2020-03-20,Florida,Food,54.0,42.0,55.0,1
2020-03-20,Florida,Shops & Services,61.0,50.0,62.0,2
2020-03-20,Florida,Grocery,108.0,90.0,110.0,3
2020-03-20,Florida,Outdoors & Recreation,81.0,72.0,82.0,4
2020-03-20,Florida,Gas Stations,83.0,71.0,84.0,5
2020-03-20,Florida,Big Box Stores,95.0,75.0,96.0,6
2020-03-20,Florida,Medical,67.0,59.0,68.0,7
2020-03-20,Florida,Residences,81.0,74.0,82.0,8
2020-03-20,Florida,Fast Food Restaurants,68.0,57.0,68.0,9
2020-03-20,Florida,Convenience Store,80.0,71.0,81.0,10
2020-03-20,Florida,Professional & Other Places,60.0,56.0,60.0,11
2020-03-20,Florida,Hotel,38.0,39.0,38.0,12
2020-03-20,Florida,Drug Store,92.0,82.0,93.0,13
2020-03-20,Florida,Nightlife Spots,48.0,46.0,48.0,14
2020-03-20,Florida,Hardware Stores,102.0,85.0,103.0,15
2020-03-20,Florida,Sports,73.0,75.0,73.0,16
2020-03-20,Florida,School,41.0,47.0,41.0,17
2020-03-20,Florida,Discount Stores,92.0,80.0,93.0,18
2020-03-20,Florida,Airport,37.0,31.0,37.0,19
2020-03-20,Florida,Office,61.0,61.0,61.0,20
2020-03-20,Florida,Travel & Transport,56.0,55.0,56.0,21
2020-03-20,Florida,Arts & Entertainment,20.0,26.0,20.0,22
2020-03-20,Florida,Banks,73.0,66.0,74.0,23
2020-03-20,Florida,Beach,105.0,84.0,107.0,24
2020-03-20,Florida,Government,63.0,56.0,63.0,25
2020-03-20,Florida,Fitness Center,46.0,41.0,46.0,26
2020-03-20,Florida,Colleges & Universities,37.0,44.0,37.0,27
2020-03-20,Florida,Alcohol,101.0,80.0,103.0,28
2020-03-20,Florida,Bus,44.0,49.0,44.0,29
2020-03-20,Florida,Light Rail Stations,37.0,"",37.0,30
2020-03-20,Florida,Spiritual Center,73.0,65.0,74.0,31
2020-03-20,Florida,Gun Shops,143.0,"",148.0,32
2020-03-21,Florida,Food,40.0,31.0,41.0,1
2020-03-21,Florida,Shops & Services,47.0,39.0,47.0,2
2020-03-21,Florida,Grocery,97.0,79.0,98.0,3
2020-03-21,Florida,Outdoors & Recreation,70.0,62.0,70.0,4
2020-03-21,Florida,Big Box Stores,85.0,69.0,86.0,5
2020-03-21,Florida,Gas Stations,76.0,64.0,77.0,6
2020-03-21,Florida,Fast Food Restaurants,61.0,52.0,62.0,7
2020-03-21,Florida,Residences,72.0,63.0,72.0,8
2020-03-21,Florida,Convenience Store,71.0,59.0,72.0,9
2020-03-21,Florida,Hardware Stores,100.0,79.0,102.0,10
2020-03-21,Florida,Drug Store,90.0,79.0,91.0,11
2020-03-21,Florida,Hotel,27.0,27.0,27.0,12
2020-03-21,Florida,Nightlife Spots,29.0,29.0,29.0,13
2020-03-21,Florida,Professional & Other Places,46.0,42.0,46.0,14
2020-03-21,Florida,Medical,64.0,53.0,65.0,15
2020-03-21,Florida,Discount Stores,85.0,69.0,85.0,16
2020-03-21,Florida,Sports,58.0,64.0,58.0,17
2020-03-21,Florida,Airport,36.0,30.0,36.0,18
2020-03-21,Florida,School,60.0,52.0,60.0,19
2020-03-21,Florida,Travel & Transport,43.0,39.0,43.0,20
2020-03-21,Florida,Arts & Entertainment,12.0,16.0,12.0,21
2020-03-21,Florida,Beach,78.0,63.0,79.0,22
2020-03-21,Florida,Banks,63.0,55.0,63.0,23
2020-03-21,Florida,Fitness Center,37.0,32.0,38.0,24
2020-03-21,Florida,Office,60.0,53.0,60.0,25
2020-03-21,Florida,Government,64.0,53.0,64.0,26
2020-03-21,Florida,Alcohol,84.0,68.0,85.0,27
2020-03-21,Florida,Colleges & Universities,42.0,34.0,43.0,28
2020-03-21,Florida,Bus,37.0,30.0,37.0,29
2020-03-21,Florida,Light Rail Stations,29.0,"",29.0,30
2020-03-21,Florida,Spiritual Center,66.0,"",67.0,31
2020-03-21,Florida,Gun Shops,115.0,"",118.0,32
2020-03-22,Florida,Food,34.0,26.0,35.0,1
2020-03-22,Florida,Shops & Services,39.0,32.0,39.0,2
2020-03-22,Florida,Grocery,74.0,62.0,75.0,3
2020-03-22,Florida,Outdoors & Recreation,63.0,53.0,63.0,4
2020-03-22,Florida,Big Box Stores,71.0,59.0,71.0,5
2020-03-22,Florida,Gas Stations,65.0,54.0,65.0,6
2020-03-22,Florida,Residences,63.0,54.0,63.0,7
2020-03-22,Florida,Fast Food Restaurants,56.0,47.0,56.0,8
2020-03-22,Florida,Convenience Store,65.0,53.0,65.0,9
2020-03-22,Florida,Hardware Stores,92.0,73.0,94.0,10
2020-03-22,Florida,Drug Store,79.0,71.0,79.0,11
2020-03-22,Florida,Hotel,21.0,22.0,21.0,12
2020-03-22,Florida,Nightlife Spots,24.0,25.0,24.0,13
2020-03-22,Florida,Sports,57.0,56.0,57.0,14
2020-03-22,Florida,Medical,59.0,46.0,60.0,15
2020-03-22,Florida,Professional & Other Places,40.0,38.0,40.0,16
2020-03-22,Florida,Discount Stores,73.0,59.0,74.0,17
2020-03-22,Florida,Airport,29.0,22.0,29.0,18
2020-03-22,Florida,School,61.0,45.0,61.0,19
2020-03-22,Florida,Travel & Transport,38.0,33.0,38.0,20
2020-03-22,Florida,Arts & Entertainment,11.0,14.0,10.0,21
2020-03-22,Florida,Beach,50.0,39.0,50.0,22
2020-03-22,Florida,Fitness Center,36.0,31.0,37.0,23
2020-03-22,Florida,Office,54.0,42.0,55.0,24
2020-03-22,Florida,Government,61.0,47.0,62.0,25
2020-03-22,Florida,Banks,60.0,48.0,61.0,26
2020-03-22,Florida,Colleges & Universities,43.0,37.0,43.0,27
2020-03-22,Florida,Alcohol,64.0,46.0,65.0,28
2020-03-22,Florida,Bus,33.0,37.0,33.0,29
2020-03-22,Florida,Light Rail Stations,20.0,"",20.0,30
2020-03-22,Florida,Spiritual Center,46.0,"",48.0,31
2020-03-23,Florida,Shops & Services,54.0,44.0,55.0,1
2020-03-23,Florida,Food,45.0,35.0,45.0,2
2020-03-23,Florida,Grocery,87.0,75.0,88.0,3
2020-03-23,Florida,Outdoors & Recreation,69.0,59.0,70.0,4
2020-03-23,Florida,Gas Stations,73.0,62.0,73.0,5
2020-03-23,Florida,Medical,61.0,49.0,62.0,6
2020-03-23,Florida,Residences,71.0,64.0,72.0,7
2020-03-23,Florida,Big Box Stores,80.0,61.0,81.0,8
2020-03-23,Florida,Fast Food Restaurants,64.0,52.0,64.0,9
2020-03-23,Florida,Convenience Store,70.0,61.0,71.0,10
2020-03-23,Florida,Professional & Other Places,58.0,54.0,58.0,11
2020-03-23,Florida,Drug Store,85.0,74.0,86.0,12
2020-03-23,Florida,Hardware Stores,89.0,69.0,91.0,13
2020-03-23,Florida,School,43.0,48.0,43.0,14
2020-03-23,Florida,Hotel,26.0,28.0,26.0,15
2020-03-23,Florida,Sports,67.0,58.0,68.0,16
2020-03-23,Florida,Nightlife Spots,39.0,37.0,39.0,17
2020-03-23,Florida,Office,58.0,56.0,58.0,18
2020-03-23,Florida,Discount Stores,83.0,69.0,84.0,19
2020-03-23,Florida,Travel & Transport,44.0,41.0,45.0,20
2020-03-23,Florida,Airport,27.0,21.0,27.0,21
2020-03-23,Florida,Arts & Entertainment,17.0,22.0,17.0,22
2020-03-23,Florida,Government,60.0,52.0,60.0,23
2020-03-23,Florida,Banks,66.0,60.0,67.0,24
2020-03-23,Florida,Fitness Center,35.0,29.0,36.0,25
2020-03-23,Florida,Beach,46.0,37.0,47.0,26
2020-03-23,Florida,Colleges & Universities,30.0,44.0,29.0,27
2020-03-23,Florida,Alcohol,84.0,68.0,85.0,28
2020-03-23,Florida,Bus,42.0,43.0,42.0,29
2020-03-23,Florida,Light Rail Stations,28.0,"",28.0,30
2020-03-23,Florida,Spiritual Center,66.0,59.0,66.0,31
2020-03-24,Florida,Food,43.0,33.0,44.0,1
2020-03-24,Florida,Shops & Services,50.0,42.0,51.0,2
2020-03-24,Florida,Grocery,82.0,77.0,82.0,3
2020-03-24,Florida,Outdoors & Recreation,67.0,56.0,68.0,4
2020-03-24,Florida,Gas Stations,68.0,58.0,68.0,5
2020-03-24,Florida,Medical,53.0,42.0,54.0,6
2020-03-24,Florida,Residences,70.0,62.0,71.0,7
2020-03-24,Florida,Big Box Stores,78.0,60.0,79.0,8
2020-03-24,Florida,Fast Food Restaurants,61.0,51.0,61.0,9
2020-03-24,Florida,Convenience Store,66.0,55.0,67.0,10
2020-03-24,Florida,Professional & Other Places,52.0,47.0,52.0,11
2020-03-24,Florida,Drug Store,76.0,70.0,77.0,12
2020-03-24,Florida,Hardware Stores,85.0,64.0,87.0,13
2020-03-24,Florida,Sports,64.0,58.0,65.0,14
2020-03-24,Florida,School,35.0,43.0,34.0,15
2020-03-24,Florida,Nightlife Spots,39.0,35.0,39.0,16
2020-03-24,Florida,Hotel,25.0,25.0,25.0,17
2020-03-24,Florida,Office,49.0,47.0,49.0,18
2020-03-24,Florida,Discount Stores,74.0,60.0,75.0,19
2020-03-24,Florida,Travel & Transport,47.0,43.0,47.0,20
2020-03-24,Florida,Arts & Entertainment,18.0,23.0,18.0,21
2020-03-24,Florida,Government,52.0,47.0,52.0,22
2020-03-24,Florida,Airport,24.0,21.0,25.0,23
2020-03-24,Florida,Banks,55.0,48.0,56.0,24
2020-03-24,Florida,Fitness Center,32.0,31.0,32.0,25
2020-03-24,Florida,Beach,47.0,38.0,49.0,26
2020-03-24,Florida,Colleges & Universities,25.0,34.0,25.0,27
2020-03-24,Florida,Alcohol,76.0,64.0,77.0,28
2020-03-24,Florida,Bus,40.0,39.0,40.0,29
2020-03-24,Florida,Light Rail Stations,34.0,35.0,34.0,30
2020-03-24,Florida,Spiritual Center,56.0,"",56.0,31
2020-03-24,Florida,Gun Shops,107.0,"",108.0,32
2020-03-25,Florida,Food,42.0,31.0,43.0,1
2020-03-25,Florida,Shops & Services,50.0,40.0,51.0,2
2020-03-25,Florida,Grocery,81.0,69.0,82.0,3
2020-03-25,Florida,Outdoors & Recreation,68.0,56.0,69.0,4
2020-03-25,Florida,Gas Stations,69.0,57.0,69.0,5
2020-03-25,Florida,Medical,53.0,42.0,53.0,6
2020-03-25,Florida,Residences,72.0,63.0,72.0,7
2020-03-25,Florida,Big Box Stores,77.0,59.0,78.0,8
2020-03-25,Florida,Fast Food Restaurants,62.0,50.0,62.0,9
2020-03-25,Florida,Convenience Store,68.0,56.0,69.0,10
2020-03-25,Florida,Professional & Other Places,53.0,48.0,53.0,11
2020-03-25,Florida,Drug Store,76.0,66.0,77.0,12
2020-03-25,Florida,Hardware Stores,88.0,65.0,90.0,13
2020-03-25,Florida,Sports,65.0,59.0,66.0,14
2020-03-25,Florida,School,35.0,43.0,35.0,15
2020-03-25,Florida,Nightlife Spots,38.0,36.0,38.0,16
2020-03-25,Florida,Hotel,24.0,25.0,24.0,17
2020-03-25,Florida,Office,49.0,49.0,49.0,18
2020-03-25,Florida,Arts & Entertainment,18.0,23.0,18.0,19
2020-03-25,Florida,Discount Stores,74.0,56.0,75.0,20
2020-03-25,Florida,Travel & Transport,47.0,42.0,48.0,21
2020-03-25,Florida,Government,52.0,45.0,53.0,22
2020-03-25,Florida,Airport,23.0,16.0,23.0,23
2020-03-25,Florida,Banks,59.0,53.0,60.0,24
2020-03-25,Florida,Fitness Center,32.0,29.0,33.0,25
2020-03-25,Florida,Beach,50.0,38.0,51.0,26
2020-03-25,Florida,Colleges & Universities,25.0,36.0,25.0,27
2020-03-25,Florida,Alcohol,76.0,59.0,77.0,28
2020-03-25,Florida,Bus,38.0,41.0,38.0,29
2020-03-25,Florida,Light Rail Stations,31.0,34.0,31.0,30
2020-03-25,Florida,Spiritual Center,62.0,"",64.0,31
2020-03-26,Florida,Food,41.0,30.0,42.0,1
2020-03-26,Florida,Shops & Services,49.0,40.0,49.0,2
2020-03-26,Florida,Grocery,78.0,66.0,80.0,3
2020-03-26,Florida,Outdoors & Recreation,68.0,58.0,68.0,4
2020-03-26,Florida,Gas Stations,67.0,56.0,68.0,5
2020-03-26,Florida,Residences,72.0,64.0,72.0,6
2020-03-26,Florida,Medical,52.0,41.0,53.0,7
2020-03-26,Florida,Big Box Stores,73.0,54.0,74.0,8
2020-03-26,Florida,Fast Food Restaurants,59.0,48.0,60.0,9
2020-03-26,Florida,Convenience Store,66.0,54.0,67.0,10
2020-03-26,Florida,Professional & Other Places,53.0,48.0,54.0,11
2020-03-26,Florida,Hardware Stores,89.0,69.0,91.0,12
2020-03-26,Florida,Drug Store,71.0,59.0,71.0,13
2020-03-26,Florida,School,35.0,41.0,35.0,14
2020-03-26,Florida,Sports,62.0,56.0,63.0,15
2020-03-26,Florida,Nightlife Spots,36.0,33.0,36.0,16
2020-03-26,Florida,Hotel,24.0,25.0,24.0,17
2020-03-26,Florida,Office,50.0,50.0,50.0,18
2020-03-26,Florida,Discount Stores,71.0,55.0,72.0,19
2020-03-26,Florida,Travel & Transport,45.0,42.0,46.0,20
2020-03-26,Florida,Arts & Entertainment,17.0,20.0,17.0,21
2020-03-26,Florida,Government,51.0,44.0,52.0,22
2020-03-26,Florida,Banks,58.0,47.0,58.0,23
2020-03-26,Florida,Airport,20.0,16.0,21.0,24
2020-03-26,Florida,Fitness Center,32.0,30.0,33.0,25
2020-03-26,Florida,Beach,53.0,42.0,54.0,26
2020-03-26,Florida,Colleges & Universities,26.0,39.0,26.0,27
2020-03-26,Florida,Alcohol,76.0,65.0,76.0,28
2020-03-26,Florida,Bus,40.0,46.0,39.0,29
2020-03-26,Florida,Light Rail Stations,29.0,34.0,28.0,30
2020-03-26,Florida,Spiritual Center,62.0,65.0,62.0,31
2020-03-27,Florida,Food,39.0,30.0,40.0,1
2020-03-27,Florida,Shops & Services,44.0,36.0,45.0,2
2020-03-27,Florida,Grocery,77.0,62.0,78.0,3
2020-03-27,Florida,Outdoors & Recreation,68.0,58.0,68.0,4
2020-03-27,Florida,Gas Stations,65.0,55.0,66.0,5
2020-03-27,Florida,Big Box Stores,71.0,54.0,72.0,6
2020-03-27,Florida,Residences,68.0,63.0,68.0,7
2020-03-27,Florida,Fast Food Restaurants,57.0,47.0,58.0,8
2020-03-27,Florida,Medical,53.0,43.0,54.0,9
2020-03-27,Florida,Convenience Store,63.0,53.0,63.0,10
2020-03-27,Florida,Professional & Other Places,51.0,46.0,52.0,11
2020-03-27,Florida,Drug Store,67.0,59.0,68.0,12
2020-03-27,Florida,Hardware Stores,88.0,67.0,89.0,13
2020-03-27,Florida,Nightlife Spots,34.0,34.0,33.0,14
2020-03-27,Florida,School,35.0,41.0,35.0,15
2020-03-27,Florida,Sports,63.0,62.0,63.0,16
2020-03-27,Florida,Hotel,22.0,24.0,21.0,17
2020-03-27,Florida,Office,49.0,48.0,49.0,18
2020-03-27,Florida,Discount Stores,67.0,56.0,67.0,19
2020-03-27,Florida,Travel & Transport,42.0,40.0,42.0,20
2020-03-27,Florida,Arts & Entertainment,15.0,19.0,15.0,21
2020-03-27,Florida,Banks,56.0,49.0,56.0,22
2020-03-27,Florida,Government,51.0,43.0,52.0,23
2020-03-27,Florida,Airport,18.0,14.0,18.0,24
2020-03-27,Florida,Beach,60.0,51.0,61.0,25
2020-03-27,Florida,Fitness Center,33.0,30.0,33.0,26
2020-03-27,Florida,Colleges & Universities,31.0,38.0,31.0,27
2020-03-27,Florida,Alcohol,72.0,56.0,73.0,28
2020-03-27,Florida,Bus,34.0,36.0,34.0,29
2020-03-27,Florida,Light Rail Stations,31.0,41.0,31.0,30
2020-03-27,Florida,Spiritual Center,60.0,"",62.0,31
2020-03-28,Florida,Food,33.0,25.0,33.0,1
2020-03-28,Florida,Shops & Services,36.0,30.0,36.0,2
2020-03-28,Florida,Grocery,75.0,57.0,76.0,3
2020-03-28,Florida,Outdoors & Recreation,57.0,49.0,57.0,4
2020-03-28,Florida,Big Box Stores,70.0,50.0,71.0,5
2020-03-28,Florida,Gas Stations,62.0,50.0,62.0,6
2020-03-28,Florida,Fast Food Restaurants,52.0,43.0,53.0,7
2020-03-28,Florida,Residences,60.0,53.0,61.0,8
2020-03-28,Florida,Convenience Store,58.0,46.0,58.0,9
2020-03-28,Florida,Hardware Stores,94.0,68.0,96.0,10
2020-03-28,Florida,Drug Store,67.0,56.0,68.0,11
2020-03-28,Florida,Professional & Other Places,39.0,37.0,39.0,12
2020-03-28,Florida,Medical,54.0,42.0,55.0,13
2020-03-28,Florida,Nightlife Spots,24.0,24.0,24.0,14
2020-03-28,Florida,Sports,48.0,52.0,48.0,15
2020-03-28,Florida,Discount Stores,66.0,53.0,67.0,16
2020-03-28,Florida,Hotel,17.0,18.0,17.0,17
2020-03-28,Florida,School,54.0,49.0,54.0,18
2020-03-28,Florida,Arts & Entertainment,10.0,13.0,10.0,19
2020-03-28,Florida,Travel & Transport,32.0,32.0,32.0,20
2020-03-28,Florida,Beach,52.0,43.0,53.0,21
2020-03-28,Florida,Airport,15.0,11.0,15.0,22
2020-03-28,Florida,Banks,50.0,43.0,50.0,23
2020-03-28,Florida,Office,50.0,45.0,51.0,24
2020-03-28,Florida,Fitness Center,28.0,24.0,29.0,25
2020-03-28,Florida,Government,55.0,42.0,55.0,26
2020-03-28,Florida,Alcohol,63.0,46.0,64.0,27
2020-03-28,Florida,Colleges & Universities,34.0,32.0,34.0,28
2020-03-28,Florida,Bus,30.0,28.0,30.0,29
2020-03-28,Florida,Light Rail Stations,21.0,"",21.0,30
2020-03-28,Florida,Spiritual Center,51.0,"",52.0,31
2020-03-29,Florida,Food,26.0,20.0,26.0,1
2020-03-29,Florida,Shops & Services,29.0,25.0,29.0,2
2020-03-29,Florida,Grocery,57.0,47.0,58.0,3
2020-03-29,Florida,Outdoors & Recreation,44.0,38.0,45.0,4
2020-03-29,Florida,Big Box Stores,57.0,48.0,57.0,5
2020-03-29,Florida,Gas Stations,50.0,41.0,51.0,6
2020-03-29,Florida,Residences,46.0,41.0,46.0,7
2020-03-29,Florida,Fast Food Restaurants,45.0,36.0,46.0,8
2020-03-29,Florida,Convenience Store,50.0,40.0,50.0,9
2020-03-29,Florida,Hardware Stores,76.0,57.0,77.0,10
2020-03-29,Florida,Drug Store,59.0,53.0,60.0,11
2020-03-29,Florida,Nightlife Spots,17.0,18.0,17.0,12
2020-03-29,Florida,Medical,46.0,36.0,46.0,13
2020-03-29,Florida,Sports,40.0,41.0,40.0,14
2020-03-29,Florida,Professional & Other Places,29.0,29.0,29.0,15
2020-03-29,Florida,Discount Stores,55.0,45.0,56.0,16
2020-03-29,Florida,Hotel,12.0,14.0,12.0,17
2020-03-29,Florida,School,45.0,36.0,46.0,18
2020-03-29,Florida,Arts & Entertainment,7.0,10.0,7.0,19
2020-03-29,Florida,Travel & Transport,25.0,25.0,25.0,20
2020-03-29,Florida,Beach,33.0,28.0,33.0,21
2020-03-29,Florida,Airport,13.0,8.0,13.0,22
2020-03-29,Florida,Fitness Center,25.0,24.0,25.0,23
2020-03-29,Florida,Office,41.0,35.0,41.0,24
2020-03-29,Florida,Government,46.0,30.0,46.0,25
2020-03-29,Florida,Banks,47.0,42.0,47.0,26
2020-03-29,Florida,Colleges & Universities,32.0,25.0,33.0,27
2020-03-29,Florida,Alcohol,53.0,50.0,54.0,28
2020-03-29,Florida,Bus,23.0,29.0,23.0,29
2020-03-29,Florida,Light Rail Stations,16.0,"",16.0,30
2020-03-29,Florida,Spiritual Center,39.0,"",40.0,31
2020-03-30,Florida,Food,37.0,29.0,38.0,1
2020-03-30,Florida,Shops & Services,43.0,35.0,44.0,2
2020-03-30,Florida,Grocery,68.0,60.0,68.0,3
2020-03-30,Florida,Outdoors & Recreation,56.0,48.0,56.0,4
2020-03-30,Florida,Gas Stations,62.0,54.0,62.0,5
2020-03-30,Florida,Medical,48.0,39.0,49.0,6
2020-03-30,Florida,Residences,59.0,54.0,59.0,7
2020-03-30,Florida,Big Box Stores,65.0,53.0,65.0,8
2020-03-30,Florida,Fast Food Restaurants,55.0,45.0,55.0,9
2020-03-30,Florida,Convenience Store,59.0,49.0,59.0,10
2020-03-30,Florida,Professional & Other Places,49.0,45.0,49.0,11
2020-03-30,Florida,Hardware Stores,81.0,61.0,83.0,12
2020-03-30,Florida,Drug Store,65.0,57.0,66.0,13
2020-03-30,Florida,School,37.0,42.0,37.0,14
2020-03-30,Florida,Sports,55.0,46.0,56.0,15
2020-03-30,Florida,Nightlife Spots,32.0,30.0,32.0,16
2020-03-30,Florida,Hotel,18.0,21.0,18.0,17
2020-03-30,Florida,Office,46.0,48.0,45.0,18
2020-03-30,Florida,Discount Stores,66.0,52.0,67.0,19
2020-03-30,Florida,Travel & Transport,34.0,32.0,34.0,20
2020-03-30,Florida,Arts & Entertainment,13.0,18.0,13.0,21
2020-03-30,Florida,Government,49.0,45.0,49.0,22
2020-03-30,Florida,Banks,58.0,50.0,59.0,23
2020-03-30,Florida,Fitness Center,28.0,23.0,28.0,24
2020-03-30,Florida,Airport,14.0,12.0,14.0,25
2020-03-30,Florida,Beach,36.0,33.0,36.0,26
2020-03-30,Florida,Colleges & Universities,25.0,35.0,24.0,27
2020-03-30,Florida,Alcohol,69.0,54.0,71.0,28
2020-03-30,Florida,Bus,31.0,37.0,31.0,29
2020-03-30,Florida,Light Rail Stations,28.0,"",28.0,30
2020-03-30,Florida,Spiritual Center,55.0,"",55.0,31
2020-03-31,Florida,Food,36.0,27.0,36.0,1
2020-03-31,Florida,Shops & Services,42.0,34.0,42.0,2
2020-03-31,Florida,Grocery,66.0,60.0,67.0,3
2020-03-31,Florida,Outdoors & Recreation,53.0,45.0,54.0,4
2020-03-31,Florida,Gas Stations,58.0,48.0,59.0,5
2020-03-31,Florida,Medical,43.0,36.0,44.0,6
2020-03-31,Florida,Residences,57.0,52.0,57.0,7
2020-03-31,Florida,Fast Food Restaurants,55.0,46.0,56.0,8
2020-03-31,Florida,Big Box Stores,65.0,52.0,66.0,9
2020-03-31,Florida,Convenience Store,57.0,48.0,57.0,10
2020-03-31,Florida,Professional & Other Places,44.0,41.0,44.0,11
2020-03-31,Florida,Hardware Stores,75.0,55.0,77.0,12
2020-03-31,Florida,Drug Store,62.0,56.0,63.0,13
2020-03-31,Florida,School,28.0,35.0,27.0,14
2020-03-31,Florida,Sports,50.0,44.0,51.0,15
2020-03-31,Florida,Nightlife Spots,31.0,29.0,32.0,16
2020-03-31,Florida,Hotel,17.0,19.0,17.0,17
2020-03-31,Florida,Office,39.0,41.0,39.0,18
2020-03-31,Florida,Discount Stores,61.0,51.0,61.0,19
2020-03-31,Florida,Arts & Entertainment,14.0,17.0,14.0,20
2020-03-31,Florida,Travel & Transport,36.0,31.0,36.0,21
2020-03-31,Florida,Government,42.0,37.0,42.0,22
2020-03-31,Florida,Banks,56.0,46.0,56.0,23
2020-03-31,Florida,Airport,16.0,12.0,16.0,24
2020-03-31,Florida,Fitness Center,24.0,24.0,24.0,25
2020-03-31,Florida,Beach,34.0,28.0,35.0,26
2020-03-31,Florida,Colleges & Universities,20.0,32.0,20.0,27
2020-03-31,Florida,Alcohol,66.0,56.0,67.0,28
2020-03-31,Florida,Bus,28.0,30.0,28.0,29
2020-03-31,Florida,Light Rail Stations,28.0,"",28.0,30
2020-03-31,Florida,Spiritual Center,51.0,"",52.0,31
2020-04-01,Florida,Shops & Services,46.0,36.0,47.0,1
2020-04-01,Florida,Food,38.0,28.0,39.0,2
2020-04-01,Florida,Grocery,80.0,66.0,81.0,3
2020-04-01,Florida,Outdoors & Recreation,57.0,47.0,58.0,4
2020-04-01,Florida,Gas Stations,64.0,53.0,64.0,5
2020-04-01,Florida,Big Box Stores,76.0,56.0,78.0,6
2020-04-01,Florida,Medical,45.0,36.0,46.0,7
2020-04-01,Florida,Residences,60.0,53.0,60.0,8
2020-04-01,Florida,Fast Food Restaurants,58.0,48.0,59.0,9
2020-04-01,Florida,Convenience Store,62.0,50.0,63.0,10
2020-04-01,Florida,Professional & Other Places,47.0,43.0,48.0,11
2020-04-01,Florida,Drug Store,73.0,61.0,74.0,12
2020-04-01,Florida,Hardware Stores,84.0,62.0,87.0,13
2020-04-01,Florida,School,31.0,38.0,31.0,14
2020-04-01,Florida,Sports,55.0,50.0,56.0,15
2020-04-01,Florida,Nightlife Spots,32.0,30.0,32.0,16
2020-04-01,Florida,Office,42.0,44.0,42.0,17
2020-04-01,Florida,Hotel,18.0,20.0,18.0,18
2020-04-01,Florida,Discount Stores,73.0,58.0,74.0,19
2020-04-01,Florida,Banks,65.0,58.0,66.0,20
2020-04-01,Florida,Travel & Transport,39.0,34.0,39.0,21
2020-04-01,Florida,Arts & Entertainment,15.0,18.0,15.0,22
2020-04-01,Florida,Government,45.0,40.0,46.0,23
2020-04-01,Florida,Fitness Center,26.0,24.0,26.0,24
2020-04-01,Florida,Airport,16.0,11.0,16.0,25
2020-04-01,Florida,Colleges & Universities,21.0,29.0,21.0,26
2020-04-01,Florida,Beach,37.0,31.0,38.0,27
2020-04-01,Florida,Alcohol,82.0,64.0,84.0,28
2020-04-01,Florida,Bus,31.0,34.0,31.0,29
2020-04-01,Florida,Light Rail Stations,26.0,"",26.0,30
2020-04-01,Florida,Spiritual Center,49.0,"",49.0,31
2020-04-02,Florida,Shops & Services,43.0,37.0,44.0,1
2020-04-02,Florida,Food,36.0,28.0,36.0,2
2020-04-02,Florida,Grocery,74.0,64.0,75.0,3
2020-04-02,Florida,Outdoors & Recreation,55.0,48.0,56.0,4
2020-04-02,Florida,Gas Stations,61.0,54.0,61.0,5
2020-04-02,Florida,Big Box Stores,68.0,55.0,68.0,6
2020-04-02,Florida,Residences,58.0,52.0,59.0,7
2020-04-02,Florida,Medical,43.0,35.0,44.0,8
2020-04-02,Florida,Fast Food Restaurants,54.0,44.0,54.0,9
2020-04-02,Florida,Convenience Store,57.0,48.0,58.0,10
2020-04-02,Florida,Professional & Other Places,46.0,45.0,47.0,11
2020-04-02,Florida,Hardware Stores,84.0,67.0,85.0,12
2020-04-02,Florida,Drug Store,67.0,61.0,67.0,13
2020-04-02,Florida,Sports,54.0,50.0,54.0,14
2020-04-02,Florida,School,29.0,35.0,28.0,15
2020-04-02,Florida,Nightlife Spots,30.0,29.0,30.0,16
2020-04-02,Florida,Hotel,18.0,20.0,17.0,17
2020-04-02,Florida,Discount Stores,67.0,56.0,67.0,18
2020-04-02,Florida,Office,40.0,42.0,40.0,19
2020-04-02,Florida,Travel & Transport,37.0,36.0,37.0,20
2020-04-02,Florida,Banks,62.0,55.0,62.0,21
2020-04-02,Florida,Arts & Entertainment,14.0,17.0,14.0,22
2020-04-02,Florida,Government,44.0,39.0,44.0,23
2020-04-02,Florida,Fitness Center,26.0,25.0,26.0,24
2020-04-02,Florida,Colleges & Universities,23.0,35.0,22.0,25
2020-04-02,Florida,Airport,14.0,11.0,14.0,26
2020-04-02,Florida,Beach,40.0,35.0,40.0,27
2020-04-02,Florida,Alcohol,75.0,63.0,76.0,28
2020-04-02,Florida,Bus,30.0,34.0,30.0,29
2020-04-02,Florida,Light Rail Stations,28.0,"",28.0,30
2020-04-02,Florida,Spiritual Center,52.0,"",53.0,31
