2020-03-01,Virginia,Food,103.0,101.0,103.0,1
2020-03-01,Virginia,Shops & Services,108.0,106.0,108.0,2
2020-03-01,Virginia,Grocery,98.0,97.0,98.0,3
2020-03-01,Virginia,Gas Stations,107.0,108.0,107.0,4
2020-03-01,Virginia,Outdoors & Recreation,100.0,97.0,100.0,5
2020-03-01,Virginia,Big Box Stores,107.0,106.0,107.0,6
2020-03-01,Virginia,Fast Food Restaurants,108.0,110.0,108.0,7
2020-03-01,Virginia,Convenience Store,105.0,108.0,105.0,8
2020-03-01,Virginia,Airport,107.0,108.0,107.0,9
2020-03-01,Virginia,Residences,96.0,98.0,96.0,10
2020-03-01,Virginia,Nightlife Spots,102.0,87.0,102.0,11
2020-03-01,Virginia,School,100.0,96.0,100.0,12
2020-03-01,Virginia,Arts & Entertainment,107.0,103.0,107.0,13
2020-03-01,Virginia,Professional & Other Places,106.0,105.0,106.0,14
2020-03-01,Virginia,Hotel,103.0,111.0,103.0,15
2020-03-01,Virginia,Hardware Stores,103.0,96.0,103.0,16
2020-03-01,Virginia,Fitness Center,97.0,93.0,97.0,17
2020-03-01,Virginia,Medical,101.0,105.0,101.0,18
2020-03-01,Virginia,Sports,98.0,100.0,98.0,19
2020-03-01,Virginia,Discount Stores,103.0,95.0,104.0,20
2020-03-01,Virginia,Drug Store,105.0,97.0,105.0,21
2020-03-01,Virginia,Travel & Transport,109.0,113.0,109.0,22
2020-03-01,Virginia,Colleges & Universities,97.0,91.0,97.0,23
2020-03-01,Virginia,Government,98.0,92.0,98.0,24
2020-03-01,Virginia,Office,106.0,104.0,106.0,25
2020-03-01,Virginia,Banks,104.0,84.0,105.0,26
2020-03-01,Virginia,Alcohol,105.0,141.0,104.0,27
2020-03-01,Virginia,Metro Stations,103.0,"",102.0,28
2020-03-01,Virginia,Bus,115.0,"",116.0,29
2020-03-01,Virginia,Spiritual Center,106.0,"",105.0,30
2020-03-01,Virginia,Beach,88.0,"",89.0,31
2020-03-01,Virginia,Skiing,64.0,"",64.0,32
2020-03-02,Virginia,Shops & Services,104.0,104.0,104.0,1
2020-03-02,Virginia,Food,103.0,102.0,103.0,2
2020-03-02,Virginia,Grocery,105.0,106.0,104.0,3
2020-03-02,Virginia,Gas Stations,104.0,104.0,104.0,4
2020-03-02,Virginia,School,112.0,111.0,112.0,5
2020-03-02,Virginia,Outdoors & Recreation,105.0,105.0,105.0,6
2020-03-02,Virginia,Fast Food Restaurants,109.0,111.0,109.0,7
2020-03-02,Virginia,Medical,101.0,98.0,101.0,8
2020-03-02,Virginia,Big Box Stores,108.0,111.0,108.0,9
2020-03-02,Virginia,Professional & Other Places,111.0,114.0,111.0,10
2020-03-02,Virginia,Convenience Store,103.0,101.0,103.0,11
2020-03-02,Virginia,Airport,94.0,90.0,94.0,12
2020-03-02,Virginia,Residences,103.0,101.0,103.0,13
2020-03-02,Virginia,Colleges & Universities,93.0,100.0,93.0,14
2020-03-02,Virginia,Government,117.0,108.0,118.0,15
2020-03-02,Virginia,Office,105.0,97.0,105.0,16
2020-03-02,Virginia,Fitness Center,101.0,95.0,101.0,17
2020-03-02,Virginia,Nightlife Spots,109.0,103.0,109.0,18
2020-03-02,Virginia,Hotel,101.0,109.0,101.0,19
2020-03-02,Virginia,Arts & Entertainment,101.0,99.0,101.0,20
2020-03-02,Virginia,Hardware Stores,107.0,111.0,106.0,21
2020-03-02,Virginia,Drug Store,107.0,111.0,106.0,22
2020-03-02,Virginia,Travel & Transport,108.0,107.0,108.0,23
2020-03-02,Virginia,Sports,103.0,105.0,103.0,24
2020-03-02,Virginia,Discount Stores,100.0,97.0,100.0,25
2020-03-02,Virginia,Banks,128.0,130.0,128.0,26
2020-03-02,Virginia,Metro Stations,114.0,110.0,114.0,27
2020-03-02,Virginia,Alcohol,114.0,98.0,115.0,28
2020-03-02,Virginia,Bus,126.0,"",125.0,29
2020-03-02,Virginia,Beach,91.0,"",90.0,30
2020-03-03,Virginia,Food,111.0,105.0,111.0,1
2020-03-03,Virginia,Shops & Services,112.0,106.0,112.0,2
2020-03-03,Virginia,Grocery,105.0,105.0,105.0,3
2020-03-03,Virginia,Gas Stations,103.0,100.0,103.0,4
2020-03-03,Virginia,School,103.0,141.0,102.0,5
2020-03-03,Virginia,Fast Food Restaurants,116.0,111.0,116.0,6
2020-03-03,Virginia,Outdoors & Recreation,112.0,103.0,112.0,7
2020-03-03,Virginia,Medical,101.0,95.0,101.0,8
2020-03-03,Virginia,Professional & Other Places,107.0,102.0,107.0,9
2020-03-03,Virginia,Big Box Stores,113.0,111.0,113.0,10
2020-03-03,Virginia,Convenience Store,107.0,107.0,107.0,11
2020-03-03,Virginia,Residences,106.0,106.0,106.0,12
2020-03-03,Virginia,Airport,97.0,110.0,96.0,13
2020-03-03,Virginia,Colleges & Universities,96.0,107.0,96.0,14
2020-03-03,Virginia,Government,108.0,113.0,108.0,15
2020-03-03,Virginia,Office,93.0,89.0,93.0,16
2020-03-03,Virginia,Fitness Center,100.0,96.0,100.0,17
2020-03-03,Virginia,Nightlife Spots,112.0,107.0,112.0,18
2020-03-03,Virginia,Hotel,104.0,109.0,104.0,19
2020-03-03,Virginia,Arts & Entertainment,113.0,105.0,113.0,20
2020-03-03,Virginia,Drug Store,110.0,117.0,109.0,21
2020-03-03,Virginia,Hardware Stores,110.0,102.0,111.0,22
2020-03-03,Virginia,Travel & Transport,103.0,111.0,103.0,23
2020-03-03,Virginia,Sports,107.0,110.0,107.0,24
2020-03-03,Virginia,Discount Stores,103.0,93.0,104.0,25
2020-03-03,Virginia,Banks,126.0,117.0,126.0,26
2020-03-03,Virginia,Metro Stations,92.0,96.0,92.0,27
2020-03-03,Virginia,Alcohol,115.0,104.0,116.0,28
2020-03-03,Virginia,Bus,99.0,"",98.0,29
2020-03-03,Virginia,Beach,92.0,"",91.0,30
2020-03-04,Virginia,Food,104.0,105.0,104.0,1
2020-03-04,Virginia,Shops & Services,106.0,106.0,106.0,2
2020-03-04,Virginia,Gas Stations,104.0,102.0,104.0,3
2020-03-04,Virginia,Grocery,100.0,92.0,101.0,4
2020-03-04,Virginia,School,100.0,107.0,100.0,5
2020-03-04,Virginia,Outdoors & Recreation,113.0,119.0,113.0,6
2020-03-04,Virginia,Fast Food Restaurants,102.0,98.0,102.0,7
2020-03-04,Virginia,Medical,98.0,94.0,98.0,8
2020-03-04,Virginia,Professional & Other Places,100.0,97.0,101.0,9
2020-03-04,Virginia,Convenience Store,103.0,97.0,103.0,10
2020-03-04,Virginia,Big Box Stores,102.0,103.0,102.0,11
2020-03-04,Virginia,Residences,104.0,109.0,103.0,12
2020-03-04,Virginia,Airport,92.0,112.0,92.0,13
2020-03-04,Virginia,Colleges & Universities,93.0,101.0,93.0,14
2020-03-04,Virginia,Government,100.0,92.0,100.0,15
2020-03-04,Virginia,Office,91.0,91.0,91.0,16
2020-03-04,Virginia,Fitness Center,100.0,93.0,100.0,17
2020-03-04,Virginia,Nightlife Spots,108.0,107.0,108.0,18
2020-03-04,Virginia,Hotel,99.0,94.0,99.0,19
2020-03-04,Virginia,Arts & Entertainment,110.0,105.0,110.0,20
2020-03-04,Virginia,Hardware Stores,104.0,104.0,104.0,21
2020-03-04,Virginia,Drug Store,103.0,99.0,103.0,22
2020-03-04,Virginia,Sports,117.0,135.0,116.0,23
2020-03-04,Virginia,Travel & Transport,109.0,117.0,109.0,24
2020-03-04,Virginia,Discount Stores,100.0,107.0,100.0,25
2020-03-04,Virginia,Banks,110.0,111.0,110.0,26
2020-03-04,Virginia,Metro Stations,104.0,115.0,104.0,27
2020-03-04,Virginia,Alcohol,107.0,106.0,107.0,28
2020-03-04,Virginia,Bus,96.0,"",96.0,29
2020-03-04,Virginia,Beach,130.0,"",130.0,30
2020-03-05,Virginia,Food,105.0,104.0,105.0,1
2020-03-05,Virginia,Shops & Services,108.0,106.0,108.0,2
2020-03-05,Virginia,Grocery,100.0,96.0,100.0,3
2020-03-05,Virginia,Gas Stations,102.0,102.0,102.0,4
2020-03-05,Virginia,School,109.0,107.0,109.0,5
2020-03-05,Virginia,Fast Food Restaurants,109.0,102.0,109.0,6
2020-03-05,Virginia,Outdoors & Recreation,119.0,126.0,119.0,7
2020-03-05,Virginia,Medical,101.0,102.0,101.0,8
2020-03-05,Virginia,Professional & Other Places,107.0,110.0,107.0,9
2020-03-05,Virginia,Convenience Store,105.0,110.0,105.0,10
2020-03-05,Virginia,Big Box Stores,100.0,107.0,100.0,11
2020-03-05,Virginia,Airport,93.0,88.0,94.0,12
2020-03-05,Virginia,Residences,111.0,118.0,111.0,13
2020-03-05,Virginia,Government,106.0,107.0,106.0,14
2020-03-05,Virginia,Colleges & Universities,91.0,95.0,91.0,15
2020-03-05,Virginia,Office,98.0,101.0,97.0,16
2020-03-05,Virginia,Nightlife Spots,110.0,119.0,109.0,17
2020-03-05,Virginia,Fitness Center,102.0,102.0,102.0,18
2020-03-05,Virginia,Hotel,100.0,92.0,100.0,19
2020-03-05,Virginia,Arts & Entertainment,112.0,120.0,112.0,20
2020-03-05,Virginia,Hardware Stores,116.0,114.0,116.0,21
2020-03-05,Virginia,Drug Store,101.0,99.0,101.0,22
2020-03-05,Virginia,Sports,128.0,132.0,128.0,23
2020-03-05,Virginia,Travel & Transport,111.0,118.0,111.0,24
2020-03-05,Virginia,Discount Stores,98.0,101.0,98.0,25
2020-03-05,Virginia,Banks,117.0,115.0,117.0,26
2020-03-05,Virginia,Metro Stations,108.0,129.0,108.0,27
2020-03-05,Virginia,Alcohol,94.0,84.0,94.0,28
2020-03-05,Virginia,Bus,115.0,"",115.0,29
2020-03-05,Virginia,Beach,106.0,"",104.0,30
2020-03-06,Virginia,Food,102.0,97.0,102.0,1
2020-03-06,Virginia,Shops & Services,103.0,103.0,103.0,2
2020-03-06,Virginia,Grocery,97.0,97.0,97.0,3
2020-03-06,Virginia,Gas Stations,101.0,97.0,101.0,4
2020-03-06,Virginia,Fast Food Restaurants,107.0,105.0,107.0,5
2020-03-06,Virginia,School,106.0,105.0,106.0,6
2020-03-06,Virginia,Outdoors & Recreation,109.0,106.0,110.0,7
2020-03-06,Virginia,Big Box Stores,99.0,99.0,99.0,8
2020-03-06,Virginia,Medical,100.0,92.0,100.0,9
2020-03-06,Virginia,Convenience Store,99.0,97.0,99.0,10
2020-03-06,Virginia,Airport,93.0,79.0,93.0,11
2020-03-06,Virginia,Professional & Other Places,103.0,98.0,103.0,12
2020-03-06,Virginia,Residences,100.0,93.0,100.0,13
2020-03-06,Virginia,Nightlife Spots,101.0,100.0,101.0,14
2020-03-06,Virginia,Government,107.0,98.0,107.0,15
2020-03-06,Virginia,Hotel,108.0,109.0,108.0,16
2020-03-06,Virginia,Office,96.0,91.0,96.0,17
2020-03-06,Virginia,Fitness Center,102.0,106.0,102.0,18
2020-03-06,Virginia,Arts & Entertainment,108.0,115.0,107.0,19
2020-03-06,Virginia,Colleges & Universities,88.0,101.0,88.0,20
2020-03-06,Virginia,Hardware Stores,106.0,102.0,107.0,21
2020-03-06,Virginia,Drug Store,98.0,102.0,98.0,22
2020-03-06,Virginia,Travel & Transport,113.0,110.0,113.0,23
2020-03-06,Virginia,Sports,115.0,118.0,115.0,24
2020-03-06,Virginia,Discount Stores,93.0,103.0,93.0,25
2020-03-06,Virginia,Banks,106.0,93.0,106.0,26
2020-03-06,Virginia,Metro Stations,98.0,85.0,99.0,27
2020-03-06,Virginia,Alcohol,90.0,82.0,90.0,28
2020-03-06,Virginia,Bus,95.0,"",95.0,29
2020-03-06,Virginia,Beach,120.0,"",119.0,30
2020-03-07,Virginia,Shops & Services,103.0,95.0,103.0,1
2020-03-07,Virginia,Food,100.0,97.0,100.0,2
2020-03-07,Virginia,Grocery,100.0,96.0,100.0,3
2020-03-07,Virginia,Gas Stations,104.0,97.0,104.0,4
2020-03-07,Virginia,Outdoors & Recreation,113.0,110.0,113.0,5
2020-03-07,Virginia,Fast Food Restaurants,101.0,95.0,101.0,6
2020-03-07,Virginia,Big Box Stores,103.0,101.0,103.0,7
2020-03-07,Virginia,Convenience Store,102.0,91.0,102.0,8
2020-03-07,Virginia,School,103.0,100.0,104.0,9
2020-03-07,Virginia,Professional & Other Places,108.0,102.0,109.0,10
2020-03-07,Virginia,Residences,101.0,93.0,101.0,11
2020-03-07,Virginia,Nightlife Spots,104.0,96.0,104.0,12
2020-03-07,Virginia,Arts & Entertainment,108.0,108.0,108.0,13
2020-03-07,Virginia,Airport,97.0,91.0,98.0,14
2020-03-07,Virginia,Hotel,106.0,95.0,107.0,15
2020-03-07,Virginia,Hardware Stores,114.0,102.0,115.0,16
2020-03-07,Virginia,Fitness Center,100.0,100.0,100.0,17
2020-03-07,Virginia,Medical,102.0,103.0,102.0,18
2020-03-07,Virginia,Sports,117.0,104.0,117.0,19
2020-03-07,Virginia,Discount Stores,104.0,104.0,104.0,20
2020-03-07,Virginia,Drug Store,103.0,91.0,104.0,21
2020-03-07,Virginia,Travel & Transport,117.0,106.0,118.0,22
2020-03-07,Virginia,Government,111.0,119.0,111.0,23
2020-03-07,Virginia,Colleges & Universities,81.0,104.0,81.0,24
2020-03-07,Virginia,Office,103.0,96.0,103.0,25
2020-03-07,Virginia,Banks,86.0,83.0,86.0,26
2020-03-07,Virginia,Alcohol,101.0,99.0,101.0,27
2020-03-07,Virginia,Metro Stations,99.0,"",98.0,28
2020-03-07,Virginia,Bus,110.0,"",110.0,29
2020-03-07,Virginia,Beach,112.0,"",112.0,30
2020-03-07,Virginia,Skiing,72.0,"",72.0,31
2020-03-08,Virginia,Food,104.0,99.0,105.0,1
2020-03-08,Virginia,Shops & Services,103.0,99.0,103.0,2
2020-03-08,Virginia,Grocery,98.0,93.0,98.0,3
2020-03-08,Virginia,Outdoors & Recreation,119.0,105.0,119.0,4
2020-03-08,Virginia,Gas Stations,111.0,102.0,111.0,5
2020-03-08,Virginia,Big Box Stores,103.0,98.0,104.0,6
2020-03-08,Virginia,Fast Food Restaurants,107.0,108.0,107.0,7
2020-03-08,Virginia,Convenience Store,108.0,102.0,108.0,8
2020-03-08,Virginia,Residences,101.0,101.0,101.0,9
2020-03-08,Virginia,Airport,105.0,92.0,105.0,10
2020-03-08,Virginia,Nightlife Spots,108.0,94.0,109.0,11
2020-03-08,Virginia,School,107.0,99.0,107.0,12
2020-03-08,Virginia,Professional & Other Places,110.0,98.0,110.0,13
2020-03-08,Virginia,Arts & Entertainment,106.0,104.0,106.0,14
2020-03-08,Virginia,Hotel,110.0,120.0,110.0,15
2020-03-08,Virginia,Hardware Stores,116.0,104.0,117.0,16
2020-03-08,Virginia,Sports,118.0,118.0,118.0,17
2020-03-08,Virginia,Medical,110.0,97.0,110.0,18
2020-03-08,Virginia,Fitness Center,95.0,98.0,94.0,19
2020-03-08,Virginia,Travel & Transport,122.0,129.0,122.0,20
2020-03-08,Virginia,Drug Store,109.0,108.0,109.0,21
2020-03-08,Virginia,Discount Stores,102.0,82.0,102.0,22
2020-03-08,Virginia,Government,110.0,114.0,110.0,23
2020-03-08,Virginia,Colleges & Universities,70.0,81.0,70.0,24
2020-03-08,Virginia,Office,107.0,111.0,107.0,25
2020-03-08,Virginia,Alcohol,108.0,121.0,107.0,26
2020-03-08,Virginia,Banks,91.0,100.0,91.0,27
2020-03-08,Virginia,Metro Stations,96.0,"",97.0,28
2020-03-08,Virginia,Bus,114.0,"",114.0,29
2020-03-08,Virginia,Beach,103.0,"",104.0,30
2020-03-08,Virginia,Spiritual Center,92.0,"",93.0,31
2020-03-09,Virginia,Shops & Services,106.0,98.0,106.0,1
2020-03-09,Virginia,Food,104.0,99.0,104.0,2
2020-03-09,Virginia,Grocery,105.0,100.0,105.0,3
2020-03-09,Virginia,Gas Stations,106.0,103.0,106.0,4
2020-03-09,Virginia,School,122.0,113.0,122.0,5
2020-03-09,Virginia,Outdoors & Recreation,120.0,116.0,120.0,6
2020-03-09,Virginia,Fast Food Restaurants,106.0,97.0,107.0,7
2020-03-09,Virginia,Medical,99.0,92.0,100.0,8
2020-03-09,Virginia,Convenience Store,107.0,104.0,107.0,9
2020-03-09,Virginia,Big Box Stores,106.0,98.0,106.0,10
2020-03-09,Virginia,Professional & Other Places,109.0,100.0,109.0,11
2020-03-09,Virginia,Residences,106.0,97.0,107.0,12
2020-03-09,Virginia,Airport,88.0,92.0,87.0,13
2020-03-09,Virginia,Government,117.0,105.0,117.0,14
2020-03-09,Virginia,Office,97.0,97.0,97.0,15
2020-03-09,Virginia,Nightlife Spots,109.0,100.0,110.0,16
2020-03-09,Virginia,Fitness Center,101.0,92.0,101.0,17
2020-03-09,Virginia,Hotel,103.0,99.0,103.0,18
2020-03-09,Virginia,Arts & Entertainment,112.0,107.0,112.0,19
2020-03-09,Virginia,Hardware Stores,120.0,112.0,121.0,20
2020-03-09,Virginia,Sports,121.0,127.0,121.0,21
2020-03-09,Virginia,Colleges & Universities,51.0,80.0,51.0,22
2020-03-09,Virginia,Travel & Transport,110.0,109.0,110.0,23
2020-03-09,Virginia,Drug Store,105.0,91.0,105.0,24
2020-03-09,Virginia,Discount Stores,107.0,93.0,107.0,25
2020-03-09,Virginia,Banks,118.0,108.0,119.0,26
2020-03-09,Virginia,Metro Stations,109.0,146.0,108.0,27
2020-03-09,Virginia,Alcohol,112.0,107.0,112.0,28
2020-03-09,Virginia,Bus,115.0,"",116.0,29
2020-03-09,Virginia,Beach,114.0,138.0,113.0,30
2020-03-10,Virginia,Food,100.0,97.0,100.0,1
2020-03-10,Virginia,Shops & Services,103.0,99.0,103.0,2
2020-03-10,Virginia,Grocery,102.0,102.0,102.0,3
2020-03-10,Virginia,School,101.0,99.0,101.0,4
2020-03-10,Virginia,Gas Stations,100.0,100.0,100.0,5
2020-03-10,Virginia,Outdoors & Recreation,114.0,103.0,115.0,6
2020-03-10,Virginia,Fast Food Restaurants,101.0,92.0,102.0,7
2020-03-10,Virginia,Medical,94.0,85.0,95.0,8
2020-03-10,Virginia,Professional & Other Places,98.0,94.0,98.0,9
2020-03-10,Virginia,Big Box Stores,103.0,103.0,103.0,10
2020-03-10,Virginia,Convenience Store,100.0,91.0,100.0,11
2020-03-10,Virginia,Residences,105.0,101.0,105.0,12
2020-03-10,Virginia,Government,100.0,98.0,100.0,13
2020-03-10,Virginia,Airport,84.0,95.0,84.0,14
2020-03-10,Virginia,Office,87.0,77.0,87.0,15
2020-03-10,Virginia,Fitness Center,91.0,89.0,91.0,16
2020-03-10,Virginia,Nightlife Spots,109.0,97.0,109.0,17
2020-03-10,Virginia,Hotel,96.0,99.0,96.0,18
2020-03-10,Virginia,Arts & Entertainment,113.0,102.0,113.0,19
2020-03-10,Virginia,Hardware Stores,113.0,113.0,113.0,20
2020-03-10,Virginia,Colleges & Universities,51.0,76.0,50.0,21
2020-03-10,Virginia,Drug Store,99.0,88.0,100.0,22
2020-03-10,Virginia,Sports,115.0,102.0,116.0,23
2020-03-10,Virginia,Travel & Transport,104.0,99.0,104.0,24
2020-03-10,Virginia,Discount Stores,104.0,103.0,104.0,25
2020-03-10,Virginia,Banks,96.0,87.0,96.0,26
2020-03-10,Virginia,Metro Stations,95.0,88.0,95.0,27
2020-03-10,Virginia,Alcohol,102.0,117.0,102.0,28
2020-03-10,Virginia,Bus,101.0,"",101.0,29
2020-03-10,Virginia,Beach,101.0,"",100.0,30
2020-03-11,Virginia,Food,101.0,95.0,101.0,1
2020-03-11,Virginia,Shops & Services,106.0,99.0,106.0,2
2020-03-11,Virginia,Grocery,104.0,105.0,104.0,3
2020-03-11,Virginia,Gas Stations,102.0,97.0,102.0,4
2020-03-11,Virginia,School,100.0,101.0,100.0,5
2020-03-11,Virginia,Outdoors & Recreation,114.0,110.0,114.0,6
2020-03-11,Virginia,Fast Food Restaurants,98.0,96.0,98.0,7
2020-03-11,Virginia,Medical,94.0,93.0,94.0,8
2020-03-11,Virginia,Professional & Other Places,99.0,97.0,99.0,9
2020-03-11,Virginia,Big Box Stores,102.0,96.0,102.0,10
2020-03-11,Virginia,Convenience Store,101.0,96.0,101.0,11
2020-03-11,Virginia,Residences,104.0,102.0,104.0,12
2020-03-11,Virginia,Airport,84.0,85.0,84.0,13
2020-03-11,Virginia,Government,100.0,92.0,100.0,14
2020-03-11,Virginia,Office,84.0,84.0,84.0,15
2020-03-11,Virginia,Nightlife Spots,103.0,102.0,103.0,16
2020-03-11,Virginia,Fitness Center,92.0,86.0,92.0,17
2020-03-11,Virginia,Hotel,92.0,96.0,91.0,18
2020-03-11,Virginia,Arts & Entertainment,108.0,110.0,108.0,19
2020-03-11,Virginia,Hardware Stores,113.0,114.0,113.0,20
2020-03-11,Virginia,Drug Store,101.0,104.0,101.0,21
2020-03-11,Virginia,Colleges & Universities,46.0,80.0,45.0,22
2020-03-11,Virginia,Sports,107.0,114.0,106.0,23
2020-03-11,Virginia,Travel & Transport,106.0,100.0,107.0,24
2020-03-11,Virginia,Discount Stores,109.0,111.0,109.0,25
2020-03-11,Virginia,Banks,105.0,103.0,105.0,26
2020-03-11,Virginia,Metro Stations,90.0,105.0,90.0,27
2020-03-11,Virginia,Alcohol,107.0,116.0,106.0,28
2020-03-11,Virginia,Bus,97.0,"",98.0,29
2020-03-11,Virginia,Beach,124.0,"",127.0,30
2020-03-12,Virginia,Shops & Services,108.0,105.0,108.0,1
2020-03-12,Virginia,Food,97.0,96.0,97.0,2
2020-03-12,Virginia,Grocery,126.0,119.0,126.0,3
2020-03-12,Virginia,Gas Stations,103.0,106.0,103.0,4
2020-03-12,Virginia,School,95.0,93.0,95.0,5
2020-03-12,Virginia,Outdoors & Recreation,121.0,119.0,121.0,6
2020-03-12,Virginia,Fast Food Restaurants,100.0,96.0,100.0,7
2020-03-12,Virginia,Big Box Stores,116.0,112.0,116.0,8
2020-03-12,Virginia,Medical,94.0,93.0,94.0,9
2020-03-12,Virginia,Convenience Store,100.0,102.0,99.0,10
2020-03-12,Virginia,Professional & Other Places,100.0,102.0,100.0,11
2020-03-12,Virginia,Residences,105.0,107.0,105.0,12
2020-03-12,Virginia,Airport,80.0,69.0,81.0,13
2020-03-12,Virginia,Government,97.0,95.0,97.0,14
2020-03-12,Virginia,Nightlife Spots,107.0,107.0,107.0,15
2020-03-12,Virginia,Office,83.0,91.0,83.0,16
2020-03-12,Virginia,Hotel,92.0,93.0,92.0,17
2020-03-12,Virginia,Arts & Entertainment,110.0,109.0,110.0,18
2020-03-12,Virginia,Fitness Center,83.0,80.0,84.0,19
2020-03-12,Virginia,Drug Store,118.0,117.0,118.0,20
2020-03-12,Virginia,Hardware Stores,116.0,117.0,116.0,21
2020-03-12,Virginia,Discount Stores,118.0,113.0,118.0,22
2020-03-12,Virginia,Travel & Transport,111.0,133.0,110.0,23
2020-03-12,Virginia,Sports,117.0,142.0,116.0,24
2020-03-12,Virginia,Colleges & Universities,43.0,71.0,43.0,25
2020-03-12,Virginia,Banks,109.0,121.0,108.0,26
2020-03-12,Virginia,Metro Stations,71.0,"",71.0,27
2020-03-12,Virginia,Alcohol,114.0,99.0,114.0,28
2020-03-12,Virginia,Bus,100.0,"",101.0,29
2020-03-12,Virginia,Beach,121.0,"",119.0,30
2020-03-13,Virginia,Shops & Services,106.0,98.0,106.0,1
2020-03-13,Virginia,Food,96.0,88.0,96.0,2
2020-03-13,Virginia,Grocery,137.0,125.0,138.0,3
2020-03-13,Virginia,Gas Stations,103.0,101.0,103.0,4
2020-03-13,Virginia,Outdoors & Recreation,120.0,117.0,120.0,5
2020-03-13,Virginia,Fast Food Restaurants,102.0,99.0,102.0,6
2020-03-13,Virginia,Big Box Stores,124.0,110.0,125.0,7
2020-03-13,Virginia,School,74.0,79.0,74.0,8
2020-03-13,Virginia,Convenience Store,104.0,96.0,104.0,9
2020-03-13,Virginia,Medical,94.0,80.0,95.0,10
2020-03-13,Virginia,Professional & Other Places,100.0,90.0,101.0,11
2020-03-13,Virginia,Residences,104.0,104.0,104.0,12
2020-03-13,Virginia,Airport,73.0,65.0,73.0,13
2020-03-13,Virginia,Nightlife Spots,100.0,105.0,100.0,14
2020-03-13,Virginia,Government,98.0,89.0,99.0,15
2020-03-13,Virginia,Drug Store,123.0,130.0,123.0,16
2020-03-13,Virginia,Hardware Stores,129.0,118.0,130.0,17
2020-03-13,Virginia,Arts & Entertainment,103.0,94.0,103.0,18
2020-03-13,Virginia,Hotel,88.0,84.0,89.0,19
2020-03-13,Virginia,Office,86.0,89.0,86.0,20
2020-03-13,Virginia,Discount Stores,124.0,122.0,124.0,21
2020-03-13,Virginia,Fitness Center,81.0,84.0,81.0,22
2020-03-13,Virginia,Travel & Transport,106.0,98.0,107.0,23
2020-03-13,Virginia,Sports,120.0,140.0,119.0,24
2020-03-13,Virginia,Colleges & Universities,49.0,76.0,49.0,25
2020-03-13,Virginia,Banks,100.0,97.0,100.0,26
2020-03-13,Virginia,Alcohol,114.0,92.0,115.0,27
2020-03-13,Virginia,Metro Stations,69.0,"",69.0,28
2020-03-13,Virginia,Bus,91.0,"",91.0,29
2020-03-13,Virginia,Beach,135.0,"",137.0,30
2020-03-14,Virginia,Shops & Services,85.0,79.0,85.0,1
2020-03-14,Virginia,Food,81.0,77.0,82.0,2
2020-03-14,Virginia,Grocery,120.0,111.0,120.0,3
2020-03-14,Virginia,Outdoors & Recreation,114.0,109.0,114.0,4
2020-03-14,Virginia,Gas Stations,99.0,97.0,99.0,5
2020-03-14,Virginia,Big Box Stores,102.0,92.0,103.0,6
2020-03-14,Virginia,Fast Food Restaurants,84.0,79.0,84.0,7
2020-03-14,Virginia,Convenience Store,95.0,90.0,95.0,8
2020-03-14,Virginia,Residences,100.0,96.0,100.0,9
2020-03-14,Virginia,Professional & Other Places,92.0,84.0,93.0,10
2020-03-14,Virginia,Nightlife Spots,88.0,86.0,89.0,11
2020-03-14,Virginia,Hardware Stores,128.0,121.0,128.0,12
2020-03-14,Virginia,Airport,73.0,62.0,73.0,13
2020-03-14,Virginia,Arts & Entertainment,79.0,79.0,79.0,14
2020-03-14,Virginia,School,61.0,59.0,61.0,15
2020-03-14,Virginia,Hotel,80.0,79.0,80.0,16
2020-03-14,Virginia,Discount Stores,114.0,103.0,114.0,17
2020-03-14,Virginia,Medical,88.0,85.0,88.0,18
2020-03-14,Virginia,Drug Store,110.0,105.0,110.0,19
2020-03-14,Virginia,Sports,97.0,106.0,97.0,20
2020-03-14,Virginia,Fitness Center,69.0,66.0,69.0,21
2020-03-14,Virginia,Travel & Transport,111.0,113.0,111.0,22
2020-03-14,Virginia,Government,98.0,90.0,98.0,23
2020-03-14,Virginia,Office,92.0,94.0,92.0,24
2020-03-14,Virginia,Colleges & Universities,43.0,53.0,43.0,25
2020-03-14,Virginia,Banks,79.0,64.0,79.0,26
2020-03-14,Virginia,Alcohol,102.0,106.0,102.0,27
2020-03-14,Virginia,Metro Stations,68.0,"",68.0,28
2020-03-14,Virginia,Beach,132.0,"",132.0,29
2020-03-14,Virginia,Bus,94.0,"",94.0,30
2020-03-15,Virginia,Food,69.0,59.0,69.0,1
2020-03-15,Virginia,Shops & Services,71.0,67.0,72.0,2
2020-03-15,Virginia,Grocery,98.0,92.0,98.0,3
2020-03-15,Virginia,Gas Stations,88.0,83.0,88.0,4
2020-03-15,Virginia,Outdoors & Recreation,76.0,65.0,77.0,5
2020-03-15,Virginia,Big Box Stores,89.0,88.0,89.0,6
2020-03-15,Virginia,Fast Food Restaurants,77.0,72.0,77.0,7
2020-03-15,Virginia,Convenience Store,84.0,83.0,84.0,8
2020-03-15,Virginia,Residences,74.0,71.0,75.0,9
2020-03-15,Virginia,Nightlife Spots,73.0,60.0,74.0,10
2020-03-15,Virginia,Airport,64.0,46.0,64.0,11
2020-03-15,Virginia,Professional & Other Places,77.0,72.0,77.0,12
2020-03-15,Virginia,School,61.0,59.0,61.0,13
2020-03-15,Virginia,Hardware Stores,101.0,84.0,101.0,14
2020-03-15,Virginia,Arts & Entertainment,68.0,68.0,68.0,15
2020-03-15,Virginia,Hotel,68.0,62.0,68.0,16
2020-03-15,Virginia,Discount Stores,100.0,93.0,100.0,17
2020-03-15,Virginia,Drug Store,105.0,90.0,106.0,18
2020-03-15,Virginia,Medical,80.0,69.0,81.0,19
2020-03-15,Virginia,Travel & Transport,94.0,92.0,94.0,20
2020-03-15,Virginia,Fitness Center,65.0,68.0,65.0,21
2020-03-15,Virginia,Sports,66.0,72.0,66.0,22
2020-03-15,Virginia,Government,74.0,63.0,75.0,23
2020-03-15,Virginia,Colleges & Universities,43.0,59.0,43.0,24
2020-03-15,Virginia,Office,78.0,67.0,78.0,25
2020-03-15,Virginia,Alcohol,87.0,107.0,87.0,26
2020-03-15,Virginia,Banks,73.0,"",73.0,27
2020-03-15,Virginia,Metro Stations,52.0,"",53.0,28
2020-03-15,Virginia,Beach,92.0,"",93.0,29
2020-03-15,Virginia,Bus,81.0,"",79.0,30
2020-03-16,Virginia,Shops & Services,93.0,83.0,93.0,1
2020-03-16,Virginia,Food,81.0,72.0,81.0,2
2020-03-16,Virginia,Grocery,132.0,118.0,132.0,3
2020-03-16,Virginia,Gas Stations,96.0,96.0,96.0,4
2020-03-16,Virginia,Outdoors & Recreation,96.0,86.0,96.0,5
2020-03-16,Virginia,Fast Food Restaurants,88.0,77.0,88.0,6
2020-03-16,Virginia,Big Box Stores,114.0,97.0,114.0,7
2020-03-16,Virginia,Medical,81.0,67.0,81.0,8
2020-03-16,Virginia,Convenience Store,95.0,89.0,95.0,9
2020-03-16,Virginia,Professional & Other Places,91.0,79.0,91.0,10
2020-03-16,Virginia,Residences,90.0,78.0,90.0,11
2020-03-16,Virginia,School,48.0,58.0,48.0,12
2020-03-16,Virginia,Airport,56.0,43.0,57.0,13
2020-03-16,Virginia,Government,91.0,83.0,91.0,14
2020-03-16,Virginia,Nightlife Spots,89.0,78.0,89.0,15
2020-03-16,Virginia,Hardware Stores,118.0,106.0,119.0,16
2020-03-16,Virginia,Office,70.0,74.0,70.0,17
2020-03-16,Virginia,Drug Store,119.0,107.0,120.0,18
2020-03-16,Virginia,Hotel,78.0,79.0,78.0,19
2020-03-16,Virginia,Arts & Entertainment,77.0,71.0,77.0,20
2020-03-16,Virginia,Fitness Center,63.0,54.0,63.0,21
2020-03-16,Virginia,Discount Stores,112.0,106.0,112.0,22
2020-03-16,Virginia,Travel & Transport,94.0,96.0,94.0,23
2020-03-16,Virginia,Sports,85.0,78.0,85.0,24
2020-03-16,Virginia,Colleges & Universities,36.0,62.0,36.0,25
2020-03-16,Virginia,Banks,105.0,102.0,105.0,26
2020-03-16,Virginia,Alcohol,123.0,110.0,124.0,27
2020-03-16,Virginia,Metro Stations,47.0,"",47.0,28
2020-03-16,Virginia,Bus,73.0,"",74.0,29
2020-03-16,Virginia,Beach,89.0,"",90.0,30
2020-03-17,Virginia,Shops & Services,84.0,71.0,85.0,1
2020-03-17,Virginia,Food,74.0,64.0,74.0,2
2020-03-17,Virginia,Grocery,119.0,108.0,120.0,3
2020-03-17,Virginia,Gas Stations,90.0,91.0,90.0,4
2020-03-17,Virginia,Outdoors & Recreation,108.0,97.0,109.0,5
2020-03-17,Virginia,Big Box Stores,107.0,84.0,108.0,6
2020-03-17,Virginia,Fast Food Restaurants,78.0,72.0,79.0,7
2020-03-17,Virginia,Medical,70.0,58.0,71.0,8
2020-03-17,Virginia,Convenience Store,89.0,81.0,89.0,9
2020-03-17,Virginia,Professional & Other Places,79.0,70.0,79.0,10
2020-03-17,Virginia,Residences,95.0,96.0,95.0,11
2020-03-17,Virginia,School,40.0,47.0,39.0,12
2020-03-17,Virginia,Government,69.0,59.0,69.0,13
2020-03-17,Virginia,Nightlife Spots,90.0,80.0,90.0,14
2020-03-17,Virginia,Hardware Stores,116.0,93.0,117.0,15
2020-03-17,Virginia,Airport,52.0,41.0,52.0,16
2020-03-17,Virginia,Office,56.0,61.0,55.0,17
2020-03-17,Virginia,Hotel,71.0,75.0,71.0,18
2020-03-17,Virginia,Drug Store,100.0,87.0,101.0,19
2020-03-17,Virginia,Arts & Entertainment,81.0,78.0,81.0,20
2020-03-17,Virginia,Discount Stores,107.0,89.0,108.0,21
2020-03-17,Virginia,Travel & Transport,96.0,105.0,96.0,22
2020-03-17,Virginia,Fitness Center,49.0,40.0,49.0,23
2020-03-17,Virginia,Sports,96.0,95.0,96.0,24
2020-03-17,Virginia,Colleges & Universities,32.0,57.0,31.0,25
2020-03-17,Virginia,Banks,79.0,59.0,80.0,26
2020-03-17,Virginia,Alcohol,116.0,105.0,117.0,27
2020-03-17,Virginia,Metro Stations,34.0,"",34.0,28
2020-03-17,Virginia,Bus,68.0,"",68.0,29
2020-03-17,Virginia,Beach,114.0,"",115.0,30
2020-03-18,Virginia,Shops & Services,76.0,65.0,76.0,1
2020-03-18,Virginia,Food,64.0,57.0,65.0,2
2020-03-18,Virginia,Grocery,108.0,94.0,109.0,3
2020-03-18,Virginia,Gas Stations,88.0,88.0,88.0,4
2020-03-18,Virginia,Outdoors & Recreation,101.0,93.0,101.0,5
2020-03-18,Virginia,Fast Food Restaurants,73.0,69.0,73.0,6
2020-03-18,Virginia,Big Box Stores,98.0,84.0,98.0,7
2020-03-18,Virginia,Convenience Store,85.0,84.0,85.0,8
2020-03-18,Virginia,Medical,66.0,62.0,66.0,9
2020-03-18,Virginia,Professional & Other Places,76.0,72.0,77.0,10
2020-03-18,Virginia,Residences,90.0,84.0,91.0,11
2020-03-18,Virginia,School,37.0,45.0,37.0,12
2020-03-18,Virginia,Government,60.0,55.0,60.0,13
2020-03-18,Virginia,Hardware Stores,108.0,97.0,109.0,14
2020-03-18,Virginia,Nightlife Spots,76.0,78.0,76.0,15
2020-03-18,Virginia,Drug Store,100.0,90.0,101.0,16
2020-03-18,Virginia,Office,51.0,62.0,50.0,17
2020-03-18,Virginia,Airport,42.0,36.0,42.0,18
2020-03-18,Virginia,Hotel,61.0,66.0,61.0,19
2020-03-18,Virginia,Arts & Entertainment,77.0,71.0,77.0,20
2020-03-18,Virginia,Discount Stores,92.0,86.0,92.0,21
2020-03-18,Virginia,Travel & Transport,87.0,109.0,86.0,22
2020-03-18,Virginia,Sports,87.0,94.0,87.0,23
2020-03-18,Virginia,Fitness Center,39.0,31.0,39.0,24
2020-03-18,Virginia,Colleges & Universities,28.0,44.0,28.0,25
2020-03-18,Virginia,Banks,73.0,60.0,74.0,26
2020-03-18,Virginia,Alcohol,101.0,95.0,101.0,27
2020-03-18,Virginia,Metro Stations,25.0,"",25.0,28
2020-03-18,Virginia,Bus,49.0,"",50.0,29
2020-03-18,Virginia,Beach,113.0,"",115.0,30
2020-03-19,Virginia,Shops & Services,74.0,64.0,75.0,1
2020-03-19,Virginia,Food,63.0,54.0,63.0,2
2020-03-19,Virginia,Grocery,104.0,91.0,105.0,3
2020-03-19,Virginia,Gas Stations,85.0,82.0,85.0,4
2020-03-19,Virginia,Outdoors & Recreation,119.0,115.0,119.0,5
2020-03-19,Virginia,Fast Food Restaurants,70.0,61.0,71.0,6
2020-03-19,Virginia,Big Box Stores,94.0,84.0,94.0,7
2020-03-19,Virginia,Convenience Store,82.0,83.0,82.0,8
2020-03-19,Virginia,Medical,65.0,54.0,65.0,9
2020-03-19,Virginia,Professional & Other Places,79.0,76.0,79.0,10
2020-03-19,Virginia,Residences,90.0,87.0,90.0,11
2020-03-19,Virginia,School,38.0,50.0,38.0,12
2020-03-19,Virginia,Hardware Stores,115.0,95.0,116.0,13
2020-03-19,Virginia,Nightlife Spots,75.0,76.0,75.0,14
2020-03-19,Virginia,Government,59.0,57.0,59.0,15
2020-03-19,Virginia,Drug Store,93.0,83.0,94.0,16
2020-03-19,Virginia,Office,52.0,64.0,52.0,17
2020-03-19,Virginia,Hotel,62.0,59.0,62.0,18
2020-03-19,Virginia,Airport,34.0,23.0,35.0,19
2020-03-19,Virginia,Arts & Entertainment,76.0,61.0,77.0,20
2020-03-19,Virginia,Sports,106.0,126.0,105.0,21
2020-03-19,Virginia,Discount Stores,93.0,87.0,93.0,22
2020-03-19,Virginia,Travel & Transport,92.0,113.0,92.0,23
2020-03-19,Virginia,Colleges & Universities,30.0,51.0,30.0,24
2020-03-19,Virginia,Fitness Center,34.0,35.0,34.0,25
2020-03-19,Virginia,Banks,78.0,75.0,78.0,26
2020-03-19,Virginia,Alcohol,99.0,89.0,99.0,27
2020-03-19,Virginia,Metro Stations,26.0,"",26.0,28
2020-03-19,Virginia,Bus,62.0,"",62.0,29
2020-03-19,Virginia,Beach,145.0,"",146.0,30
2020-03-20,Virginia,Shops & Services,69.0,59.0,69.0,1
2020-03-20,Virginia,Food,60.0,52.0,60.0,2
2020-03-20,Virginia,Grocery,110.0,91.0,111.0,3
2020-03-20,Virginia,Gas Stations,86.0,82.0,86.0,4
2020-03-20,Virginia,Outdoors & Recreation,113.0,104.0,113.0,5
2020-03-20,Virginia,Fast Food Restaurants,71.0,67.0,72.0,6
2020-03-20,Virginia,Big Box Stores,94.0,76.0,95.0,7
2020-03-20,Virginia,Convenience Store,84.0,78.0,84.0,8
2020-03-20,Virginia,Residences,93.0,84.0,93.0,9
2020-03-20,Virginia,Medical,67.0,58.0,68.0,10
2020-03-20,Virginia,Professional & Other Places,77.0,73.0,77.0,11
2020-03-20,Virginia,School,40.0,50.0,40.0,12
2020-03-20,Virginia,Hardware Stores,119.0,96.0,120.0,13
2020-03-20,Virginia,Nightlife Spots,69.0,71.0,69.0,14
2020-03-20,Virginia,Drug Store,89.0,74.0,90.0,15
2020-03-20,Virginia,Government,62.0,59.0,62.0,16
2020-03-20,Virginia,Discount Stores,91.0,84.0,91.0,17
2020-03-20,Virginia,Arts & Entertainment,70.0,66.0,71.0,18
2020-03-20,Virginia,Hotel,57.0,58.0,57.0,19
2020-03-20,Virginia,Airport,32.0,22.0,32.0,20
2020-03-20,Virginia,Office,55.0,69.0,55.0,21
2020-03-20,Virginia,Travel & Transport,90.0,108.0,89.0,22
2020-03-20,Virginia,Sports,106.0,115.0,105.0,23
2020-03-20,Virginia,Colleges & Universities,37.0,42.0,37.0,24
2020-03-20,Virginia,Banks,74.0,57.0,74.0,25
2020-03-20,Virginia,Fitness Center,37.0,32.0,37.0,26
2020-03-20,Virginia,Alcohol,98.0,83.0,99.0,27
2020-03-20,Virginia,Beach,160.0,162.0,160.0,28
2020-03-20,Virginia,Bus,60.0,"",60.0,29
2020-03-20,Virginia,Metro Stations,25.0,"",25.0,30
2020-03-21,Virginia,Shops & Services,50.0,47.0,50.0,1
2020-03-21,Virginia,Food,46.0,41.0,46.0,2
2020-03-21,Virginia,Grocery,99.0,83.0,100.0,3
2020-03-21,Virginia,Outdoors & Recreation,92.0,87.0,92.0,4
2020-03-21,Virginia,Gas Stations,77.0,77.0,77.0,5
2020-03-21,Virginia,Big Box Stores,78.0,66.0,78.0,6
2020-03-21,Virginia,Fast Food Restaurants,58.0,53.0,58.0,7
2020-03-21,Virginia,Convenience Store,72.0,63.0,72.0,8
2020-03-21,Virginia,Residences,77.0,73.0,77.0,9
2020-03-21,Virginia,Hardware Stores,111.0,90.0,112.0,10
2020-03-21,Virginia,Professional & Other Places,64.0,51.0,65.0,11
2020-03-21,Virginia,School,46.0,51.0,46.0,12
2020-03-21,Virginia,Nightlife Spots,50.0,55.0,50.0,13
2020-03-21,Virginia,Discount Stores,83.0,77.0,83.0,14
2020-03-21,Virginia,Drug Store,88.0,82.0,88.0,15
2020-03-21,Virginia,Medical,66.0,59.0,66.0,16
2020-03-21,Virginia,Hotel,46.0,44.0,46.0,17
2020-03-21,Virginia,Arts & Entertainment,46.0,42.0,46.0,18
2020-03-21,Virginia,Airport,35.0,27.0,35.0,19
2020-03-21,Virginia,Travel & Transport,85.0,111.0,84.0,20
2020-03-21,Virginia,Sports,67.0,70.0,66.0,21
2020-03-21,Virginia,Government,72.0,56.0,72.0,22
2020-03-21,Virginia,Fitness Center,30.0,25.0,30.0,23
2020-03-21,Virginia,Banks,70.0,62.0,70.0,24
2020-03-21,Virginia,Colleges & Universities,38.0,52.0,37.0,25
2020-03-21,Virginia,Office,65.0,63.0,65.0,26
2020-03-21,Virginia,Alcohol,81.0,77.0,81.0,27
2020-03-21,Virginia,Beach,112.0,"",113.0,28
2020-03-21,Virginia,Bus,73.0,"",73.0,29
2020-03-22,Virginia,Shops & Services,46.0,45.0,46.0,1
2020-03-22,Virginia,Food,41.0,36.0,41.0,2
2020-03-22,Virginia,Grocery,75.0,68.0,75.0,3
2020-03-22,Virginia,Outdoors & Recreation,81.0,70.0,81.0,4
2020-03-22,Virginia,Gas Stations,70.0,67.0,70.0,5
2020-03-22,Virginia,Big Box Stores,70.0,65.0,70.0,6
2020-03-22,Virginia,Fast Food Restaurants,54.0,45.0,54.0,7
2020-03-22,Virginia,Residences,65.0,69.0,65.0,8
2020-03-22,Virginia,Convenience Store,65.0,58.0,65.0,9
2020-03-22,Virginia,Hardware Stores,107.0,92.0,107.0,10
2020-03-22,Virginia,Professional & Other Places,65.0,60.0,65.0,11
2020-03-22,Virginia,School,55.0,56.0,55.0,12
2020-03-22,Virginia,Nightlife Spots,47.0,56.0,47.0,13
2020-03-22,Virginia,Drug Store,79.0,73.0,79.0,14
2020-03-22,Virginia,Hotel,45.0,51.0,45.0,15
2020-03-22,Virginia,Discount Stores,71.0,57.0,71.0,16
2020-03-22,Virginia,Arts & Entertainment,46.0,39.0,47.0,17
2020-03-22,Virginia,Airport,28.0,17.0,29.0,18
2020-03-22,Virginia,Travel & Transport,76.0,78.0,76.0,19
2020-03-22,Virginia,Sports,61.0,66.0,61.0,20
2020-03-22,Virginia,Medical,60.0,53.0,60.0,21
2020-03-22,Virginia,Government,66.0,63.0,66.0,22
2020-03-22,Virginia,Fitness Center,30.0,25.0,30.0,23
2020-03-22,Virginia,Office,64.0,"",65.0,24
2020-03-22,Virginia,Colleges & Universities,34.0,"",34.0,25
2020-03-22,Virginia,Banks,65.0,"",66.0,26
2020-03-22,Virginia,Alcohol,75.0,"",75.0,27
2020-03-22,Virginia,Beach,79.0,"",78.0,28
2020-03-22,Virginia,Bus,72.0,"",72.0,29
2020-03-23,Virginia,Shops & Services,60.0,49.0,61.0,1
2020-03-23,Virginia,Food,51.0,44.0,51.0,2
2020-03-23,Virginia,Grocery,94.0,84.0,95.0,3
2020-03-23,Virginia,Gas Stations,72.0,62.0,72.0,4
2020-03-23,Virginia,Outdoors & Recreation,67.0,58.0,67.0,5
2020-03-23,Virginia,Big Box Stores,83.0,69.0,84.0,6
2020-03-23,Virginia,Fast Food Restaurants,59.0,47.0,60.0,7
2020-03-23,Virginia,Medical,56.0,42.0,57.0,8
2020-03-23,Virginia,Convenience Store,66.0,59.0,66.0,9
2020-03-23,Virginia,Professional & Other Places,65.0,51.0,66.0,10
2020-03-23,Virginia,Residences,64.0,55.0,65.0,11
2020-03-23,Virginia,School,32.0,36.0,32.0,12
2020-03-23,Virginia,Hardware Stores,95.0,66.0,97.0,13
2020-03-23,Virginia,Drug Store,84.0,68.0,85.0,14
2020-03-23,Virginia,Government,52.0,46.0,52.0,15
2020-03-23,Virginia,Nightlife Spots,59.0,50.0,60.0,16
2020-03-23,Virginia,Office,45.0,48.0,45.0,17
2020-03-23,Virginia,Discount Stores,88.0,86.0,89.0,18
2020-03-23,Virginia,Hotel,50.0,45.0,51.0,19
2020-03-23,Virginia,Airport,27.0,23.0,27.0,20
2020-03-23,Virginia,Travel & Transport,71.0,75.0,71.0,21
2020-03-23,Virginia,Arts & Entertainment,54.0,44.0,54.0,22
2020-03-23,Virginia,Sports,58.0,42.0,59.0,23
2020-03-23,Virginia,Fitness Center,29.0,24.0,29.0,24
2020-03-23,Virginia,Colleges & Universities,22.0,47.0,22.0,25
2020-03-23,Virginia,Banks,69.0,51.0,70.0,26
2020-03-23,Virginia,Alcohol,95.0,98.0,95.0,27
2020-03-23,Virginia,Metro Stations,19.0,"",19.0,28
2020-03-23,Virginia,Bus,43.0,"",43.0,29
2020-03-23,Virginia,Beach,77.0,"",78.0,30
2020-03-24,Virginia,Shops & Services,61.0,54.0,61.0,1
2020-03-24,Virginia,Food,54.0,49.0,54.0,2
2020-03-24,Virginia,Grocery,87.0,83.0,87.0,3
2020-03-24,Virginia,Gas Stations,72.0,67.0,73.0,4
2020-03-24,Virginia,Outdoors & Recreation,94.0,88.0,94.0,5
2020-03-24,Virginia,Fast Food Restaurants,63.0,57.0,64.0,6
2020-03-24,Virginia,Big Box Stores,82.0,79.0,82.0,7
2020-03-24,Virginia,Convenience Store,72.0,67.0,72.0,8
2020-03-24,Virginia,Professional & Other Places,68.0,64.0,68.0,9
2020-03-24,Virginia,Residences,80.0,72.0,80.0,10
2020-03-24,Virginia,Medical,50.0,44.0,50.0,11
2020-03-24,Virginia,School,31.0,46.0,31.0,12
2020-03-24,Virginia,Hardware Stores,97.0,82.0,98.0,13
2020-03-24,Virginia,Nightlife Spots,70.0,70.0,70.0,14
2020-03-24,Virginia,Government,48.0,46.0,48.0,15
2020-03-24,Virginia,Drug Store,79.0,72.0,80.0,16
2020-03-24,Virginia,Office,42.0,44.0,42.0,17
2020-03-24,Virginia,Hotel,51.0,49.0,51.0,18
2020-03-24,Virginia,Arts & Entertainment,67.0,61.0,67.0,19
2020-03-24,Virginia,Sports,85.0,79.0,86.0,20
2020-03-24,Virginia,Discount Stores,79.0,64.0,80.0,21
2020-03-24,Virginia,Travel & Transport,72.0,72.0,72.0,22
2020-03-24,Virginia,Airport,28.0,20.0,28.0,23
2020-03-24,Virginia,Colleges & Universities,24.0,38.0,24.0,24
2020-03-24,Virginia,Fitness Center,27.0,24.0,27.0,25
2020-03-24,Virginia,Banks,63.0,55.0,63.0,26
2020-03-24,Virginia,Alcohol,83.0,72.0,83.0,27
2020-03-24,Virginia,Beach,116.0,"",117.0,28
2020-03-24,Virginia,Metro Stations,17.0,"",17.0,29
2020-03-24,Virginia,Bus,39.0,"",39.0,30
2020-03-25,Virginia,Shops & Services,52.0,40.0,52.0,1
2020-03-25,Virginia,Food,46.0,38.0,47.0,2
2020-03-25,Virginia,Grocery,78.0,58.0,79.0,3
2020-03-25,Virginia,Gas Stations,66.0,55.0,67.0,4
2020-03-25,Virginia,Outdoors & Recreation,67.0,59.0,67.0,5
2020-03-25,Virginia,Fast Food Restaurants,55.0,44.0,56.0,6
2020-03-25,Virginia,Big Box Stores,75.0,64.0,76.0,7
2020-03-25,Virginia,Convenience Store,61.0,54.0,61.0,8
2020-03-25,Virginia,Medical,46.0,34.0,47.0,9
2020-03-25,Virginia,Professional & Other Places,58.0,45.0,58.0,10
2020-03-25,Virginia,Residences,63.0,48.0,64.0,11
2020-03-25,Virginia,School,26.0,32.0,26.0,12
2020-03-25,Virginia,Hardware Stores,83.0,69.0,84.0,13
2020-03-25,Virginia,Government,42.0,34.0,42.0,14
2020-03-25,Virginia,Drug Store,70.0,59.0,71.0,15
2020-03-25,Virginia,Nightlife Spots,49.0,51.0,49.0,16
2020-03-25,Virginia,Office,34.0,39.0,34.0,17
2020-03-25,Virginia,Hotel,42.0,40.0,42.0,18
2020-03-25,Virginia,Discount Stores,73.0,65.0,73.0,19
2020-03-25,Virginia,Travel & Transport,67.0,68.0,67.0,20
2020-03-25,Virginia,Arts & Entertainment,52.0,50.0,52.0,21
2020-03-25,Virginia,Airport,22.0,17.0,22.0,22
2020-03-25,Virginia,Sports,57.0,57.0,57.0,23
2020-03-25,Virginia,Colleges & Universities,21.0,35.0,21.0,24
2020-03-25,Virginia,Fitness Center,21.0,22.0,21.0,25
2020-03-25,Virginia,Banks,55.0,45.0,56.0,26
2020-03-25,Virginia,Alcohol,78.0,66.0,78.0,27
2020-03-25,Virginia,Bus,39.0,"",39.0,28
2020-03-25,Virginia,Metro Stations,15.0,"",15.0,29
2020-03-25,Virginia,Beach,81.0,"",82.0,30
2020-03-26,Virginia,Shops & Services,60.0,57.0,60.0,1
2020-03-26,Virginia,Food,51.0,46.0,51.0,2
2020-03-26,Virginia,Grocery,86.0,80.0,86.0,3
2020-03-26,Virginia,Outdoors & Recreation,108.0,105.0,108.0,4
2020-03-26,Virginia,Gas Stations,75.0,68.0,76.0,5
2020-03-26,Virginia,Fast Food Restaurants,61.0,51.0,61.0,6
2020-03-26,Virginia,Big Box Stores,75.0,64.0,76.0,7
2020-03-26,Virginia,Convenience Store,70.0,63.0,70.0,8
2020-03-26,Virginia,Professional & Other Places,72.0,72.0,72.0,9
2020-03-26,Virginia,Residences,84.0,90.0,84.0,10
2020-03-26,Virginia,Medical,51.0,43.0,51.0,11
2020-03-26,Virginia,School,36.0,45.0,36.0,12
2020-03-26,Virginia,Hardware Stores,107.0,92.0,108.0,13
2020-03-26,Virginia,Nightlife Spots,68.0,67.0,68.0,14
2020-03-26,Virginia,Government,49.0,45.0,49.0,15
2020-03-26,Virginia,Office,45.0,51.0,44.0,16
2020-03-26,Virginia,Drug Store,76.0,70.0,76.0,17
2020-03-26,Virginia,Sports,98.0,120.0,97.0,18
2020-03-26,Virginia,Arts & Entertainment,70.0,62.0,71.0,19
2020-03-26,Virginia,Hotel,48.0,43.0,48.0,20
2020-03-26,Virginia,Discount Stores,75.0,63.0,76.0,21
2020-03-26,Virginia,Travel & Transport,76.0,84.0,76.0,22
2020-03-26,Virginia,Airport,21.0,21.0,21.0,23
2020-03-26,Virginia,Colleges & Universities,25.0,49.0,24.0,24
2020-03-26,Virginia,Fitness Center,26.0,25.0,27.0,25
2020-03-26,Virginia,Banks,60.0,51.0,60.0,26
2020-03-26,Virginia,Alcohol,90.0,69.0,91.0,27
2020-03-26,Virginia,Beach,117.0,"",117.0,28
2020-03-26,Virginia,Bus,46.0,"",46.0,29
2020-03-26,Virginia,Metro Stations,16.0,"",16.0,30
2020-03-27,Virginia,Shops & Services,55.0,47.0,56.0,1
2020-03-27,Virginia,Food,49.0,42.0,49.0,2
2020-03-27,Virginia,Grocery,82.0,65.0,83.0,3
2020-03-27,Virginia,Outdoors & Recreation,105.0,101.0,105.0,4
2020-03-27,Virginia,Gas Stations,73.0,62.0,73.0,5
2020-03-27,Virginia,Fast Food Restaurants,62.0,54.0,62.0,6
2020-03-27,Virginia,Big Box Stores,71.0,57.0,71.0,7
2020-03-27,Virginia,Convenience Store,69.0,61.0,69.0,8
2020-03-27,Virginia,Professional & Other Places,73.0,70.0,73.0,9
2020-03-27,Virginia,Residences,81.0,75.0,81.0,10
2020-03-27,Virginia,Medical,54.0,47.0,54.0,11
2020-03-27,Virginia,School,37.0,49.0,37.0,12
2020-03-27,Virginia,Hardware Stores,108.0,93.0,109.0,13
2020-03-27,Virginia,Nightlife Spots,60.0,70.0,60.0,14
2020-03-27,Virginia,Government,52.0,54.0,52.0,15
2020-03-27,Virginia,Drug Store,73.0,64.0,74.0,16
2020-03-27,Virginia,Sports,105.0,127.0,104.0,17
2020-03-27,Virginia,Arts & Entertainment,69.0,73.0,69.0,18
2020-03-27,Virginia,Hotel,49.0,45.0,49.0,19
2020-03-27,Virginia,Office,48.0,52.0,48.0,20
2020-03-27,Virginia,Discount Stores,74.0,68.0,74.0,21
2020-03-27,Virginia,Travel & Transport,72.0,77.0,72.0,22
2020-03-27,Virginia,Airport,17.0,13.0,18.0,23
2020-03-27,Virginia,Colleges & Universities,31.0,52.0,31.0,24
2020-03-27,Virginia,Banks,62.0,51.0,63.0,25
2020-03-27,Virginia,Fitness Center,30.0,24.0,30.0,26
2020-03-27,Virginia,Alcohol,85.0,75.0,85.0,27
2020-03-27,Virginia,Beach,144.0,149.0,143.0,28
2020-03-27,Virginia,Bus,52.0,"",52.0,29
2020-03-27,Virginia,Metro Stations,17.0,"",17.0,30
2020-03-28,Virginia,Shops & Services,42.0,37.0,42.0,1
2020-03-28,Virginia,Food,41.0,37.0,41.0,2
2020-03-28,Virginia,Grocery,77.0,62.0,78.0,3
2020-03-28,Virginia,Outdoors & Recreation,86.0,76.0,86.0,4
2020-03-28,Virginia,Gas Stations,69.0,62.0,69.0,5
2020-03-28,Virginia,Big Box Stores,71.0,58.0,71.0,6
2020-03-28,Virginia,Fast Food Restaurants,55.0,50.0,55.0,7
2020-03-28,Virginia,Convenience Store,66.0,61.0,66.0,8
2020-03-28,Virginia,Hardware Stores,112.0,91.0,113.0,9
2020-03-28,Virginia,Residences,65.0,56.0,66.0,10
2020-03-28,Virginia,Professional & Other Places,63.0,58.0,63.0,11
2020-03-28,Virginia,School,45.0,45.0,45.0,12
2020-03-28,Virginia,Nightlife Spots,46.0,48.0,46.0,13
2020-03-28,Virginia,Medical,58.0,57.0,58.0,14
2020-03-28,Virginia,Discount Stores,67.0,54.0,68.0,15
2020-03-28,Virginia,Arts & Entertainment,46.0,38.0,46.0,16
2020-03-28,Virginia,Drug Store,66.0,60.0,67.0,17
2020-03-28,Virginia,Hotel,38.0,32.0,38.0,18
2020-03-28,Virginia,Sports,68.0,76.0,67.0,19
2020-03-28,Virginia,Travel & Transport,72.0,51.0,73.0,20
2020-03-28,Virginia,Government,62.0,56.0,63.0,21
2020-03-28,Virginia,Airport,20.0,13.0,20.0,22
2020-03-28,Virginia,Office,64.0,66.0,64.0,23
2020-03-28,Virginia,Fitness Center,23.0,18.0,23.0,24
2020-03-28,Virginia,Banks,61.0,62.0,61.0,25
2020-03-28,Virginia,Colleges & Universities,31.0,40.0,31.0,26
2020-03-28,Virginia,Alcohol,70.0,60.0,70.0,27
2020-03-28,Virginia,Beach,135.0,"",135.0,28
2020-03-29,Virginia,Food,37.0,33.0,37.0,1
2020-03-29,Virginia,Shops & Services,39.0,39.0,39.0,2
2020-03-29,Virginia,Grocery,60.0,53.0,61.0,3
2020-03-29,Virginia,Outdoors & Recreation,81.0,69.0,81.0,4
2020-03-29,Virginia,Gas Stations,64.0,57.0,64.0,5
2020-03-29,Virginia,Big Box Stores,62.0,57.0,62.0,6
2020-03-29,Virginia,Fast Food Restaurants,56.0,55.0,56.0,7
2020-03-29,Virginia,Convenience Store,62.0,55.0,62.0,8
2020-03-29,Virginia,Residences,55.0,60.0,54.0,9
2020-03-29,Virginia,Hardware Stores,106.0,80.0,107.0,10
2020-03-29,Virginia,Professional & Other Places,62.0,57.0,62.0,11
2020-03-29,Virginia,School,51.0,57.0,51.0,12
2020-03-29,Virginia,Nightlife Spots,43.0,48.0,43.0,13
2020-03-29,Virginia,Sports,70.0,85.0,70.0,14
2020-03-29,Virginia,Arts & Entertainment,49.0,46.0,49.0,15
2020-03-29,Virginia,Discount Stores,60.0,44.0,61.0,16
2020-03-29,Virginia,Drug Store,59.0,49.0,60.0,17
2020-03-29,Virginia,Hotel,33.0,35.0,33.0,18
2020-03-29,Virginia,Travel & Transport,63.0,64.0,63.0,19
2020-03-29,Virginia,Medical,52.0,42.0,53.0,20
2020-03-29,Virginia,Government,58.0,56.0,58.0,21
2020-03-29,Virginia,Airport,16.0,"",16.0,22
2020-03-29,Virginia,Colleges & Universities,33.0,45.0,33.0,23
2020-03-29,Virginia,Fitness Center,24.0,23.0,24.0,24
2020-03-29,Virginia,Office,58.0,67.0,58.0,25
2020-03-29,Virginia,Banks,64.0,"",65.0,26
2020-03-29,Virginia,Alcohol,64.0,"",64.0,27
2020-03-29,Virginia,Beach,113.0,"",113.0,28
2020-03-30,Virginia,Shops & Services,60.0,52.0,61.0,1
2020-03-30,Virginia,Food,53.0,46.0,53.0,2
2020-03-30,Virginia,Grocery,88.0,79.0,88.0,3
2020-03-30,Virginia,Gas Stations,74.0,68.0,74.0,4
2020-03-30,Virginia,Outdoors & Recreation,88.0,87.0,88.0,5
2020-03-30,Virginia,Fast Food Restaurants,62.0,54.0,62.0,6
2020-03-30,Virginia,Big Box Stores,77.0,68.0,78.0,7
2020-03-30,Virginia,Convenience Store,70.0,60.0,70.0,8
2020-03-30,Virginia,Professional & Other Places,72.0,67.0,72.0,9
2020-03-30,Virginia,Residences,71.0,68.0,71.0,10
2020-03-30,Virginia,Medical,50.0,40.0,51.0,11
2020-03-30,Virginia,School,41.0,50.0,40.0,12
2020-03-30,Virginia,Hardware Stores,125.0,101.0,126.0,13
2020-03-30,Virginia,Nightlife Spots,64.0,63.0,64.0,14
2020-03-30,Virginia,Government,53.0,52.0,53.0,15
2020-03-30,Virginia,Arts & Entertainment,67.0,68.0,67.0,16
2020-03-30,Virginia,Drug Store,75.0,66.0,76.0,17
2020-03-30,Virginia,Office,44.0,46.0,44.0,18
2020-03-30,Virginia,Sports,78.0,81.0,77.0,19
2020-03-30,Virginia,Hotel,46.0,45.0,46.0,20
2020-03-30,Virginia,Discount Stores,79.0,63.0,79.0,21
2020-03-30,Virginia,Travel & Transport,64.0,75.0,64.0,22
2020-03-30,Virginia,Airport,17.0,14.0,18.0,23
2020-03-30,Virginia,Colleges & Universities,23.0,50.0,23.0,24
2020-03-30,Virginia,Banks,75.0,56.0,76.0,25
2020-03-30,Virginia,Fitness Center,28.0,25.0,28.0,26
2020-03-30,Virginia,Alcohol,95.0,82.0,96.0,27
2020-03-30,Virginia,Bus,53.0,"",53.0,28
2020-03-30,Virginia,Beach,86.0,"",87.0,29
2020-03-30,Virginia,Metro Stations,17.0,"",17.0,30
2020-03-31,Virginia,Shops & Services,50.0,46.0,50.0,1
2020-03-31,Virginia,Food,42.0,38.0,43.0,2
2020-03-31,Virginia,Grocery,71.0,65.0,71.0,3
2020-03-31,Virginia,Gas Stations,63.0,57.0,63.0,4
2020-03-31,Virginia,Outdoors & Recreation,69.0,62.0,70.0,5
2020-03-31,Virginia,Fast Food Restaurants,53.0,47.0,53.0,6
2020-03-31,Virginia,Big Box Stores,69.0,68.0,69.0,7
2020-03-31,Virginia,Convenience Store,62.0,54.0,62.0,8
2020-03-31,Virginia,Professional & Other Places,56.0,48.0,57.0,9
2020-03-31,Virginia,Medical,40.0,33.0,40.0,10
2020-03-31,Virginia,Residences,60.0,59.0,60.0,11
2020-03-31,Virginia,School,26.0,36.0,26.0,12
2020-03-31,Virginia,Hardware Stores,85.0,72.0,86.0,13
2020-03-31,Virginia,Government,39.0,42.0,39.0,14
2020-03-31,Virginia,Nightlife Spots,54.0,63.0,54.0,15
2020-03-31,Virginia,Office,33.0,39.0,33.0,16
2020-03-31,Virginia,Drug Store,61.0,58.0,61.0,17
2020-03-31,Virginia,Hotel,38.0,40.0,38.0,18
2020-03-31,Virginia,Arts & Entertainment,54.0,47.0,54.0,19
2020-03-31,Virginia,Discount Stores,62.0,46.0,63.0,20
2020-03-31,Virginia,Sports,65.0,65.0,65.0,21
2020-03-31,Virginia,Travel & Transport,61.0,54.0,61.0,22
2020-03-31,Virginia,Airport,20.0,14.0,20.0,23
2020-03-31,Virginia,Banks,59.0,54.0,60.0,24
2020-03-31,Virginia,Colleges & Universities,17.0,33.0,17.0,25
2020-03-31,Virginia,Fitness Center,19.0,19.0,19.0,26
2020-03-31,Virginia,Alcohol,74.0,77.0,73.0,27
2020-03-31,Virginia,Bus,33.0,"",33.0,28
2020-04-01,Virginia,Shops & Services,50.0,43.0,50.0,1
2020-04-01,Virginia,Food,43.0,38.0,44.0,2
2020-04-01,Virginia,Grocery,75.0,63.0,76.0,3
2020-04-01,Virginia,Gas Stations,65.0,54.0,65.0,4
2020-04-01,Virginia,Outdoors & Recreation,71.0,65.0,71.0,5
2020-04-01,Virginia,Fast Food Restaurants,53.0,42.0,53.0,6
2020-04-01,Virginia,Big Box Stores,72.0,59.0,73.0,7
2020-04-01,Virginia,Professional & Other Places,60.0,55.0,60.0,8
2020-04-01,Virginia,Convenience Store,60.0,52.0,60.0,9
2020-04-01,Virginia,Residences,62.0,62.0,62.0,10
2020-04-01,Virginia,Medical,40.0,32.0,41.0,11
2020-04-01,Virginia,School,28.0,38.0,28.0,12
2020-04-01,Virginia,Hardware Stores,83.0,65.0,85.0,13
2020-04-01,Virginia,Nightlife Spots,55.0,56.0,55.0,14
2020-04-01,Virginia,Drug Store,72.0,61.0,73.0,15
2020-04-01,Virginia,Government,39.0,43.0,39.0,16
2020-04-01,Virginia,Office,32.0,33.0,32.0,17
2020-04-01,Virginia,Discount Stores,71.0,62.0,72.0,18
2020-04-01,Virginia,Arts & Entertainment,56.0,60.0,55.0,19
2020-04-01,Virginia,Hotel,34.0,30.0,34.0,20
2020-04-01,Virginia,Sports,63.0,61.0,63.0,21
2020-04-01,Virginia,Travel & Transport,59.0,55.0,59.0,22
2020-04-01,Virginia,Airport,20.0,15.0,20.0,23
2020-04-01,Virginia,Banks,66.0,63.0,66.0,24
2020-04-01,Virginia,Colleges & Universities,18.0,37.0,17.0,25
2020-04-01,Virginia,Fitness Center,20.0,19.0,20.0,26
2020-04-01,Virginia,Alcohol,72.0,60.0,72.0,27
2020-04-01,Virginia,Metro Stations,15.0,"",15.0,28
2020-04-01,Virginia,Bus,35.0,"",35.0,29
2020-04-02,Virginia,Shops & Services,51.0,45.0,51.0,1
2020-04-02,Virginia,Food,43.0,40.0,43.0,2
2020-04-02,Virginia,Grocery,73.0,62.0,73.0,3
2020-04-02,Virginia,Gas Stations,62.0,52.0,62.0,4
2020-04-02,Virginia,Outdoors & Recreation,84.0,81.0,84.0,5
2020-04-02,Virginia,Fast Food Restaurants,53.0,48.0,54.0,6
2020-04-02,Virginia,Big Box Stores,67.0,53.0,68.0,7
2020-04-02,Virginia,Convenience Store,60.0,58.0,61.0,8
2020-04-02,Virginia,Professional & Other Places,61.0,67.0,60.0,9
2020-04-02,Virginia,Residences,67.0,72.0,67.0,10
2020-04-02,Virginia,Medical,40.0,32.0,41.0,11
2020-04-02,Virginia,School,29.0,37.0,28.0,12
2020-04-02,Virginia,Hardware Stores,99.0,81.0,100.0,13
2020-04-02,Virginia,Nightlife Spots,58.0,66.0,57.0,14
2020-04-02,Virginia,Government,41.0,39.0,41.0,15
2020-04-02,Virginia,Drug Store,66.0,63.0,67.0,16
2020-04-02,Virginia,Office,36.0,44.0,36.0,17
2020-04-02,Virginia,Arts & Entertainment,58.0,56.0,58.0,18
2020-04-02,Virginia,Sports,77.0,96.0,76.0,19
2020-04-02,Virginia,Discount Stores,66.0,64.0,66.0,20
2020-04-02,Virginia,Hotel,36.0,32.0,37.0,21
2020-04-02,Virginia,Travel & Transport,60.0,53.0,60.0,22
2020-04-02,Virginia,Airport,16.0,14.0,16.0,23
2020-04-02,Virginia,Banks,70.0,71.0,70.0,24
2020-04-02,Virginia,Colleges & Universities,19.0,41.0,19.0,25
2020-04-02,Virginia,Fitness Center,22.0,21.0,22.0,26
2020-04-02,Virginia,Alcohol,74.0,60.0,75.0,27
2020-04-02,Virginia,Metro Stations,15.0,"",15.0,28
2020-04-02,Virginia,Bus,39.0,"",39.0,29
