2020-03-01,Kansas,Food,55.0,56.0,55.0,1
2020-03-01,Kansas,Shops & Services,35.0,31.0,35.0,2
2020-03-01,Kansas,Grocery,97.0,94.0,97.0,3
2020-03-01,Kansas,Big Box Stores,102.0,101.0,102.0,4
2020-03-01,Kansas,Fast Food Restaurants,110.0,116.0,110.0,5
2020-03-01,Kansas,Outdoors & Recreation,67.0,58.0,67.0,6
2020-03-01,Kansas,Gas Stations,108.0,115.0,108.0,7
2020-03-01,Kansas,Nightlife Spots,76.0,70.0,76.0,8
2020-03-01,Kansas,Arts & Entertainment,86.0,82.0,86.0,9
2020-03-01,Kansas,School,62.0,56.0,63.0,10
2020-03-01,Kansas,Convenience Store,104.0,98.0,105.0,11
2020-03-01,Kansas,Professional & Other Places,24.0,16.0,24.0,12
2020-03-01,Kansas,Hardware Stores,126.0,126.0,126.0,13
2020-03-01,Kansas,Medical,68.0,62.0,68.0,14
2020-03-01,Kansas,Colleges & Universities,80.0,94.0,79.0,15
2020-03-01,Kansas,Hotel,95.0,95.0,95.0,16
2020-03-01,Kansas,Sports,59.0,59.0,59.0,17
2020-03-01,Kansas,Residences,102.0,102.0,102.0,18
2020-03-01,Kansas,Discount Stores,104.0,108.0,104.0,19
2020-03-01,Kansas,Drug Store,94.0,106.0,94.0,20
2020-03-01,Kansas,Fitness Center,59.0,73.0,59.0,21
2020-03-01,Kansas,Alcohol,98.0,130.0,97.0,22
2020-03-01,Kansas,Travel & Transport,70.0,88.0,70.0,23
2020-03-01,Kansas,Government,79.0,104.0,79.0,24
2020-03-01,Kansas,Office,112.0,124.0,111.0,25
2020-03-01,Kansas,Banks,106.0,126.0,106.0,26
2020-03-01,Kansas,Airport,78.0,"",79.0,27
2020-03-02,Kansas,Food,58.0,54.0,58.0,1
2020-03-02,Kansas,Shops & Services,34.0,34.0,34.0,2
2020-03-02,Kansas,School,64.0,64.0,64.0,3
2020-03-02,Kansas,Fast Food Restaurants,110.0,104.0,110.0,4
2020-03-02,Kansas,Medical,60.0,59.0,60.0,5
2020-03-02,Kansas,Grocery,100.0,93.0,100.0,6
2020-03-02,Kansas,Big Box Stores,103.0,95.0,103.0,7
2020-03-02,Kansas,Gas Stations,99.0,91.0,99.0,8
2020-03-02,Kansas,Colleges & Universities,73.0,72.0,73.0,9
2020-03-02,Kansas,Professional & Other Places,21.0,21.0,21.0,10
2020-03-02,Kansas,Outdoors & Recreation,59.0,55.0,59.0,11
2020-03-02,Kansas,Convenience Store,103.0,124.0,102.0,12
2020-03-02,Kansas,Nightlife Spots,59.0,60.0,59.0,13
2020-03-02,Kansas,Arts & Entertainment,84.0,75.0,84.0,14
2020-03-02,Kansas,Office,95.0,98.0,94.0,15
2020-03-02,Kansas,Government,80.0,76.0,80.0,16
2020-03-02,Kansas,Residences,101.0,99.0,101.0,17
2020-03-02,Kansas,Hotel,96.0,113.0,95.0,18
2020-03-02,Kansas,Fitness Center,69.0,67.0,69.0,19
2020-03-02,Kansas,Hardware Stores,108.0,107.0,108.0,20
2020-03-02,Kansas,Drug Store,106.0,103.0,106.0,21
2020-03-02,Kansas,Sports,42.0,41.0,42.0,22
2020-03-02,Kansas,Discount Stores,105.0,97.0,106.0,23
2020-03-02,Kansas,Banks,120.0,135.0,119.0,24
2020-03-02,Kansas,Travel & Transport,77.0,80.0,76.0,25
2020-03-02,Kansas,Alcohol,108.0,118.0,107.0,26
2020-03-02,Kansas,Airport,84.0,74.0,84.0,27
2020-03-03,Kansas,Food,55.0,56.0,55.0,1
2020-03-03,Kansas,Shops & Services,36.0,37.0,36.0,2
2020-03-03,Kansas,School,57.0,55.0,57.0,3
2020-03-03,Kansas,Fast Food Restaurants,109.0,116.0,109.0,4
2020-03-03,Kansas,Grocery,102.0,100.0,102.0,5
2020-03-03,Kansas,Medical,57.0,59.0,57.0,6
2020-03-03,Kansas,Colleges & Universities,84.0,87.0,84.0,7
2020-03-03,Kansas,Professional & Other Places,19.0,18.0,19.0,8
2020-03-03,Kansas,Big Box Stores,103.0,103.0,103.0,9
2020-03-03,Kansas,Gas Stations,100.0,111.0,100.0,10
2020-03-03,Kansas,Outdoors & Recreation,61.0,66.0,61.0,11
2020-03-03,Kansas,Convenience Store,102.0,109.0,101.0,12
2020-03-03,Kansas,Nightlife Spots,65.0,65.0,65.0,13
2020-03-03,Kansas,Office,84.0,93.0,84.0,14
2020-03-03,Kansas,Arts & Entertainment,80.0,82.0,80.0,15
2020-03-03,Kansas,Fitness Center,65.0,67.0,65.0,16
2020-03-03,Kansas,Government,72.0,74.0,72.0,17
2020-03-03,Kansas,Residences,88.0,107.0,87.0,18
2020-03-03,Kansas,Hotel,91.0,105.0,91.0,19
2020-03-03,Kansas,Hardware Stores,112.0,110.0,112.0,20
2020-03-03,Kansas,Sports,41.0,45.0,41.0,21
2020-03-03,Kansas,Discount Stores,108.0,114.0,108.0,22
2020-03-03,Kansas,Drug Store,106.0,119.0,105.0,23
2020-03-03,Kansas,Banks,114.0,97.0,115.0,24
2020-03-03,Kansas,Travel & Transport,76.0,80.0,76.0,24
2020-03-03,Kansas,Alcohol,106.0,96.0,106.0,25
2020-03-03,Kansas,Airport,83.0,77.0,83.0,26
2020-03-04,Kansas,Food,60.0,62.0,60.0,1
2020-03-04,Kansas,Shops & Services,38.0,40.0,38.0,2
2020-03-04,Kansas,School,61.0,65.0,61.0,3
2020-03-04,Kansas,Fast Food Restaurants,111.0,116.0,111.0,4
2020-03-04,Kansas,Medical,61.0,63.0,61.0,5
2020-03-04,Kansas,Grocery,104.0,99.0,105.0,6
2020-03-04,Kansas,Colleges & Universities,82.0,98.0,82.0,7
2020-03-04,Kansas,Outdoors & Recreation,64.0,66.0,64.0,8
2020-03-04,Kansas,Professional & Other Places,20.0,19.0,20.0,9
2020-03-04,Kansas,Big Box Stores,104.0,109.0,103.0,10
2020-03-04,Kansas,Gas Stations,100.0,100.0,100.0,11
2020-03-04,Kansas,Convenience Store,103.0,102.0,103.0,12
2020-03-04,Kansas,Nightlife Spots,62.0,59.0,63.0,13
2020-03-04,Kansas,Arts & Entertainment,77.0,79.0,77.0,14
2020-03-04,Kansas,Office,90.0,101.0,90.0,15
2020-03-04,Kansas,Residences,92.0,103.0,92.0,16
2020-03-04,Kansas,Government,75.0,72.0,75.0,17
2020-03-04,Kansas,Hotel,91.0,105.0,91.0,18
2020-03-04,Kansas,Fitness Center,67.0,69.0,67.0,19
2020-03-04,Kansas,Hardware Stores,110.0,126.0,110.0,20
2020-03-04,Kansas,Sports,46.0,56.0,46.0,21
2020-03-04,Kansas,Drug Store,110.0,94.0,111.0,22
2020-03-04,Kansas,Discount Stores,109.0,114.0,109.0,23
2020-03-04,Kansas,Travel & Transport,94.0,89.0,95.0,24
2020-03-04,Kansas,Banks,112.0,135.0,111.0,25
2020-03-04,Kansas,Alcohol,110.0,103.0,110.0,26
2020-03-04,Kansas,Airport,85.0,87.0,85.0,27
2020-03-05,Kansas,Food,57.0,56.0,57.0,1
2020-03-05,Kansas,Shops & Services,37.0,37.0,37.0,2
2020-03-05,Kansas,School,65.0,65.0,65.0,3
2020-03-05,Kansas,Fast Food Restaurants,110.0,104.0,110.0,4
2020-03-05,Kansas,Medical,61.0,62.0,61.0,5
2020-03-05,Kansas,Grocery,105.0,111.0,105.0,6
2020-03-05,Kansas,Colleges & Universities,95.0,88.0,95.0,7
2020-03-05,Kansas,Big Box Stores,108.0,111.0,108.0,8
2020-03-05,Kansas,Gas Stations,104.0,102.0,104.0,9
2020-03-05,Kansas,Professional & Other Places,21.0,19.0,21.0,10
2020-03-05,Kansas,Outdoors & Recreation,61.0,57.0,61.0,11
2020-03-05,Kansas,Convenience Store,109.0,109.0,109.0,12
2020-03-05,Kansas,Nightlife Spots,68.0,66.0,68.0,13
2020-03-05,Kansas,Arts & Entertainment,94.0,91.0,94.0,14
2020-03-05,Kansas,Office,90.0,92.0,90.0,15
2020-03-05,Kansas,Residences,119.0,126.0,119.0,16
2020-03-05,Kansas,Government,77.0,73.0,78.0,17
2020-03-05,Kansas,Hotel,95.0,77.0,96.0,18
2020-03-05,Kansas,Hardware Stores,123.0,133.0,122.0,19
2020-03-05,Kansas,Fitness Center,65.0,61.0,65.0,20
2020-03-05,Kansas,Sports,45.0,45.0,46.0,21
2020-03-05,Kansas,Discount Stores,106.0,115.0,106.0,22
2020-03-05,Kansas,Drug Store,101.0,97.0,101.0,23
2020-03-05,Kansas,Travel & Transport,75.0,88.0,74.0,24
2020-03-05,Kansas,Banks,113.0,108.0,113.0,25
2020-03-05,Kansas,Alcohol,102.0,101.0,102.0,26
2020-03-05,Kansas,Airport,78.0,115.0,77.0,27
2020-03-06,Kansas,Food,54.0,51.0,54.0,1
2020-03-06,Kansas,Shops & Services,35.0,34.0,35.0,2
2020-03-06,Kansas,Fast Food Restaurants,107.0,108.0,107.0,3
2020-03-06,Kansas,School,59.0,65.0,58.0,4
2020-03-06,Kansas,Grocery,96.0,94.0,96.0,5
2020-03-06,Kansas,Medical,59.0,61.0,59.0,6
2020-03-06,Kansas,Gas Stations,103.0,102.0,103.0,7
2020-03-06,Kansas,Big Box Stores,98.0,95.0,99.0,8
2020-03-06,Kansas,Outdoors & Recreation,62.0,59.0,62.0,9
2020-03-06,Kansas,Professional & Other Places,22.0,18.0,22.0,10
2020-03-06,Kansas,Convenience Store,110.0,111.0,110.0,11
2020-03-06,Kansas,Colleges & Universities,82.0,76.0,82.0,12
2020-03-06,Kansas,Nightlife Spots,66.0,65.0,66.0,13
2020-03-06,Kansas,Arts & Entertainment,84.0,83.0,84.0,14
2020-03-06,Kansas,Office,91.0,83.0,92.0,15
2020-03-06,Kansas,Hotel,96.0,82.0,97.0,16
2020-03-06,Kansas,Hardware Stores,113.0,114.0,113.0,17
2020-03-06,Kansas,Residences,85.0,78.0,85.0,18
2020-03-06,Kansas,Government,76.0,80.0,75.0,19
2020-03-06,Kansas,Fitness Center,62.0,54.0,62.0,20
2020-03-06,Kansas,Sports,45.0,46.0,45.0,21
2020-03-06,Kansas,Discount Stores,97.0,98.0,97.0,22
2020-03-06,Kansas,Drug Store,98.0,89.0,99.0,23
2020-03-06,Kansas,Banks,108.0,97.0,109.0,24
2020-03-06,Kansas,Travel & Transport,94.0,104.0,94.0,25
2020-03-06,Kansas,Alcohol,94.0,111.0,93.0,26
2020-03-06,Kansas,Airport,76.0,77.0,76.0,27
2020-03-07,Kansas,Food,55.0,52.0,55.0,1
2020-03-07,Kansas,Shops & Services,34.0,30.0,35.0,2
2020-03-07,Kansas,Fast Food Restaurants,105.0,99.0,105.0,3
2020-03-07,Kansas,Grocery,94.0,88.0,94.0,4
2020-03-07,Kansas,Big Box Stores,99.0,92.0,100.0,5
2020-03-07,Kansas,Outdoors & Recreation,62.0,60.0,62.0,6
2020-03-07,Kansas,Gas Stations,108.0,97.0,108.0,7
2020-03-07,Kansas,Nightlife Spots,70.0,68.0,70.0,8
2020-03-07,Kansas,Arts & Entertainment,85.0,77.0,85.0,9
2020-03-07,Kansas,School,58.0,56.0,58.0,10
2020-03-07,Kansas,Convenience Store,104.0,104.0,104.0,11
2020-03-07,Kansas,Professional & Other Places,26.0,21.0,26.0,12
2020-03-07,Kansas,Hardware Stores,120.0,124.0,119.0,13
2020-03-07,Kansas,Hotel,104.0,96.0,105.0,14
2020-03-07,Kansas,Medical,62.0,58.0,62.0,15
2020-03-07,Kansas,Colleges & Universities,81.0,67.0,81.0,16
2020-03-07,Kansas,Residences,82.0,87.0,82.0,17
2020-03-07,Kansas,Sports,46.0,44.0,46.0,18
2020-03-07,Kansas,Discount Stores,103.0,87.0,103.0,19
2020-03-07,Kansas,Fitness Center,58.0,60.0,58.0,20
2020-03-07,Kansas,Drug Store,95.0,79.0,96.0,21
2020-03-07,Kansas,Alcohol,102.0,92.0,103.0,22
2020-03-07,Kansas,Travel & Transport,78.0,78.0,78.0,23
2020-03-07,Kansas,Government,83.0,72.0,83.0,24
2020-03-07,Kansas,Office,99.0,100.0,99.0,25
2020-03-07,Kansas,Banks,92.0,79.0,92.0,26
2020-03-07,Kansas,Airport,94.0,"",94.0,27
2020-03-08,Kansas,Food,55.0,52.0,55.0,1
2020-03-08,Kansas,Shops & Services,34.0,30.0,34.0,2
2020-03-08,Kansas,Grocery,98.0,95.0,98.0,3
2020-03-08,Kansas,Big Box Stores,104.0,103.0,104.0,4
2020-03-08,Kansas,Fast Food Restaurants,111.0,106.0,111.0,5
2020-03-08,Kansas,Outdoors & Recreation,60.0,53.0,60.0,6
2020-03-08,Kansas,Gas Stations,111.0,103.0,111.0,7
2020-03-08,Kansas,Nightlife Spots,72.0,68.0,72.0,8
2020-03-08,Kansas,Arts & Entertainment,88.0,77.0,88.0,9
2020-03-08,Kansas,Convenience Store,108.0,89.0,108.0,10
2020-03-08,Kansas,School,61.0,47.0,62.0,11
2020-03-08,Kansas,Professional & Other Places,22.0,16.0,22.0,12
2020-03-08,Kansas,Hardware Stores,124.0,123.0,124.0,13
2020-03-08,Kansas,Hotel,106.0,94.0,106.0,14
2020-03-08,Kansas,Medical,68.0,65.0,68.0,15
2020-03-08,Kansas,Residences,104.0,121.0,104.0,16
2020-03-08,Kansas,Sports,58.0,57.0,58.0,17
2020-03-08,Kansas,Colleges & Universities,83.0,151.0,82.0,18
2020-03-08,Kansas,Discount Stores,107.0,98.0,107.0,19
2020-03-08,Kansas,Drug Store,108.0,124.0,108.0,20
2020-03-08,Kansas,Fitness Center,62.0,53.0,63.0,21
2020-03-08,Kansas,Travel & Transport,82.0,86.0,82.0,22
2020-03-08,Kansas,Government,91.0,87.0,91.0,23
2020-03-08,Kansas,Alcohol,101.0,121.0,100.0,24
2020-03-08,Kansas,Office,105.0,"",106.0,25
2020-03-08,Kansas,Banks,95.0,"",95.0,26
2020-03-08,Kansas,Airport,94.0,"",94.0,27
2020-03-09,Kansas,Food,54.0,50.0,54.0,1
2020-03-09,Kansas,Shops & Services,30.0,28.0,30.0,2
2020-03-09,Kansas,School,55.0,54.0,55.0,3
2020-03-09,Kansas,Fast Food Restaurants,104.0,93.0,104.0,4
2020-03-09,Kansas,Medical,57.0,52.0,57.0,5
2020-03-09,Kansas,Grocery,99.0,86.0,99.0,6
2020-03-09,Kansas,Big Box Stores,103.0,88.0,103.0,7
2020-03-09,Kansas,Gas Stations,94.0,82.0,95.0,8
2020-03-09,Kansas,Professional & Other Places,21.0,19.0,21.0,9
2020-03-09,Kansas,Outdoors & Recreation,49.0,41.0,49.0,10
2020-03-09,Kansas,Convenience Store,97.0,100.0,97.0,11
2020-03-09,Kansas,Colleges & Universities,46.0,66.0,46.0,12
2020-03-09,Kansas,Nightlife Spots,68.0,70.0,68.0,13
2020-03-09,Kansas,Arts & Entertainment,73.0,72.0,73.0,14
2020-03-09,Kansas,Office,85.0,88.0,84.0,15
2020-03-09,Kansas,Government,73.0,74.0,73.0,16
2020-03-09,Kansas,Hardware Stores,106.0,86.0,107.0,17
2020-03-09,Kansas,Residences,91.0,89.0,91.0,18
2020-03-09,Kansas,Fitness Center,64.0,61.0,65.0,19
2020-03-09,Kansas,Hotel,88.0,91.0,88.0,20
2020-03-09,Kansas,Discount Stores,104.0,79.0,105.0,21
2020-03-09,Kansas,Drug Store,98.0,82.0,99.0,22
2020-03-09,Kansas,Banks,109.0,97.0,109.0,23
2020-03-09,Kansas,Sports,35.0,35.0,35.0,24
2020-03-09,Kansas,Travel & Transport,68.0,66.0,68.0,25
2020-03-09,Kansas,Alcohol,105.0,106.0,105.0,26
2020-03-09,Kansas,Airport,81.0,55.0,82.0,27
2020-03-10,Kansas,Food,56.0,53.0,56.0,1
2020-03-10,Kansas,Shops & Services,34.0,32.0,35.0,2
2020-03-10,Kansas,School,50.0,48.0,50.0,3
2020-03-10,Kansas,Medical,55.0,53.0,55.0,4
2020-03-10,Kansas,Fast Food Restaurants,98.0,103.0,98.0,5
2020-03-10,Kansas,Grocery,92.0,89.0,92.0,6
2020-03-10,Kansas,Professional & Other Places,18.0,18.0,18.0,7
2020-03-10,Kansas,Big Box Stores,100.0,99.0,100.0,8
2020-03-10,Kansas,Gas Stations,96.0,95.0,96.0,9
2020-03-10,Kansas,Outdoors & Recreation,55.0,54.0,55.0,10
2020-03-10,Kansas,Convenience Store,101.0,103.0,101.0,11
2020-03-10,Kansas,Colleges & Universities,46.0,70.0,46.0,12
2020-03-10,Kansas,Nightlife Spots,79.0,79.0,79.0,13
2020-03-10,Kansas,Office,85.0,97.0,85.0,14
2020-03-10,Kansas,Arts & Entertainment,78.0,78.0,78.0,15
2020-03-10,Kansas,Government,68.0,67.0,68.0,16
2020-03-10,Kansas,Hotel,87.0,100.0,87.0,17
2020-03-10,Kansas,Hardware Stores,113.0,114.0,113.0,18
2020-03-10,Kansas,Residences,102.0,107.0,102.0,19
2020-03-10,Kansas,Fitness Center,58.0,58.0,58.0,20
2020-03-10,Kansas,Sports,38.0,39.0,38.0,21
2020-03-10,Kansas,Discount Stores,107.0,110.0,107.0,22
2020-03-10,Kansas,Drug Store,101.0,101.0,101.0,23
2020-03-10,Kansas,Banks,104.0,107.0,103.0,24
2020-03-10,Kansas,Travel & Transport,64.0,66.0,64.0,25
2020-03-10,Kansas,Alcohol,104.0,88.0,104.0,26
2020-03-10,Kansas,Airport,79.0,74.0,79.0,27
2020-03-11,Kansas,Food,59.0,57.0,59.0,1
2020-03-11,Kansas,Shops & Services,38.0,37.0,38.0,2
2020-03-11,Kansas,School,53.0,64.0,53.0,3
2020-03-11,Kansas,Fast Food Restaurants,110.0,123.0,110.0,4
2020-03-11,Kansas,Grocery,103.0,102.0,103.0,5
2020-03-11,Kansas,Medical,58.0,57.0,58.0,6
2020-03-11,Kansas,Outdoors & Recreation,68.0,66.0,68.0,7
2020-03-11,Kansas,Gas Stations,105.0,109.0,105.0,8
2020-03-11,Kansas,Big Box Stores,105.0,113.0,105.0,9
2020-03-11,Kansas,Professional & Other Places,19.0,18.0,19.0,10
2020-03-11,Kansas,Convenience Store,108.0,101.0,109.0,11
2020-03-11,Kansas,Nightlife Spots,75.0,77.0,75.0,12
2020-03-11,Kansas,Colleges & Universities,61.0,84.0,60.0,13
2020-03-11,Kansas,Arts & Entertainment,94.0,102.0,94.0,14
2020-03-11,Kansas,Office,92.0,92.0,92.0,15
2020-03-11,Kansas,Hotel,93.0,89.0,93.0,16
2020-03-11,Kansas,Government,73.0,67.0,73.0,17
2020-03-11,Kansas,Hardware Stores,119.0,119.0,119.0,18
2020-03-11,Kansas,Residences,86.0,103.0,85.0,19
2020-03-11,Kansas,Fitness Center,60.0,57.0,60.0,20
2020-03-11,Kansas,Sports,46.0,53.0,45.0,21
2020-03-11,Kansas,Discount Stores,112.0,106.0,112.0,22
2020-03-11,Kansas,Drug Store,104.0,106.0,104.0,23
2020-03-11,Kansas,Travel & Transport,93.0,112.0,93.0,24
2020-03-11,Kansas,Banks,107.0,118.0,107.0,25
2020-03-11,Kansas,Alcohol,123.0,114.0,123.0,26
2020-03-11,Kansas,Airport,75.0,64.0,76.0,27
2020-03-12,Kansas,Food,58.0,54.0,58.0,1
2020-03-12,Kansas,Shops & Services,36.0,36.0,36.0,2
2020-03-12,Kansas,Grocery,125.0,131.0,125.0,3
2020-03-12,Kansas,Fast Food Restaurants,108.0,106.0,108.0,4
2020-03-12,Kansas,School,57.0,59.0,57.0,5
2020-03-12,Kansas,Big Box Stores,120.0,118.0,121.0,6
2020-03-12,Kansas,Medical,56.0,54.0,56.0,7
2020-03-12,Kansas,Gas Stations,106.0,105.0,106.0,8
2020-03-12,Kansas,Professional & Other Places,21.0,19.0,21.0,9
2020-03-12,Kansas,Outdoors & Recreation,58.0,55.0,58.0,10
2020-03-12,Kansas,Convenience Store,105.0,99.0,105.0,11
2020-03-12,Kansas,Nightlife Spots,79.0,72.0,79.0,12
2020-03-12,Kansas,Colleges & Universities,50.0,58.0,50.0,13
2020-03-12,Kansas,Arts & Entertainment,91.0,88.0,91.0,14
2020-03-12,Kansas,Office,86.0,86.0,86.0,15
2020-03-12,Kansas,Hardware Stores,126.0,132.0,126.0,16
2020-03-12,Kansas,Government,74.0,80.0,74.0,17
2020-03-12,Kansas,Residences,88.0,99.0,87.0,18
2020-03-12,Kansas,Hotel,90.0,79.0,90.0,19
2020-03-12,Kansas,Discount Stores,126.0,132.0,126.0,20
2020-03-12,Kansas,Fitness Center,56.0,44.0,57.0,21
2020-03-12,Kansas,Drug Store,120.0,113.0,120.0,22
2020-03-12,Kansas,Sports,45.0,44.0,45.0,23
2020-03-12,Kansas,Travel & Transport,86.0,79.0,86.0,24
2020-03-12,Kansas,Banks,105.0,94.0,106.0,25
2020-03-12,Kansas,Alcohol,118.0,112.0,118.0,26
2020-03-12,Kansas,Airport,73.0,"",73.0,27
2020-03-13,Kansas,Food,53.0,47.0,53.0,1
2020-03-13,Kansas,Shops & Services,35.0,30.0,35.0,2
2020-03-13,Kansas,Grocery,134.0,123.0,134.0,3
2020-03-13,Kansas,Fast Food Restaurants,104.0,94.0,105.0,4
2020-03-13,Kansas,Big Box Stores,128.0,118.0,128.0,5
2020-03-13,Kansas,Gas Stations,103.0,93.0,103.0,6
2020-03-13,Kansas,Medical,54.0,52.0,54.0,7
2020-03-13,Kansas,Professional & Other Places,19.0,16.0,19.0,8
2020-03-13,Kansas,School,37.0,39.0,37.0,9
2020-03-13,Kansas,Outdoors & Recreation,54.0,47.0,55.0,10
2020-03-13,Kansas,Convenience Store,104.0,95.0,104.0,11
2020-03-13,Kansas,Nightlife Spots,67.0,54.0,68.0,12
2020-03-13,Kansas,Arts & Entertainment,76.0,67.0,76.0,13
2020-03-13,Kansas,Colleges & Universities,42.0,54.0,42.0,14
2020-03-13,Kansas,Hardware Stores,123.0,103.0,124.0,15
2020-03-13,Kansas,Office,80.0,79.0,80.0,16
2020-03-13,Kansas,Discount Stores,137.0,123.0,138.0,17
2020-03-13,Kansas,Hotel,91.0,85.0,91.0,18
2020-03-13,Kansas,Residences,84.0,77.0,85.0,19
2020-03-13,Kansas,Drug Store,129.0,120.0,130.0,20
2020-03-13,Kansas,Government,72.0,75.0,71.0,21
2020-03-13,Kansas,Fitness Center,49.0,44.0,50.0,22
2020-03-13,Kansas,Travel & Transport,66.0,57.0,66.0,23
2020-03-13,Kansas,Banks,104.0,111.0,104.0,24
2020-03-13,Kansas,Sports,37.0,29.0,37.0,25
2020-03-13,Kansas,Alcohol,120.0,129.0,120.0,26
2020-03-13,Kansas,Airport,75.0,72.0,75.0,27
2020-03-14,Kansas,Food,43.0,35.0,43.0,1
2020-03-14,Kansas,Shops & Services,28.0,22.0,28.0,2
2020-03-14,Kansas,Grocery,112.0,99.0,112.0,3
2020-03-14,Kansas,Big Box Stores,103.0,89.0,104.0,4
2020-03-14,Kansas,Fast Food Restaurants,75.0,65.0,76.0,5
2020-03-14,Kansas,Gas Stations,87.0,72.0,87.0,6
2020-03-14,Kansas,Nightlife Spots,52.0,42.0,52.0,7
2020-03-14,Kansas,Outdoors & Recreation,37.0,32.0,37.0,8
2020-03-14,Kansas,Convenience Store,82.0,81.0,82.0,9
2020-03-14,Kansas,Professional & Other Places,22.0,17.0,22.0,10
2020-03-14,Kansas,Arts & Entertainment,50.0,41.0,50.0,11
2020-03-14,Kansas,Hardware Stores,106.0,93.0,106.0,12
2020-03-14,Kansas,School,31.0,26.0,31.0,13
2020-03-14,Kansas,Medical,50.0,43.0,51.0,14
2020-03-14,Kansas,Discount Stores,105.0,90.0,105.0,15
2020-03-14,Kansas,Hotel,70.0,57.0,71.0,16
2020-03-14,Kansas,Drug Store,110.0,95.0,111.0,17
2020-03-14,Kansas,Residences,78.0,55.0,79.0,18
2020-03-14,Kansas,Alcohol,93.0,89.0,93.0,19
2020-03-14,Kansas,Colleges & Universities,42.0,31.0,43.0,20
2020-03-14,Kansas,Fitness Center,38.0,28.0,38.0,21
2020-03-14,Kansas,Sports,25.0,23.0,25.0,22
2020-03-14,Kansas,Travel & Transport,74.0,54.0,74.0,23
2020-03-14,Kansas,Government,65.0,52.0,65.0,24
2020-03-14,Kansas,Office,78.0,79.0,77.0,25
2020-03-14,Kansas,Banks,73.0,60.0,74.0,26
2020-03-14,Kansas,Airport,73.0,"",73.0,27
2020-03-15,Kansas,Food,38.0,34.0,39.0,1
2020-03-15,Kansas,Shops & Services,24.0,22.0,24.0,2
2020-03-15,Kansas,Grocery,92.0,85.0,92.0,3
2020-03-15,Kansas,Big Box Stores,87.0,83.0,87.0,4
2020-03-15,Kansas,Fast Food Restaurants,76.0,71.0,76.0,5
2020-03-15,Kansas,Gas Stations,84.0,71.0,84.0,6
2020-03-15,Kansas,Nightlife Spots,48.0,39.0,48.0,7
2020-03-15,Kansas,Outdoors & Recreation,38.0,33.0,38.0,8
2020-03-15,Kansas,Convenience Store,80.0,64.0,80.0,9
2020-03-15,Kansas,Arts & Entertainment,54.0,43.0,55.0,10
2020-03-15,Kansas,School,42.0,36.0,42.0,11
2020-03-15,Kansas,Professional & Other Places,17.0,12.0,18.0,12
2020-03-15,Kansas,Hardware Stores,102.0,84.0,103.0,13
2020-03-15,Kansas,Discount Stores,101.0,100.0,101.0,14
2020-03-15,Kansas,Hotel,69.0,62.0,69.0,15
2020-03-15,Kansas,Residences,76.0,57.0,76.0,16
2020-03-15,Kansas,Medical,46.0,43.0,46.0,17
2020-03-15,Kansas,Drug Store,101.0,109.0,101.0,18
2020-03-15,Kansas,Colleges & Universities,40.0,45.0,40.0,19
2020-03-15,Kansas,Sports,24.0,22.0,24.0,20
2020-03-15,Kansas,Travel & Transport,78.0,82.0,78.0,21
2020-03-15,Kansas,Alcohol,79.0,79.0,79.0,22
2020-03-15,Kansas,Fitness Center,41.0,39.0,41.0,23
2020-03-15,Kansas,Government,66.0,55.0,66.0,24
2020-03-15,Kansas,Office,70.0,"",71.0,25
2020-03-15,Kansas,Banks,67.0,"",68.0,26
2020-03-15,Kansas,Airport,59.0,"",59.0,27
2020-03-16,Kansas,Food,48.0,39.0,48.0,1
2020-03-16,Kansas,Shops & Services,31.0,26.0,31.0,2
2020-03-16,Kansas,Grocery,126.0,114.0,126.0,3
2020-03-16,Kansas,Big Box Stores,114.0,95.0,115.0,4
2020-03-16,Kansas,Fast Food Restaurants,90.0,73.0,91.0,5
2020-03-16,Kansas,Medical,47.0,40.0,48.0,6
2020-03-16,Kansas,Gas Stations,94.0,76.0,95.0,7
2020-03-16,Kansas,Professional & Other Places,16.0,15.0,16.0,8
2020-03-16,Kansas,Outdoors & Recreation,45.0,41.0,45.0,9
2020-03-16,Kansas,Convenience Store,90.0,88.0,90.0,10
2020-03-16,Kansas,School,30.0,35.0,30.0,11
2020-03-16,Kansas,Nightlife Spots,54.0,41.0,54.0,12
2020-03-16,Kansas,Office,75.0,77.0,75.0,13
2020-03-16,Kansas,Arts & Entertainment,60.0,45.0,60.0,14
2020-03-16,Kansas,Hardware Stores,110.0,82.0,111.0,15
2020-03-16,Kansas,Government,64.0,62.0,64.0,16
2020-03-16,Kansas,Colleges & Universities,26.0,46.0,26.0,17
2020-03-16,Kansas,Residences,66.0,55.0,66.0,18
2020-03-16,Kansas,Hotel,78.0,77.0,78.0,19
2020-03-16,Kansas,Drug Store,117.0,114.0,117.0,20
2020-03-16,Kansas,Discount Stores,119.0,97.0,120.0,21
2020-03-16,Kansas,Banks,112.0,95.0,113.0,22
2020-03-16,Kansas,Fitness Center,39.0,33.0,40.0,23
2020-03-16,Kansas,Travel & Transport,64.0,54.0,65.0,24
2020-03-16,Kansas,Sports,31.0,26.0,31.0,25
2020-03-16,Kansas,Alcohol,110.0,120.0,109.0,26
2020-03-16,Kansas,Airport,62.0,"",63.0,27
2020-03-17,Kansas,Food,42.0,33.0,43.0,1
2020-03-17,Kansas,Shops & Services,31.0,24.0,31.0,2
2020-03-17,Kansas,Grocery,122.0,110.0,123.0,3
2020-03-17,Kansas,Big Box Stores,109.0,97.0,110.0,4
2020-03-17,Kansas,Fast Food Restaurants,85.0,76.0,85.0,5
2020-03-17,Kansas,Gas Stations,93.0,86.0,93.0,6
2020-03-17,Kansas,Medical,41.0,33.0,41.0,7
2020-03-17,Kansas,Professional & Other Places,16.0,12.0,16.0,8
2020-03-17,Kansas,Outdoors & Recreation,48.0,43.0,48.0,9
2020-03-17,Kansas,Convenience Store,86.0,81.0,86.0,10
2020-03-17,Kansas,School,24.0,26.0,24.0,11
2020-03-17,Kansas,Nightlife Spots,58.0,48.0,59.0,12
2020-03-17,Kansas,Office,62.0,59.0,62.0,13
2020-03-17,Kansas,Hardware Stores,106.0,89.0,107.0,14
2020-03-17,Kansas,Arts & Entertainment,57.0,50.0,57.0,15
2020-03-17,Kansas,Residences,70.0,65.0,70.0,16
2020-03-17,Kansas,Government,56.0,42.0,56.0,17
2020-03-17,Kansas,Colleges & Universities,23.0,39.0,23.0,18
2020-03-17,Kansas,Discount Stores,115.0,119.0,115.0,19
2020-03-17,Kansas,Hotel,67.0,63.0,68.0,20
2020-03-17,Kansas,Drug Store,106.0,101.0,106.0,21
2020-03-17,Kansas,Travel & Transport,59.0,58.0,59.0,22
2020-03-17,Kansas,Sports,29.0,32.0,29.0,23
2020-03-17,Kansas,Alcohol,110.0,81.0,111.0,24
2020-03-17,Kansas,Banks,83.0,81.0,83.0,25
2020-03-17,Kansas,Fitness Center,27.0,20.0,27.0,26
2020-03-17,Kansas,Airport,59.0,"",59.0,27
2020-03-18,Kansas,Food,40.0,34.0,40.0,1
2020-03-18,Kansas,Shops & Services,29.0,24.0,30.0,2
2020-03-18,Kansas,Grocery,124.0,110.0,124.0,3
2020-03-18,Kansas,Big Box Stores,110.0,100.0,110.0,4
2020-03-18,Kansas,Fast Food Restaurants,82.0,75.0,83.0,5
2020-03-18,Kansas,Gas Stations,94.0,96.0,94.0,6
2020-03-18,Kansas,Medical,43.0,36.0,43.0,7
2020-03-18,Kansas,Outdoors & Recreation,56.0,50.0,56.0,8
2020-03-18,Kansas,Professional & Other Places,16.0,14.0,16.0,9
2020-03-18,Kansas,Convenience Store,86.0,83.0,86.0,10
2020-03-18,Kansas,School,27.0,35.0,26.0,11
2020-03-18,Kansas,Nightlife Spots,54.0,50.0,55.0,12
2020-03-18,Kansas,Hardware Stores,116.0,115.0,117.0,13
2020-03-18,Kansas,Office,64.0,70.0,64.0,14
2020-03-18,Kansas,Arts & Entertainment,52.0,44.0,52.0,15
2020-03-18,Kansas,Residences,74.0,78.0,74.0,16
2020-03-18,Kansas,Government,60.0,53.0,61.0,17
2020-03-18,Kansas,Hotel,70.0,72.0,70.0,18
2020-03-18,Kansas,Drug Store,118.0,125.0,118.0,19
2020-03-18,Kansas,Discount Stores,112.0,119.0,112.0,20
2020-03-18,Kansas,Colleges & Universities,28.0,41.0,28.0,21
2020-03-18,Kansas,Sports,33.0,32.0,33.0,22
2020-03-18,Kansas,Travel & Transport,88.0,92.0,88.0,23
2020-03-18,Kansas,Banks,90.0,94.0,89.0,24
2020-03-18,Kansas,Alcohol,110.0,123.0,109.0,25
2020-03-18,Kansas,Fitness Center,25.0,22.0,25.0,26
2020-03-18,Kansas,Airport,51.0,"",52.0,27
2020-03-19,Kansas,Food,37.0,30.0,37.0,1
2020-03-19,Kansas,Shops & Services,27.0,24.0,27.0,2
2020-03-19,Kansas,Grocery,123.0,107.0,124.0,3
2020-03-19,Kansas,Big Box Stores,106.0,98.0,106.0,4
2020-03-19,Kansas,Fast Food Restaurants,79.0,71.0,80.0,5
2020-03-19,Kansas,Outdoors & Recreation,58.0,48.0,58.0,6
2020-03-19,Kansas,Gas Stations,92.0,92.0,92.0,7
2020-03-19,Kansas,Medical,41.0,32.0,41.0,8
2020-03-19,Kansas,Professional & Other Places,16.0,13.0,16.0,9
2020-03-19,Kansas,Convenience Store,90.0,85.0,90.0,10
2020-03-19,Kansas,School,30.0,35.0,30.0,11
2020-03-19,Kansas,Nightlife Spots,43.0,38.0,43.0,12
2020-03-19,Kansas,Hardware Stores,122.0,109.0,123.0,13
2020-03-19,Kansas,Arts & Entertainment,56.0,44.0,57.0,14
2020-03-19,Kansas,Office,60.0,54.0,60.0,15
2020-03-19,Kansas,Residences,73.0,65.0,73.0,16
2020-03-19,Kansas,Government,60.0,58.0,60.0,17
2020-03-19,Kansas,Discount Stores,110.0,94.0,110.0,18
2020-03-19,Kansas,Colleges & Universities,24.0,33.0,24.0,19
2020-03-19,Kansas,Hotel,65.0,65.0,65.0,19
2020-03-19,Kansas,Drug Store,97.0,100.0,97.0,20
2020-03-19,Kansas,Sports,33.0,34.0,33.0,21
2020-03-19,Kansas,Travel & Transport,62.0,58.0,62.0,22
2020-03-19,Kansas,Alcohol,107.0,109.0,106.0,23
2020-03-19,Kansas,Banks,82.0,76.0,83.0,24
2020-03-19,Kansas,Fitness Center,25.0,21.0,25.0,25
2020-03-19,Kansas,Airport,52.0,"",52.0,26
2020-03-20,Kansas,Food,34.0,25.0,34.0,1
2020-03-20,Kansas,Shops & Services,26.0,19.0,26.0,2
2020-03-20,Kansas,Grocery,121.0,93.0,123.0,3
2020-03-20,Kansas,Big Box Stores,100.0,85.0,101.0,4
2020-03-20,Kansas,Fast Food Restaurants,75.0,59.0,75.0,5
2020-03-20,Kansas,Gas Stations,85.0,72.0,85.0,6
2020-03-20,Kansas,Outdoors & Recreation,49.0,42.0,50.0,7
2020-03-20,Kansas,Medical,38.0,29.0,39.0,8
2020-03-20,Kansas,Professional & Other Places,17.0,12.0,17.0,9
2020-03-20,Kansas,Convenience Store,80.0,69.0,80.0,10
2020-03-20,Kansas,School,26.0,25.0,26.0,11
2020-03-20,Kansas,Nightlife Spots,40.0,32.0,41.0,12
2020-03-20,Kansas,Hardware Stores,111.0,94.0,112.0,13
2020-03-20,Kansas,Residences,69.0,48.0,69.0,14
2020-03-20,Kansas,Arts & Entertainment,49.0,30.0,50.0,15
2020-03-20,Kansas,Discount Stores,105.0,100.0,106.0,16
2020-03-20,Kansas,Drug Store,103.0,91.0,104.0,17
2020-03-20,Kansas,Office,59.0,46.0,59.0,18
2020-03-20,Kansas,Hotel,62.0,54.0,62.0,19
2020-03-20,Kansas,Colleges & Universities,25.0,33.0,24.0,20
2020-03-20,Kansas,Government,53.0,41.0,53.0,21
2020-03-20,Kansas,Alcohol,101.0,80.0,102.0,22
2020-03-20,Kansas,Travel & Transport,56.0,53.0,57.0,23
2020-03-20,Kansas,Banks,78.0,64.0,79.0,24
2020-03-20,Kansas,Sports,26.0,22.0,26.0,25
2020-03-20,Kansas,Fitness Center,23.0,15.0,23.0,26
2020-03-20,Kansas,Airport,50.0,"",50.0,27
2020-03-21,Kansas,Food,26.0,22.0,26.0,1
2020-03-21,Kansas,Shops & Services,18.0,15.0,19.0,2
2020-03-21,Kansas,Grocery,97.0,82.0,98.0,3
2020-03-21,Kansas,Big Box Stores,77.0,72.0,78.0,4
2020-03-21,Kansas,Fast Food Restaurants,61.0,50.0,61.0,5
2020-03-21,Kansas,Outdoors & Recreation,42.0,40.0,42.0,6
2020-03-21,Kansas,Gas Stations,77.0,72.0,77.0,7
2020-03-21,Kansas,Convenience Store,68.0,73.0,68.0,8
2020-03-21,Kansas,Hardware Stores,102.0,75.0,103.0,9
2020-03-21,Kansas,School,31.0,26.0,31.0,10
2020-03-21,Kansas,Professional & Other Places,17.0,12.0,17.0,11
2020-03-21,Kansas,Nightlife Spots,29.0,27.0,29.0,12
2020-03-21,Kansas,Medical,41.0,31.0,41.0,13
2020-03-21,Kansas,Arts & Entertainment,31.0,29.0,31.0,14
2020-03-21,Kansas,Discount Stores,79.0,66.0,79.0,15
2020-03-21,Kansas,Drug Store,94.0,74.0,95.0,16
2020-03-21,Kansas,Residences,54.0,52.0,54.0,17
2020-03-21,Kansas,Hotel,48.0,51.0,48.0,18
2020-03-21,Kansas,Alcohol,81.0,62.0,81.0,19
2020-03-21,Kansas,Colleges & Universities,32.0,32.0,32.0,20
2020-03-21,Kansas,Travel & Transport,77.0,88.0,77.0,21
2020-03-21,Kansas,Sports,22.0,24.0,22.0,22
2020-03-21,Kansas,Government,64.0,66.0,64.0,23
2020-03-21,Kansas,Office,73.0,62.0,73.0,24
2020-03-21,Kansas,Banks,68.0,69.0,68.0,25
2020-03-21,Kansas,Fitness Center,15.0,"",16.0,26
2020-03-21,Kansas,Airport,51.0,"",51.0,27
2020-03-22,Kansas,Food,24.0,19.0,24.0,1
2020-03-22,Kansas,Grocery,84.0,81.0,84.0,2
2020-03-22,Kansas,Shops & Services,16.0,14.0,16.0,3
2020-03-22,Kansas,Big Box Stores,71.0,70.0,71.0,4
2020-03-22,Kansas,Fast Food Restaurants,59.0,51.0,59.0,5
2020-03-22,Kansas,Gas Stations,67.0,61.0,67.0,6
2020-03-22,Kansas,Outdoors & Recreation,31.0,28.0,31.0,7
2020-03-22,Kansas,Convenience Store,60.0,49.0,61.0,8
2020-03-22,Kansas,School,32.0,23.0,33.0,9
2020-03-22,Kansas,Hardware Stores,95.0,87.0,95.0,10
2020-03-22,Kansas,Nightlife Spots,20.0,23.0,20.0,11
2020-03-22,Kansas,Professional & Other Places,14.0,8.0,14.0,12
2020-03-22,Kansas,Discount Stores,84.0,78.0,84.0,13
2020-03-22,Kansas,Medical,40.0,33.0,40.0,14
2020-03-22,Kansas,Drug Store,90.0,96.0,90.0,15
2020-03-22,Kansas,Arts & Entertainment,27.0,22.0,27.0,16
2020-03-22,Kansas,Residences,44.0,32.0,44.0,17
2020-03-22,Kansas,Hotel,41.0,40.0,41.0,18
2020-03-22,Kansas,Colleges & Universities,36.0,46.0,36.0,19
2020-03-22,Kansas,Alcohol,73.0,61.0,73.0,20
2020-03-22,Kansas,Travel & Transport,49.0,65.0,49.0,21
2020-03-22,Kansas,Sports,19.0,17.0,19.0,22
2020-03-22,Kansas,Government,59.0,"",59.0,23
2020-03-22,Kansas,Office,68.0,"",69.0,24
2020-03-22,Kansas,Banks,65.0,"",66.0,25
2020-03-22,Kansas,Fitness Center,17.0,"",17.0,26
2020-03-22,Kansas,Airport,41.0,"",41.0,27
2020-03-23,Kansas,Food,35.0,30.0,35.0,1
2020-03-23,Kansas,Shops & Services,24.0,20.0,24.0,2
2020-03-23,Kansas,Grocery,100.0,94.0,100.0,3
2020-03-23,Kansas,Big Box Stores,92.0,79.0,92.0,4
2020-03-23,Kansas,Fast Food Restaurants,73.0,61.0,74.0,5
2020-03-23,Kansas,Outdoors & Recreation,52.0,46.0,52.0,6
2020-03-23,Kansas,Gas Stations,79.0,71.0,80.0,7
2020-03-23,Kansas,Medical,36.0,27.0,36.0,8
2020-03-23,Kansas,Professional & Other Places,15.0,12.0,15.0,9
2020-03-23,Kansas,School,31.0,30.0,31.0,10
2020-03-23,Kansas,Convenience Store,78.0,82.0,78.0,11
2020-03-23,Kansas,Nightlife Spots,43.0,38.0,43.0,12
2020-03-23,Kansas,Hardware Stores,109.0,88.0,110.0,13
2020-03-23,Kansas,Office,63.0,60.0,63.0,14
2020-03-23,Kansas,Residences,66.0,62.0,66.0,15
2020-03-23,Kansas,Arts & Entertainment,48.0,40.0,49.0,16
2020-03-23,Kansas,Government,53.0,48.0,53.0,17
2020-03-23,Kansas,Drug Store,103.0,95.0,103.0,18
2020-03-23,Kansas,Discount Stores,99.0,87.0,99.0,19
2020-03-23,Kansas,Colleges & Universities,24.0,43.0,24.0,20
2020-03-23,Kansas,Hotel,60.0,58.0,60.0,21
2020-03-23,Kansas,Travel & Transport,77.0,76.0,77.0,22
2020-03-23,Kansas,Sports,30.0,27.0,30.0,23
2020-03-23,Kansas,Banks,90.0,73.0,91.0,24
2020-03-23,Kansas,Alcohol,104.0,97.0,104.0,25
2020-03-23,Kansas,Fitness Center,23.0,18.0,23.0,26
2020-03-23,Kansas,Airport,55.0,"",55.0,27
2020-03-24,Kansas,Food,31.0,24.0,31.0,1
2020-03-24,Kansas,Shops & Services,20.0,16.0,20.0,2
2020-03-24,Kansas,Grocery,82.0,74.0,82.0,3
2020-03-24,Kansas,Fast Food Restaurants,68.0,64.0,68.0,4
2020-03-24,Kansas,Outdoors & Recreation,46.0,40.0,46.0,5
2020-03-24,Kansas,Big Box Stores,78.0,71.0,78.0,6
2020-03-24,Kansas,Gas Stations,75.0,71.0,75.0,7
2020-03-24,Kansas,Professional & Other Places,14.0,11.0,14.0,8
2020-03-24,Kansas,Medical,30.0,25.0,31.0,9
2020-03-24,Kansas,School,26.0,25.0,26.0,10
2020-03-24,Kansas,Convenience Store,68.0,65.0,68.0,11
2020-03-24,Kansas,Hardware Stores,100.0,97.0,101.0,12
2020-03-24,Kansas,Nightlife Spots,38.0,35.0,39.0,13
2020-03-24,Kansas,Office,52.0,49.0,52.0,14
2020-03-24,Kansas,Residences,60.0,56.0,60.0,15
2020-03-24,Kansas,Arts & Entertainment,45.0,43.0,45.0,16
2020-03-24,Kansas,Government,44.0,36.0,44.0,17
2020-03-24,Kansas,Discount Stores,85.0,81.0,85.0,18
2020-03-24,Kansas,Drug Store,84.0,69.0,84.0,19
2020-03-24,Kansas,Colleges & Universities,18.0,31.0,17.0,20
2020-03-24,Kansas,Hotel,51.0,49.0,51.0,21
2020-03-24,Kansas,Travel & Transport,56.0,45.0,56.0,22
2020-03-24,Kansas,Sports,26.0,23.0,26.0,23
2020-03-24,Kansas,Alcohol,88.0,75.0,89.0,24
2020-03-24,Kansas,Banks,61.0,53.0,61.0,25
2020-03-24,Kansas,Fitness Center,15.0,12.0,15.0,26
2020-03-24,Kansas,Airport,51.0,"",51.0,27
2020-03-25,Kansas,Food,30.0,24.0,31.0,1
2020-03-25,Kansas,Shops & Services,21.0,17.0,21.0,2
2020-03-25,Kansas,Grocery,82.0,82.0,82.0,3
2020-03-25,Kansas,Outdoors & Recreation,59.0,56.0,59.0,4
2020-03-25,Kansas,Fast Food Restaurants,76.0,69.0,76.0,5
2020-03-25,Kansas,Gas Stations,79.0,71.0,79.0,6
2020-03-25,Kansas,Big Box Stores,79.0,75.0,79.0,7
2020-03-25,Kansas,School,29.0,34.0,29.0,8
2020-03-25,Kansas,Medical,34.0,27.0,34.0,9
2020-03-25,Kansas,Professional & Other Places,14.0,10.0,14.0,10
2020-03-25,Kansas,Convenience Store,75.0,70.0,75.0,11
2020-03-25,Kansas,Hardware Stores,106.0,96.0,107.0,12
2020-03-25,Kansas,Nightlife Spots,35.0,34.0,35.0,13
2020-03-25,Kansas,Residences,85.0,85.0,85.0,14
2020-03-25,Kansas,Office,53.0,48.0,53.0,15
2020-03-25,Kansas,Arts & Entertainment,45.0,43.0,45.0,16
2020-03-25,Kansas,Hotel,57.0,49.0,57.0,17
2020-03-25,Kansas,Colleges & Universities,26.0,55.0,26.0,18
2020-03-25,Kansas,Government,47.0,38.0,47.0,19
2020-03-25,Kansas,Sports,34.0,35.0,34.0,20
2020-03-25,Kansas,Discount Stores,83.0,84.0,83.0,21
2020-03-25,Kansas,Drug Store,80.0,67.0,80.0,22
2020-03-25,Kansas,Travel & Transport,76.0,72.0,76.0,23
2020-03-25,Kansas,Alcohol,88.0,77.0,88.0,24
2020-03-25,Kansas,Banks,64.0,64.0,64.0,25
2020-03-25,Kansas,Fitness Center,19.0,16.0,19.0,26
2020-03-25,Kansas,Airport,50.0,"",51.0,27
2020-03-26,Kansas,Food,30.0,23.0,31.0,1
2020-03-26,Kansas,Shops & Services,21.0,16.0,21.0,2
2020-03-26,Kansas,Outdoors & Recreation,62.0,56.0,63.0,3
2020-03-26,Kansas,Grocery,81.0,75.0,81.0,4
2020-03-26,Kansas,Fast Food Restaurants,72.0,67.0,72.0,5
2020-03-26,Kansas,Gas Stations,78.0,71.0,78.0,6
2020-03-26,Kansas,School,30.0,32.0,30.0,7
2020-03-26,Kansas,Big Box Stores,76.0,58.0,76.0,8
2020-03-26,Kansas,Professional & Other Places,14.0,10.0,14.0,9
2020-03-26,Kansas,Medical,33.0,25.0,34.0,10
2020-03-26,Kansas,Convenience Store,73.0,64.0,74.0,11
2020-03-26,Kansas,Hardware Stores,107.0,97.0,107.0,12
2020-03-26,Kansas,Residences,70.0,66.0,70.0,13
2020-03-26,Kansas,Nightlife Spots,32.0,30.0,32.0,14
2020-03-26,Kansas,Arts & Entertainment,48.0,43.0,48.0,15
2020-03-26,Kansas,Office,50.0,43.0,51.0,16
2020-03-26,Kansas,Colleges & Universities,21.0,34.0,21.0,17
2020-03-26,Kansas,Hotel,54.0,42.0,54.0,18
2020-03-26,Kansas,Government,45.0,40.0,45.0,19
2020-03-26,Kansas,Discount Stores,85.0,75.0,86.0,20
2020-03-26,Kansas,Sports,34.0,31.0,35.0,21
2020-03-26,Kansas,Travel & Transport,63.0,57.0,63.0,22
2020-03-26,Kansas,Drug Store,73.0,61.0,74.0,23
2020-03-26,Kansas,Alcohol,86.0,78.0,87.0,24
2020-03-26,Kansas,Banks,65.0,62.0,65.0,25
2020-03-26,Kansas,Fitness Center,19.0,18.0,19.0,26
2020-03-26,Kansas,Airport,50.0,"",50.0,27
2020-03-27,Kansas,Food,28.0,22.0,28.0,1
2020-03-27,Kansas,Shops & Services,17.0,13.0,17.0,2
2020-03-27,Kansas,Grocery,83.0,71.0,83.0,3
2020-03-27,Kansas,Fast Food Restaurants,70.0,61.0,70.0,4
2020-03-27,Kansas,Big Box Stores,78.0,62.0,78.0,5
2020-03-27,Kansas,Outdoors & Recreation,47.0,43.0,47.0,6
2020-03-27,Kansas,Gas Stations,71.0,60.0,71.0,7
2020-03-27,Kansas,School,28.0,29.0,28.0,8
2020-03-27,Kansas,Professional & Other Places,15.0,12.0,15.0,9
2020-03-27,Kansas,Medical,35.0,28.0,35.0,10
2020-03-27,Kansas,Convenience Store,70.0,56.0,70.0,11
2020-03-27,Kansas,Hardware Stores,102.0,81.0,103.0,12
2020-03-27,Kansas,Nightlife Spots,29.0,29.0,29.0,13
2020-03-27,Kansas,Residences,65.0,56.0,65.0,14
2020-03-27,Kansas,Arts & Entertainment,49.0,37.0,50.0,15
2020-03-27,Kansas,Office,56.0,48.0,56.0,16
2020-03-27,Kansas,Hotel,55.0,55.0,55.0,17
2020-03-27,Kansas,Discount Stores,80.0,71.0,80.0,18
2020-03-27,Kansas,Colleges & Universities,27.0,44.0,26.0,19
2020-03-27,Kansas,Government,46.0,36.0,46.0,20
2020-03-27,Kansas,Sports,31.0,24.0,32.0,21
2020-03-27,Kansas,Drug Store,71.0,67.0,71.0,22
2020-03-27,Kansas,Travel & Transport,71.0,61.0,71.0,23
2020-03-27,Kansas,Alcohol,86.0,79.0,86.0,24
2020-03-27,Kansas,Banks,62.0,52.0,62.0,25
2020-03-27,Kansas,Fitness Center,20.0,14.0,20.0,26
2020-03-27,Kansas,Airport,52.0,64.0,51.0,27
2020-03-28,Kansas,Food,24.0,18.0,24.0,1
2020-03-28,Kansas,Shops & Services,15.0,11.0,15.0,2
2020-03-28,Kansas,Grocery,78.0,62.0,79.0,3
2020-03-28,Kansas,Big Box Stores,72.0,64.0,73.0,4
2020-03-28,Kansas,Fast Food Restaurants,60.0,48.0,60.0,5
2020-03-28,Kansas,Outdoors & Recreation,44.0,39.0,44.0,6
2020-03-28,Kansas,Gas Stations,70.0,56.0,70.0,7
2020-03-28,Kansas,Hardware Stores,114.0,86.0,115.0,8
2020-03-28,Kansas,Convenience Store,62.0,56.0,62.0,9
2020-03-28,Kansas,School,31.0,28.0,31.0,10
2020-03-28,Kansas,Professional & Other Places,16.0,11.0,16.0,11
2020-03-28,Kansas,Nightlife Spots,19.0,19.0,19.0,12
2020-03-28,Kansas,Medical,36.0,28.0,36.0,13
2020-03-28,Kansas,Residences,59.0,61.0,58.0,14
2020-03-28,Kansas,Arts & Entertainment,38.0,32.0,38.0,15
2020-03-28,Kansas,Discount Stores,70.0,51.0,70.0,16
2020-03-28,Kansas,Drug Store,72.0,61.0,72.0,17
2020-03-28,Kansas,Hotel,38.0,30.0,38.0,18
2020-03-28,Kansas,Alcohol,73.0,59.0,74.0,19
2020-03-28,Kansas,Colleges & Universities,35.0,30.0,35.0,20
2020-03-28,Kansas,Sports,21.0,20.0,21.0,21
2020-03-28,Kansas,Travel & Transport,71.0,68.0,71.0,22
2020-03-28,Kansas,Government,59.0,42.0,59.0,23
2020-03-28,Kansas,Office,72.0,59.0,73.0,24
2020-03-28,Kansas,Banks,57.0,55.0,57.0,25
2020-03-28,Kansas,Fitness Center,13.0,"",14.0,26
2020-03-28,Kansas,Airport,47.0,"",47.0,27
2020-03-29,Kansas,Food,23.0,21.0,23.0,1
2020-03-29,Kansas,Shops & Services,12.0,11.0,12.0,2
2020-03-29,Kansas,Grocery,57.0,57.0,57.0,3
2020-03-29,Kansas,Outdoors & Recreation,46.0,46.0,46.0,4
2020-03-29,Kansas,Big Box Stores,56.0,56.0,56.0,5
2020-03-29,Kansas,Fast Food Restaurants,57.0,63.0,57.0,6
2020-03-29,Kansas,Gas Stations,61.0,64.0,61.0,7
2020-03-29,Kansas,School,36.0,29.0,37.0,8
2020-03-29,Kansas,Convenience Store,56.0,51.0,56.0,9
2020-03-29,Kansas,Hardware Stores,99.0,92.0,100.0,10
2020-03-29,Kansas,Professional & Other Places,12.0,9.0,12.0,11
2020-03-29,Kansas,Arts & Entertainment,27.0,24.0,27.0,12
2020-03-29,Kansas,Residences,62.0,73.0,61.0,13
2020-03-29,Kansas,Nightlife Spots,17.0,25.0,17.0,13
2020-03-29,Kansas,Medical,34.0,30.0,34.0,14
2020-03-29,Kansas,Discount Stores,69.0,86.0,69.0,15
2020-03-29,Kansas,Sports,26.0,30.0,26.0,16
2020-03-29,Kansas,Hotel,36.0,35.0,36.0,17
2020-03-29,Kansas,Drug Store,56.0,62.0,56.0,18
2020-03-29,Kansas,Travel & Transport,53.0,54.0,53.0,19
2020-03-29,Kansas,Colleges & Universities,38.0,52.0,38.0,20
2020-03-29,Kansas,Alcohol,56.0,"",57.0,21
2020-03-29,Kansas,Government,52.0,"",52.0,22
2020-03-29,Kansas,Office,65.0,"",65.0,23
2020-03-29,Kansas,Banks,61.0,"",61.0,24
2020-03-29,Kansas,Fitness Center,15.0,"",15.0,25
2020-03-29,Kansas,Airport,39.0,"",39.0,26
2020-03-30,Kansas,Food,27.0,21.0,27.0,1
2020-03-30,Kansas,Shops & Services,18.0,15.0,18.0,2
2020-03-30,Kansas,Grocery,69.0,53.0,69.0,3
2020-03-30,Kansas,Outdoors & Recreation,50.0,49.0,50.0,4
2020-03-30,Kansas,Fast Food Restaurants,68.0,51.0,68.0,5
2020-03-30,Kansas,Gas Stations,68.0,57.0,68.0,6
2020-03-30,Kansas,School,30.0,36.0,30.0,7
2020-03-30,Kansas,Big Box Stores,67.0,48.0,68.0,8
2020-03-30,Kansas,Medical,29.0,21.0,29.0,9
2020-03-30,Kansas,Professional & Other Places,13.0,11.0,13.0,10
2020-03-30,Kansas,Convenience Store,66.0,65.0,66.0,11
2020-03-30,Kansas,Hardware Stores,90.0,71.0,91.0,12
2020-03-30,Kansas,Nightlife Spots,35.0,35.0,35.0,13
2020-03-30,Kansas,Residences,55.0,50.0,55.0,14
2020-03-30,Kansas,Office,51.0,58.0,51.0,15
2020-03-30,Kansas,Arts & Entertainment,48.0,46.0,48.0,16
2020-03-30,Kansas,Government,43.0,44.0,43.0,17
2020-03-30,Kansas,Colleges & Universities,17.0,33.0,17.0,18
2020-03-30,Kansas,Discount Stores,78.0,70.0,79.0,19
2020-03-30,Kansas,Sports,30.0,27.0,30.0,20
2020-03-30,Kansas,Hotel,50.0,49.0,50.0,21
2020-03-30,Kansas,Drug Store,69.0,63.0,70.0,22
2020-03-30,Kansas,Travel & Transport,52.0,52.0,52.0,23
2020-03-30,Kansas,Banks,65.0,52.0,65.0,24
2020-03-30,Kansas,Alcohol,79.0,68.0,80.0,25
2020-03-30,Kansas,Fitness Center,19.0,15.0,19.0,26
2020-03-30,Kansas,Airport,48.0,"",48.0,27
2020-03-31,Kansas,Food,27.0,23.0,27.0,1
2020-03-31,Kansas,Shops & Services,19.0,16.0,20.0,2
2020-03-31,Kansas,Grocery,67.0,61.0,67.0,3
2020-03-31,Kansas,Outdoors & Recreation,47.0,49.0,47.0,4
2020-03-31,Kansas,Fast Food Restaurants,62.0,54.0,63.0,5
2020-03-31,Kansas,Gas Stations,67.0,57.0,67.0,6
2020-03-31,Kansas,Big Box Stores,65.0,64.0,65.0,7
2020-03-31,Kansas,Professional & Other Places,11.0,10.0,11.0,8
2020-03-31,Kansas,School,22.0,24.0,22.0,9
2020-03-31,Kansas,Medical,26.0,22.0,26.0,10
2020-03-31,Kansas,Convenience Store,59.0,57.0,59.0,11
2020-03-31,Kansas,Hardware Stores,93.0,83.0,94.0,12
2020-03-31,Kansas,Nightlife Spots,30.0,29.0,30.0,13
2020-03-31,Kansas,Residences,58.0,55.0,58.0,14
2020-03-31,Kansas,Office,43.0,42.0,43.0,15
2020-03-31,Kansas,Arts & Entertainment,40.0,40.0,40.0,16
2020-03-31,Kansas,Government,37.0,34.0,37.0,17
2020-03-31,Kansas,Sports,26.0,26.0,26.0,18
2020-03-31,Kansas,Discount Stores,69.0,63.0,70.0,19
2020-03-31,Kansas,Colleges & Universities,14.0,24.0,14.0,20
2020-03-31,Kansas,Drug Store,67.0,65.0,67.0,21
2020-03-31,Kansas,Hotel,41.0,41.0,41.0,22
2020-03-31,Kansas,Travel & Transport,50.0,63.0,50.0,23
2020-03-31,Kansas,Banks,62.0,60.0,62.0,24
2020-03-31,Kansas,Alcohol,74.0,70.0,75.0,25
2020-03-31,Kansas,Fitness Center,15.0,"",15.0,26
2020-03-31,Kansas,Airport,39.0,"",39.0,27
