2020-03-01,Utah,Food,101.0,96.0,101.0,1
2020-03-01,Utah,Shops & Services,100.0,92.0,100.0,2
2020-03-01,Utah,Grocery,90.0,81.0,91.0,3
2020-03-01,Utah,Outdoors & Recreation,90.0,81.0,90.0,4
2020-03-01,Utah,Gas Stations,96.0,86.0,96.0,5
2020-03-01,Utah,Big Box Stores,97.0,96.0,97.0,6
2020-03-01,Utah,Fast Food Restaurants,99.0,86.0,99.0,7
2020-03-01,Utah,Airport,102.0,96.0,102.0,8
2020-03-01,Utah,Hotel,102.0,89.0,102.0,9
2020-03-01,Utah,Arts & Entertainment,96.0,88.0,96.0,10
2020-03-01,Utah,Skiing,105.0,78.0,106.0,11
2020-03-01,Utah,Nightlife Spots,103.0,79.0,104.0,12
2020-03-01,Utah,School,94.0,84.0,94.0,13
2020-03-01,Utah,Professional & Other Places,92.0,88.0,92.0,14
2020-03-01,Utah,Medical,98.0,99.0,98.0,15
2020-03-01,Utah,Residences,94.0,74.0,95.0,16
2020-03-01,Utah,Convenience Store,96.0,107.0,96.0,17
2020-03-01,Utah,Hardware Stores,96.0,91.0,96.0,18
2020-03-01,Utah,Colleges & Universities,84.0,70.0,84.0,19
2020-03-01,Utah,Sports,90.0,77.0,90.0,20
2020-03-01,Utah,Fitness Center,92.0,79.0,93.0,21
2020-03-01,Utah,Travel & Transport,117.0,90.0,118.0,22
2020-03-01,Utah,Drug Store,93.0,103.0,92.0,23
2020-03-01,Utah,Office,97.0,"",97.0,24
2020-03-01,Utah,Discount Stores,96.0,"",96.0,25
2020-03-01,Utah,Government,92.0,"",92.0,26
2020-03-01,Utah,Light Rail Stations,103.0,"",103.0,27
2020-03-01,Utah,Alcohol,100.0,"",100.0,28
2020-03-01,Utah,Banks,107.0,"",109.0,29
2020-03-01,Utah,Spiritual Center,95.0,"",96.0,30
2020-03-02,Utah,Food,104.0,106.0,104.0,1
2020-03-02,Utah,Shops & Services,108.0,119.0,107.0,2
2020-03-02,Utah,Gas Stations,102.0,109.0,102.0,3
2020-03-02,Utah,Grocery,107.0,112.0,106.0,4
2020-03-02,Utah,Outdoors & Recreation,104.0,98.0,104.0,5
2020-03-02,Utah,School,120.0,121.0,120.0,6
2020-03-02,Utah,Fast Food Restaurants,110.0,107.0,110.0,7
2020-03-02,Utah,Medical,114.0,110.0,114.0,8
2020-03-02,Utah,Airport,100.0,76.0,101.0,9
2020-03-02,Utah,Big Box Stores,104.0,101.0,104.0,10
2020-03-02,Utah,Professional & Other Places,106.0,118.0,106.0,11
2020-03-02,Utah,Colleges & Universities,115.0,145.0,114.0,12
2020-03-02,Utah,Hotel,103.0,97.0,103.0,13
2020-03-02,Utah,Office,109.0,120.0,109.0,14
2020-03-02,Utah,Skiing,115.0,95.0,116.0,15
2020-03-02,Utah,Arts & Entertainment,94.0,90.0,94.0,16
2020-03-02,Utah,Government,124.0,127.0,123.0,17
2020-03-02,Utah,Nightlife Spots,104.0,91.0,105.0,18
2020-03-02,Utah,Fitness Center,104.0,117.0,103.0,19
2020-03-02,Utah,Convenience Store,106.0,106.0,106.0,20
2020-03-02,Utah,Hardware Stores,107.0,105.0,107.0,21
2020-03-02,Utah,Residences,94.0,75.0,94.0,22
2020-03-02,Utah,Travel & Transport,117.0,102.0,117.0,23
2020-03-02,Utah,Sports,101.0,100.0,101.0,24
2020-03-02,Utah,Drug Store,105.0,101.0,105.0,25
2020-03-02,Utah,Discount Stores,104.0,135.0,103.0,26
2020-03-02,Utah,Banks,121.0,109.0,122.0,27
2020-03-02,Utah,Light Rail Stations,102.0,"",103.0,28
2020-03-02,Utah,Alcohol,135.0,"",135.0,29
2020-03-03,Utah,Food,107.0,101.0,107.0,1
2020-03-03,Utah,Shops & Services,105.0,108.0,105.0,2
2020-03-03,Utah,Grocery,112.0,97.0,113.0,3
2020-03-03,Utah,Gas Stations,97.0,82.0,97.0,4
2020-03-03,Utah,Outdoors & Recreation,107.0,98.0,107.0,5
2020-03-03,Utah,School,95.0,100.0,95.0,6
2020-03-03,Utah,Fast Food Restaurants,107.0,103.0,107.0,7
2020-03-03,Utah,Medical,99.0,93.0,100.0,8
2020-03-03,Utah,Professional & Other Places,100.0,94.0,101.0,9
2020-03-03,Utah,Big Box Stores,108.0,100.0,108.0,10
2020-03-03,Utah,Airport,93.0,91.0,93.0,11
2020-03-03,Utah,Colleges & Universities,85.0,91.0,85.0,12
2020-03-03,Utah,Hotel,107.0,97.0,108.0,13
2020-03-03,Utah,Arts & Entertainment,105.0,110.0,105.0,14
2020-03-03,Utah,Office,94.0,84.0,94.0,15
2020-03-03,Utah,Government,102.0,91.0,103.0,16
2020-03-03,Utah,Fitness Center,98.0,89.0,98.0,17
2020-03-03,Utah,Nightlife Spots,103.0,81.0,104.0,18
2020-03-03,Utah,Hardware Stores,105.0,123.0,104.0,19
2020-03-03,Utah,Skiing,99.0,64.0,101.0,20
2020-03-03,Utah,Convenience Store,99.0,88.0,100.0,21
2020-03-03,Utah,Residences,95.0,92.0,95.0,22
2020-03-03,Utah,Sports,104.0,100.0,104.0,23
2020-03-03,Utah,Travel & Transport,103.0,108.0,103.0,24
2020-03-03,Utah,Drug Store,102.0,105.0,102.0,25
2020-03-03,Utah,Discount Stores,110.0,95.0,110.0,26
2020-03-03,Utah,Banks,114.0,77.0,116.0,27
2020-03-03,Utah,Light Rail Stations,96.0,"",96.0,28
2020-03-03,Utah,Alcohol,102.0,"",104.0,29
2020-03-04,Utah,Food,103.0,100.0,103.0,1
2020-03-04,Utah,Shops & Services,101.0,101.0,101.0,2
2020-03-04,Utah,Gas Stations,105.0,100.0,105.0,3
2020-03-04,Utah,Grocery,104.0,94.0,105.0,4
2020-03-04,Utah,Outdoors & Recreation,108.0,110.0,108.0,5
2020-03-04,Utah,School,96.0,89.0,96.0,6
2020-03-04,Utah,Fast Food Restaurants,102.0,95.0,102.0,7
2020-03-04,Utah,Medical,93.0,84.0,93.0,8
2020-03-04,Utah,Professional & Other Places,98.0,88.0,99.0,9
2020-03-04,Utah,Big Box Stores,101.0,93.0,101.0,10
2020-03-04,Utah,Colleges & Universities,81.0,83.0,81.0,11
2020-03-04,Utah,Airport,94.0,74.0,95.0,12
2020-03-04,Utah,Hotel,100.0,91.0,100.0,13
2020-03-04,Utah,Arts & Entertainment,106.0,92.0,107.0,14
2020-03-04,Utah,Office,94.0,105.0,94.0,15
2020-03-04,Utah,Government,104.0,107.0,104.0,16
2020-03-04,Utah,Fitness Center,96.0,89.0,96.0,17
2020-03-04,Utah,Nightlife Spots,110.0,113.0,110.0,18
2020-03-04,Utah,Convenience Store,101.0,87.0,102.0,19
2020-03-04,Utah,Skiing,115.0,90.0,116.0,20
2020-03-04,Utah,Hardware Stores,105.0,102.0,105.0,21
2020-03-04,Utah,Residences,103.0,101.0,103.0,22
2020-03-04,Utah,Travel & Transport,102.0,94.0,103.0,23
2020-03-04,Utah,Sports,97.0,106.0,97.0,24
2020-03-04,Utah,Drug Store,103.0,120.0,102.0,25
2020-03-04,Utah,Discount Stores,109.0,98.0,109.0,26
2020-03-04,Utah,Banks,114.0,95.0,115.0,27
2020-03-04,Utah,Light Rail Stations,112.0,"",112.0,28
2020-03-04,Utah,Alcohol,107.0,126.0,106.0,29
2020-03-05,Utah,Food,102.0,101.0,102.0,1
2020-03-05,Utah,Shops & Services,107.0,103.0,107.0,2
2020-03-05,Utah,Gas Stations,102.0,100.0,102.0,3
2020-03-05,Utah,Outdoors & Recreation,116.0,119.0,116.0,4
2020-03-05,Utah,Grocery,105.0,101.0,105.0,5
2020-03-05,Utah,School,98.0,93.0,98.0,6
2020-03-05,Utah,Fast Food Restaurants,103.0,95.0,103.0,7
2020-03-05,Utah,Medical,98.0,91.0,98.0,8
2020-03-05,Utah,Professional & Other Places,100.0,108.0,99.0,9
2020-03-05,Utah,Big Box Stores,102.0,91.0,102.0,10
2020-03-05,Utah,Airport,96.0,95.0,96.0,11
2020-03-05,Utah,Hotel,102.0,96.0,102.0,12
2020-03-05,Utah,Colleges & Universities,82.0,84.0,82.0,13
2020-03-05,Utah,Office,99.0,101.0,99.0,14
2020-03-05,Utah,Arts & Entertainment,96.0,90.0,96.0,15
2020-03-05,Utah,Nightlife Spots,116.0,136.0,115.0,16
2020-03-05,Utah,Government,102.0,105.0,102.0,17
2020-03-05,Utah,Skiing,104.0,82.0,106.0,18
2020-03-05,Utah,Hardware Stores,115.0,115.0,115.0,19
2020-03-05,Utah,Convenience Store,109.0,106.0,109.0,20
2020-03-05,Utah,Fitness Center,96.0,98.0,96.0,21
2020-03-05,Utah,Residences,111.0,102.0,111.0,22
2020-03-05,Utah,Sports,119.0,114.0,119.0,23
2020-03-05,Utah,Travel & Transport,107.0,112.0,107.0,24
2020-03-05,Utah,Drug Store,107.0,104.0,107.0,25
2020-03-05,Utah,Discount Stores,98.0,74.0,99.0,26
2020-03-05,Utah,Banks,109.0,89.0,109.0,27
2020-03-05,Utah,Light Rail Stations,95.0,"",96.0,28
2020-03-05,Utah,Alcohol,92.0,"",91.0,29
2020-03-06,Utah,Food,99.0,98.0,99.0,1
2020-03-06,Utah,Shops & Services,98.0,92.0,98.0,2
2020-03-06,Utah,Gas Stations,102.0,95.0,102.0,3
2020-03-06,Utah,Outdoors & Recreation,114.0,115.0,114.0,4
2020-03-06,Utah,Grocery,97.0,98.0,97.0,5
2020-03-06,Utah,School,103.0,104.0,103.0,6
2020-03-06,Utah,Fast Food Restaurants,100.0,106.0,100.0,7
2020-03-06,Utah,Medical,102.0,92.0,102.0,8
2020-03-06,Utah,Big Box Stores,95.0,98.0,95.0,9
2020-03-06,Utah,Airport,91.0,96.0,91.0,10
2020-03-06,Utah,Professional & Other Places,99.0,96.0,99.0,11
2020-03-06,Utah,Hotel,105.0,104.0,105.0,12
2020-03-06,Utah,Colleges & Universities,85.0,83.0,85.0,13
2020-03-06,Utah,Arts & Entertainment,105.0,114.0,105.0,14
2020-03-06,Utah,Skiing,100.0,80.0,101.0,15
2020-03-06,Utah,Nightlife Spots,107.0,92.0,107.0,16
2020-03-06,Utah,Office,95.0,100.0,94.0,17
2020-03-06,Utah,Fitness Center,99.0,82.0,99.0,18
2020-03-06,Utah,Convenience Store,108.0,108.0,108.0,19
2020-03-06,Utah,Hardware Stores,110.0,110.0,110.0,20
2020-03-06,Utah,Government,99.0,82.0,100.0,21
2020-03-06,Utah,Residences,104.0,81.0,105.0,22
2020-03-06,Utah,Sports,106.0,107.0,106.0,23
2020-03-06,Utah,Travel & Transport,106.0,124.0,105.0,24
2020-03-06,Utah,Drug Store,92.0,87.0,92.0,25
2020-03-06,Utah,Discount Stores,90.0,59.0,91.0,26
2020-03-06,Utah,Banks,103.0,89.0,103.0,27
2020-03-06,Utah,Light Rail Stations,89.0,"",89.0,28
2020-03-06,Utah,Alcohol,98.0,"",99.0,29
2020-03-07,Utah,Food,98.0,93.0,98.0,1
2020-03-07,Utah,Shops & Services,96.0,90.0,97.0,2
2020-03-07,Utah,Outdoors & Recreation,113.0,103.0,113.0,3
2020-03-07,Utah,Grocery,97.0,90.0,97.0,4
2020-03-07,Utah,Gas Stations,100.0,96.0,101.0,5
2020-03-07,Utah,Fast Food Restaurants,99.0,91.0,99.0,6
2020-03-07,Utah,Big Box Stores,97.0,84.0,98.0,7
2020-03-07,Utah,Arts & Entertainment,111.0,97.0,111.0,8
2020-03-07,Utah,Hotel,102.0,99.0,102.0,9
2020-03-07,Utah,School,104.0,93.0,105.0,10
2020-03-07,Utah,Airport,96.0,88.0,96.0,11
2020-03-07,Utah,Professional & Other Places,92.0,106.0,91.0,12
2020-03-07,Utah,Skiing,93.0,71.0,94.0,13
2020-03-07,Utah,Nightlife Spots,101.0,102.0,101.0,14
2020-03-07,Utah,Hardware Stores,115.0,108.0,116.0,15
2020-03-07,Utah,Medical,103.0,105.0,103.0,16
2020-03-07,Utah,Convenience Store,109.0,101.0,109.0,17
2020-03-07,Utah,Fitness Center,100.0,109.0,100.0,18
2020-03-07,Utah,Colleges & Universities,103.0,138.0,102.0,19
2020-03-07,Utah,Sports,114.0,108.0,114.0,20
2020-03-07,Utah,Residences,92.0,78.0,93.0,21
2020-03-07,Utah,Drug Store,111.0,110.0,111.0,22
2020-03-07,Utah,Travel & Transport,106.0,99.0,106.0,23
2020-03-07,Utah,Office,100.0,103.0,99.0,24
2020-03-07,Utah,Government,123.0,124.0,123.0,25
2020-03-07,Utah,Discount Stores,99.0,86.0,100.0,26
2020-03-07,Utah,Alcohol,112.0,121.0,112.0,27
2020-03-07,Utah,Banks,92.0,"",92.0,28
2020-03-07,Utah,Light Rail Stations,93.0,"",93.0,29
2020-03-08,Utah,Food,102.0,100.0,102.0,1
2020-03-08,Utah,Shops & Services,103.0,97.0,103.0,2
2020-03-08,Utah,Grocery,96.0,92.0,96.0,3
2020-03-08,Utah,Outdoors & Recreation,102.0,91.0,103.0,4
2020-03-08,Utah,Gas Stations,105.0,99.0,105.0,5
2020-03-08,Utah,Big Box Stores,99.0,93.0,99.0,6
2020-03-08,Utah,Fast Food Restaurants,100.0,98.0,100.0,7
2020-03-08,Utah,Hotel,105.0,99.0,106.0,8
2020-03-08,Utah,Airport,102.0,95.0,103.0,9
2020-03-08,Utah,Arts & Entertainment,101.0,111.0,101.0,10
2020-03-08,Utah,School,103.0,102.0,103.0,11
2020-03-08,Utah,Nightlife Spots,102.0,93.0,102.0,12
2020-03-08,Utah,Skiing,91.0,76.0,92.0,13
2020-03-08,Utah,Professional & Other Places,104.0,102.0,104.0,14
2020-03-08,Utah,Medical,97.0,111.0,97.0,15
2020-03-08,Utah,Hardware Stores,110.0,96.0,111.0,16
2020-03-08,Utah,Residences,100.0,80.0,101.0,17
2020-03-08,Utah,Convenience Store,105.0,112.0,105.0,18
2020-03-08,Utah,Sports,93.0,91.0,93.0,19
2020-03-08,Utah,Colleges & Universities,84.0,"",84.0,20
2020-03-08,Utah,Fitness Center,90.0,71.0,91.0,21
2020-03-08,Utah,Drug Store,108.0,110.0,108.0,22
2020-03-08,Utah,Travel & Transport,116.0,145.0,115.0,23
2020-03-08,Utah,Office,109.0,148.0,108.0,24
2020-03-08,Utah,Discount Stores,96.0,"",96.0,25
2020-03-08,Utah,Government,103.0,"",103.0,26
2020-03-08,Utah,Light Rail Stations,95.0,"",95.0,27
2020-03-08,Utah,Alcohol,95.0,"",95.0,28
2020-03-08,Utah,Banks,106.0,"",105.0,29
2020-03-08,Utah,Spiritual Center,97.0,"",99.0,30
2020-03-09,Utah,Food,106.0,102.0,106.0,1
2020-03-09,Utah,Shops & Services,106.0,109.0,106.0,2
2020-03-09,Utah,Gas Stations,103.0,102.0,103.0,3
2020-03-09,Utah,Outdoors & Recreation,120.0,115.0,120.0,4
2020-03-09,Utah,Grocery,106.0,106.0,106.0,5
2020-03-09,Utah,School,120.0,114.0,120.0,6
2020-03-09,Utah,Fast Food Restaurants,110.0,106.0,110.0,7
2020-03-09,Utah,Medical,112.0,112.0,112.0,8
2020-03-09,Utah,Airport,87.0,73.0,87.0,9
2020-03-09,Utah,Big Box Stores,108.0,88.0,109.0,10
2020-03-09,Utah,Professional & Other Places,111.0,109.0,111.0,11
2020-03-09,Utah,Colleges & Universities,119.0,120.0,119.0,12
2020-03-09,Utah,Hotel,110.0,106.0,110.0,13
2020-03-09,Utah,Arts & Entertainment,109.0,112.0,109.0,14
2020-03-09,Utah,Office,112.0,108.0,112.0,15
2020-03-09,Utah,Government,132.0,113.0,133.0,16
2020-03-09,Utah,Skiing,93.0,70.0,94.0,17
2020-03-09,Utah,Nightlife Spots,109.0,108.0,109.0,18
2020-03-09,Utah,Convenience Store,117.0,96.0,117.0,19
2020-03-09,Utah,Fitness Center,108.0,110.0,108.0,20
2020-03-09,Utah,Hardware Stores,115.0,113.0,115.0,21
2020-03-09,Utah,Residences,105.0,90.0,105.0,22
2020-03-09,Utah,Sports,111.0,109.0,111.0,23
2020-03-09,Utah,Travel & Transport,118.0,116.0,118.0,24
2020-03-09,Utah,Drug Store,108.0,134.0,107.0,25
2020-03-09,Utah,Discount Stores,121.0,130.0,121.0,26
2020-03-09,Utah,Light Rail Stations,112.0,"",112.0,27
2020-03-09,Utah,Banks,114.0,107.0,115.0,28
2020-03-09,Utah,Alcohol,128.0,"",129.0,29
2020-03-10,Utah,Food,102.0,94.0,103.0,1
2020-03-10,Utah,Shops & Services,100.0,94.0,100.0,2
2020-03-10,Utah,Gas Stations,97.0,90.0,98.0,3
2020-03-10,Utah,Outdoors & Recreation,118.0,104.0,118.0,4
2020-03-10,Utah,Grocery,100.0,85.0,101.0,5
2020-03-10,Utah,School,102.0,94.0,102.0,6
2020-03-10,Utah,Fast Food Restaurants,109.0,106.0,109.0,7
2020-03-10,Utah,Medical,96.0,90.0,97.0,8
2020-03-10,Utah,Professional & Other Places,95.0,93.0,95.0,9
2020-03-10,Utah,Big Box Stores,101.0,88.0,101.0,10
2020-03-10,Utah,Colleges & Universities,85.0,71.0,86.0,11
2020-03-10,Utah,Hotel,105.0,104.0,105.0,12
2020-03-10,Utah,Airport,75.0,98.0,75.0,13
2020-03-10,Utah,Arts & Entertainment,107.0,94.0,107.0,14
2020-03-10,Utah,Office,90.0,88.0,90.0,15
2020-03-10,Utah,Government,104.0,88.0,104.0,16
2020-03-10,Utah,Fitness Center,96.0,87.0,96.0,17
2020-03-10,Utah,Hardware Stores,108.0,109.0,108.0,18
2020-03-10,Utah,Convenience Store,106.0,95.0,106.0,19
2020-03-10,Utah,Nightlife Spots,96.0,104.0,96.0,20
2020-03-10,Utah,Skiing,98.0,65.0,100.0,21
2020-03-10,Utah,Residences,101.0,79.0,101.0,22
2020-03-10,Utah,Sports,107.0,104.0,108.0,23
2020-03-10,Utah,Travel & Transport,105.0,97.0,106.0,24
2020-03-10,Utah,Drug Store,101.0,105.0,100.0,25
2020-03-10,Utah,Discount Stores,110.0,81.0,111.0,26
2020-03-10,Utah,Light Rail Stations,100.0,"",101.0,27
2020-03-10,Utah,Banks,97.0,84.0,98.0,28
2020-03-10,Utah,Alcohol,114.0,"",116.0,29
2020-03-10,Utah,Bus,110.0,"",111.0,30
2020-03-11,Utah,Food,98.0,92.0,98.0,1
2020-03-11,Utah,Shops & Services,97.0,91.0,97.0,2
2020-03-11,Utah,Gas Stations,101.0,91.0,101.0,3
2020-03-11,Utah,Outdoors & Recreation,113.0,101.0,113.0,4
2020-03-11,Utah,Grocery,103.0,96.0,104.0,5
2020-03-11,Utah,School,95.0,89.0,95.0,6
2020-03-11,Utah,Fast Food Restaurants,100.0,83.0,100.0,7
2020-03-11,Utah,Medical,92.0,83.0,93.0,8
2020-03-11,Utah,Colleges & Universities,87.0,108.0,87.0,9
2020-03-11,Utah,Big Box Stores,100.0,88.0,100.0,10
2020-03-11,Utah,Professional & Other Places,90.0,84.0,90.0,11
2020-03-11,Utah,Airport,89.0,70.0,90.0,12
2020-03-11,Utah,Hotel,92.0,85.0,92.0,13
2020-03-11,Utah,Arts & Entertainment,105.0,98.0,105.0,14
2020-03-11,Utah,Office,84.0,99.0,84.0,15
2020-03-11,Utah,Government,94.0,87.0,94.0,16
2020-03-11,Utah,Nightlife Spots,105.0,102.0,105.0,17
2020-03-11,Utah,Fitness Center,86.0,86.0,86.0,18
2020-03-11,Utah,Convenience Store,99.0,99.0,99.0,19
2020-03-11,Utah,Hardware Stores,103.0,92.0,103.0,20
2020-03-11,Utah,Residences,97.0,87.0,97.0,21
2020-03-11,Utah,Skiing,101.0,103.0,100.0,22
2020-03-11,Utah,Sports,105.0,95.0,106.0,23
2020-03-11,Utah,Travel & Transport,102.0,99.0,102.0,24
2020-03-11,Utah,Drug Store,98.0,92.0,99.0,25
2020-03-11,Utah,Discount Stores,104.0,123.0,103.0,26
2020-03-11,Utah,Light Rail Stations,106.0,"",105.0,27
2020-03-11,Utah,Banks,92.0,80.0,93.0,28
2020-03-11,Utah,Alcohol,112.0,"",113.0,29
2020-03-11,Utah,Bus,118.0,"",118.0,30
2020-03-12,Utah,Food,98.0,90.0,99.0,1
2020-03-12,Utah,Shops & Services,103.0,97.0,103.0,2
2020-03-12,Utah,Grocery,131.0,135.0,131.0,3
2020-03-12,Utah,Gas Stations,105.0,100.0,105.0,4
2020-03-12,Utah,Outdoors & Recreation,109.0,97.0,109.0,5
2020-03-12,Utah,School,96.0,98.0,96.0,6
2020-03-12,Utah,Fast Food Restaurants,97.0,87.0,97.0,7
2020-03-12,Utah,Medical,92.0,89.0,92.0,8
2020-03-12,Utah,Big Box Stores,114.0,113.0,114.0,9
2020-03-12,Utah,Professional & Other Places,89.0,88.0,89.0,10
2020-03-12,Utah,Colleges & Universities,83.0,93.0,83.0,11
2020-03-12,Utah,Hotel,95.0,85.0,95.0,12
2020-03-12,Utah,Airport,74.0,74.0,74.0,13
2020-03-12,Utah,Office,92.0,109.0,92.0,14
2020-03-12,Utah,Arts & Entertainment,89.0,79.0,89.0,15
2020-03-12,Utah,Nightlife Spots,99.0,95.0,99.0,16
2020-03-12,Utah,Government,94.0,106.0,94.0,17
2020-03-12,Utah,Hardware Stores,115.0,132.0,114.0,18
2020-03-12,Utah,Skiing,97.0,89.0,98.0,19
2020-03-12,Utah,Convenience Store,103.0,98.0,103.0,20
2020-03-12,Utah,Fitness Center,87.0,79.0,87.0,21
2020-03-12,Utah,Residences,96.0,80.0,96.0,22
2020-03-12,Utah,Sports,106.0,88.0,108.0,23
2020-03-12,Utah,Travel & Transport,107.0,89.0,108.0,24
2020-03-12,Utah,Drug Store,112.0,109.0,113.0,25
2020-03-12,Utah,Discount Stores,115.0,113.0,115.0,26
2020-03-12,Utah,Banks,101.0,135.0,99.0,27
2020-03-12,Utah,Light Rail Stations,86.0,"",86.0,28
2020-03-12,Utah,Alcohol,108.0,"",108.0,29
2020-03-13,Utah,Food,96.0,86.0,96.0,1
2020-03-13,Utah,Shops & Services,102.0,91.0,103.0,2
2020-03-13,Utah,Grocery,159.0,139.0,160.0,3
2020-03-13,Utah,Gas Stations,105.0,89.0,106.0,4
2020-03-13,Utah,Outdoors & Recreation,98.0,83.0,98.0,5
2020-03-13,Utah,Big Box Stores,133.0,121.0,133.0,6
2020-03-13,Utah,Fast Food Restaurants,104.0,88.0,104.0,7
2020-03-13,Utah,School,83.0,68.0,83.0,8
2020-03-13,Utah,Medical,95.0,85.0,96.0,9
2020-03-13,Utah,Professional & Other Places,89.0,80.0,89.0,10
2020-03-13,Utah,Hotel,92.0,80.0,93.0,11
2020-03-13,Utah,Airport,71.0,65.0,71.0,12
2020-03-13,Utah,Arts & Entertainment,87.0,71.0,88.0,13
2020-03-13,Utah,Colleges & Universities,64.0,76.0,64.0,14
2020-03-13,Utah,Hardware Stores,129.0,107.0,130.0,15
2020-03-13,Utah,Office,85.0,72.0,85.0,16
2020-03-13,Utah,Nightlife Spots,89.0,76.0,89.0,17
2020-03-13,Utah,Convenience Store,104.0,102.0,104.0,18
2020-03-13,Utah,Government,98.0,83.0,99.0,19
2020-03-13,Utah,Skiing,67.0,70.0,67.0,20
2020-03-13,Utah,Fitness Center,79.0,81.0,78.0,21
2020-03-13,Utah,Drug Store,146.0,128.0,147.0,22
2020-03-13,Utah,Residences,92.0,77.0,92.0,23
2020-03-13,Utah,Sports,96.0,63.0,98.0,24
2020-03-13,Utah,Travel & Transport,102.0,98.0,102.0,25
2020-03-13,Utah,Discount Stores,122.0,106.0,123.0,26
2020-03-13,Utah,Banks,106.0,102.0,106.0,27
2020-03-13,Utah,Alcohol,126.0,109.0,127.0,28
2020-03-13,Utah,Light Rail Stations,89.0,"",90.0,29
2020-03-14,Utah,Food,81.0,78.0,81.0,1
2020-03-14,Utah,Shops & Services,84.0,78.0,84.0,2
2020-03-14,Utah,Grocery,133.0,115.0,134.0,3
2020-03-14,Utah,Gas Stations,94.0,80.0,94.0,4
2020-03-14,Utah,Outdoors & Recreation,92.0,76.0,92.0,5
2020-03-14,Utah,Big Box Stores,107.0,88.0,108.0,6
2020-03-14,Utah,Fast Food Restaurants,83.0,76.0,83.0,7
2020-03-14,Utah,Hotel,84.0,77.0,84.0,8
2020-03-14,Utah,Airport,78.0,69.0,79.0,9
2020-03-14,Utah,Hardware Stores,118.0,92.0,119.0,10
2020-03-14,Utah,School,70.0,64.0,70.0,11
2020-03-14,Utah,Arts & Entertainment,60.0,52.0,60.0,12
2020-03-14,Utah,Professional & Other Places,71.0,53.0,71.0,13
2020-03-14,Utah,Nightlife Spots,82.0,75.0,82.0,14
2020-03-14,Utah,Medical,87.0,96.0,87.0,15
2020-03-14,Utah,Skiing,63.0,55.0,63.0,16
2020-03-14,Utah,Convenience Store,93.0,76.0,94.0,17
2020-03-14,Utah,Residences,83.0,80.0,84.0,18
2020-03-14,Utah,Drug Store,123.0,126.0,123.0,19
2020-03-14,Utah,Fitness Center,69.0,69.0,69.0,20
2020-03-14,Utah,Discount Stores,122.0,109.0,122.0,21
2020-03-14,Utah,Sports,78.0,67.0,78.0,22
2020-03-14,Utah,Travel & Transport,102.0,81.0,103.0,23
2020-03-14,Utah,Colleges & Universities,58.0,69.0,58.0,24
2020-03-14,Utah,Office,81.0,"",82.0,25
2020-03-14,Utah,Government,95.0,"",95.0,26
2020-03-14,Utah,Alcohol,102.0,"",102.0,27
2020-03-14,Utah,Banks,74.0,"",75.0,28
2020-03-14,Utah,Light Rail Stations,65.0,"",65.0,29
2020-03-15,Utah,Food,78.0,76.0,79.0,1
2020-03-15,Utah,Shops & Services,81.0,96.0,80.0,2
2020-03-15,Utah,Grocery,98.0,98.0,98.0,3
2020-03-15,Utah,Outdoors & Recreation,106.0,94.0,106.0,4
2020-03-15,Utah,Gas Stations,95.0,103.0,95.0,5
2020-03-15,Utah,Big Box Stores,92.0,89.0,92.0,6
2020-03-15,Utah,Fast Food Restaurants,81.0,74.0,81.0,7
2020-03-15,Utah,Hotel,80.0,81.0,80.0,8
2020-03-15,Utah,Airport,80.0,96.0,79.0,9
2020-03-15,Utah,Nightlife Spots,81.0,75.0,81.0,10
2020-03-15,Utah,Arts & Entertainment,62.0,65.0,62.0,11
2020-03-15,Utah,School,76.0,73.0,76.0,12
2020-03-15,Utah,Professional & Other Places,88.0,90.0,88.0,13
2020-03-15,Utah,Hardware Stores,118.0,100.0,119.0,14
2020-03-15,Utah,Convenience Store,99.0,114.0,98.0,15
2020-03-15,Utah,Residences,85.0,77.0,85.0,16
2020-03-15,Utah,Medical,82.0,84.0,82.0,17
2020-03-15,Utah,Sports,84.0,71.0,85.0,18
2020-03-15,Utah,Drug Store,109.0,102.0,109.0,19
2020-03-15,Utah,Travel & Transport,111.0,91.0,111.0,20
2020-03-15,Utah,Discount Stores,117.0,122.0,117.0,21
2020-03-15,Utah,Fitness Center,70.0,"",70.0,22
2020-03-15,Utah,Office,85.0,"",86.0,23
2020-03-15,Utah,Government,100.0,"",101.0,24
2020-03-15,Utah,Colleges & Universities,47.0,"",47.0,25
2020-03-15,Utah,Skiing,22.0,"",22.0,26
2020-03-15,Utah,Alcohol,75.0,"",76.0,27
2020-03-15,Utah,Banks,99.0,"",99.0,28
2020-03-15,Utah,Light Rail Stations,73.0,"",73.0,29
2020-03-16,Utah,Shops & Services,102.0,105.0,102.0,1
2020-03-16,Utah,Food,90.0,85.0,90.0,2
2020-03-16,Utah,Grocery,142.0,152.0,141.0,3
2020-03-16,Utah,Outdoors & Recreation,129.0,117.0,130.0,4
2020-03-16,Utah,Gas Stations,108.0,103.0,108.0,5
2020-03-16,Utah,Fast Food Restaurants,101.0,96.0,101.0,6
2020-03-16,Utah,Big Box Stores,116.0,118.0,116.0,7
2020-03-16,Utah,Medical,100.0,93.0,100.0,8
2020-03-16,Utah,Professional & Other Places,101.0,106.0,101.0,9
2020-03-16,Utah,School,79.0,91.0,78.0,10
2020-03-16,Utah,Airport,59.0,46.0,59.0,11
2020-03-16,Utah,Hotel,82.0,81.0,82.0,12
2020-03-16,Utah,Office,98.0,97.0,98.0,13
2020-03-16,Utah,Hardware Stores,131.0,115.0,132.0,14
2020-03-16,Utah,Arts & Entertainment,83.0,74.0,83.0,15
2020-03-16,Utah,Convenience Store,117.0,102.0,117.0,16
2020-03-16,Utah,Government,114.0,105.0,115.0,17
2020-03-16,Utah,Colleges & Universities,62.0,99.0,62.0,18
2020-03-16,Utah,Nightlife Spots,90.0,89.0,90.0,19
2020-03-16,Utah,Residences,94.0,63.0,96.0,20
2020-03-16,Utah,Sports,112.0,112.0,112.0,21
2020-03-16,Utah,Travel & Transport,116.0,115.0,116.0,22
2020-03-16,Utah,Fitness Center,76.0,62.0,77.0,23
2020-03-16,Utah,Drug Store,128.0,131.0,127.0,24
2020-03-16,Utah,Discount Stores,126.0,107.0,127.0,25
2020-03-16,Utah,Banks,131.0,126.0,131.0,26
2020-03-16,Utah,Light Rail Stations,88.0,"",88.0,27
2020-03-16,Utah,Alcohol,167.0,186.0,166.0,28
2020-03-16,Utah,Skiing,15.0,"",15.0,29
2020-03-17,Utah,Shops & Services,86.0,79.0,86.0,1
2020-03-17,Utah,Food,77.0,67.0,77.0,2
2020-03-17,Utah,Grocery,123.0,105.0,124.0,3
2020-03-17,Utah,Outdoors & Recreation,126.0,104.0,127.0,4
2020-03-17,Utah,Gas Stations,94.0,77.0,94.0,5
2020-03-17,Utah,Big Box Stores,109.0,86.0,110.0,6
2020-03-17,Utah,Fast Food Restaurants,87.0,75.0,87.0,7
2020-03-17,Utah,Medical,79.0,60.0,80.0,8
2020-03-17,Utah,School,58.0,59.0,58.0,9
2020-03-17,Utah,Professional & Other Places,79.0,68.0,80.0,10
2020-03-17,Utah,Hotel,78.0,79.0,78.0,11
2020-03-17,Utah,Airport,56.0,54.0,57.0,12
2020-03-17,Utah,Hardware Stores,114.0,91.0,115.0,13
2020-03-17,Utah,Office,67.0,65.0,68.0,14
2020-03-17,Utah,Arts & Entertainment,74.0,67.0,74.0,15
2020-03-17,Utah,Colleges & Universities,44.0,53.0,44.0,16
2020-03-17,Utah,Government,83.0,69.0,83.0,17
2020-03-17,Utah,Convenience Store,101.0,88.0,102.0,18
2020-03-17,Utah,Nightlife Spots,78.0,72.0,79.0,19
2020-03-17,Utah,Residences,92.0,87.0,92.0,20
2020-03-17,Utah,Sports,108.0,99.0,108.0,21
2020-03-17,Utah,Drug Store,111.0,108.0,111.0,22
2020-03-17,Utah,Travel & Transport,86.0,83.0,86.0,23
2020-03-17,Utah,Fitness Center,50.0,59.0,50.0,24
2020-03-17,Utah,Discount Stores,111.0,92.0,112.0,25
2020-03-17,Utah,Banks,88.0,"",90.0,26
2020-03-17,Utah,Alcohol,124.0,"",127.0,27
2020-03-17,Utah,Light Rail Stations,77.0,"",77.0,28
2020-03-17,Utah,Skiing,20.0,24.0,19.0,29
2020-03-18,Utah,Shops & Services,71.0,59.0,71.0,1
2020-03-18,Utah,Food,62.0,53.0,63.0,2
2020-03-18,Utah,Grocery,113.0,99.0,114.0,3
2020-03-18,Utah,Gas Stations,100.0,95.0,101.0,4
2020-03-18,Utah,Outdoors & Recreation,102.0,80.0,103.0,5
2020-03-18,Utah,Fast Food Restaurants,76.0,61.0,77.0,6
2020-03-18,Utah,Big Box Stores,93.0,75.0,93.0,7
2020-03-18,Utah,Medical,67.0,47.0,68.0,8
2020-03-18,Utah,School,53.0,57.0,53.0,9
2020-03-18,Utah,Professional & Other Places,73.0,61.0,73.0,10
2020-03-18,Utah,Hotel,61.0,50.0,62.0,11
2020-03-18,Utah,Hardware Stores,113.0,95.0,114.0,12
2020-03-18,Utah,Convenience Store,97.0,78.0,98.0,13
2020-03-18,Utah,Office,54.0,53.0,54.0,14
2020-03-18,Utah,Arts & Entertainment,59.0,50.0,59.0,15
2020-03-18,Utah,Government,67.0,63.0,67.0,16
2020-03-18,Utah,Residences,80.0,56.0,81.0,17
2020-03-18,Utah,Colleges & Universities,29.0,45.0,29.0,18
2020-03-18,Utah,Airport,33.0,21.0,33.0,19
2020-03-18,Utah,Nightlife Spots,64.0,57.0,64.0,20
2020-03-18,Utah,Sports,80.0,59.0,81.0,21
2020-03-18,Utah,Drug Store,102.0,94.0,102.0,22
2020-03-18,Utah,Travel & Transport,75.0,86.0,75.0,23
2020-03-18,Utah,Fitness Center,36.0,36.0,36.0,24
2020-03-18,Utah,Discount Stores,77.0,"",78.0,25
2020-03-18,Utah,Banks,81.0,"",81.0,26
2020-03-18,Utah,Alcohol,91.0,"",92.0,27
2020-03-18,Utah,Light Rail Stations,60.0,"",60.0,28
2020-03-19,Utah,Shops & Services,67.0,55.0,67.0,1
2020-03-19,Utah,Food,57.0,48.0,57.0,2
2020-03-19,Utah,Grocery,96.0,88.0,97.0,3
2020-03-19,Utah,Gas Stations,80.0,70.0,81.0,4
2020-03-19,Utah,Outdoors & Recreation,84.0,79.0,84.0,5
2020-03-19,Utah,Fast Food Restaurants,67.0,60.0,67.0,6
2020-03-19,Utah,Big Box Stores,85.0,72.0,86.0,7
2020-03-19,Utah,Medical,64.0,53.0,64.0,8
2020-03-19,Utah,School,47.0,51.0,47.0,9
2020-03-19,Utah,Professional & Other Places,63.0,56.0,64.0,10
2020-03-19,Utah,Hotel,55.0,56.0,54.0,11
2020-03-19,Utah,Hardware Stores,100.0,79.0,101.0,12
2020-03-19,Utah,Office,58.0,58.0,58.0,13
2020-03-19,Utah,Airport,35.0,28.0,35.0,14
2020-03-19,Utah,Convenience Store,79.0,64.0,80.0,15
2020-03-19,Utah,Arts & Entertainment,49.0,44.0,49.0,16
2020-03-19,Utah,Government,61.0,57.0,61.0,17
2020-03-19,Utah,Residences,75.0,57.0,76.0,18
2020-03-19,Utah,Colleges & Universities,29.0,43.0,29.0,19
2020-03-19,Utah,Travel & Transport,77.0,74.0,77.0,20
2020-03-19,Utah,Nightlife Spots,48.0,49.0,48.0,21
2020-03-19,Utah,Sports,69.0,55.0,70.0,22
2020-03-19,Utah,Drug Store,85.0,85.0,85.0,23
2020-03-19,Utah,Fitness Center,32.0,39.0,32.0,24
2020-03-19,Utah,Discount Stores,78.0,75.0,78.0,25
2020-03-19,Utah,Banks,78.0,"",78.0,26
2020-03-19,Utah,Alcohol,100.0,"",100.0,27
2020-03-19,Utah,Light Rail Stations,48.0,"",47.0,28
2020-03-20,Utah,Shops & Services,65.0,54.0,65.0,1
2020-03-20,Utah,Food,52.0,46.0,53.0,2
2020-03-20,Utah,Grocery,101.0,100.0,101.0,3
2020-03-20,Utah,Gas Stations,77.0,69.0,77.0,4
2020-03-20,Utah,Outdoors & Recreation,82.0,72.0,82.0,5
2020-03-20,Utah,Big Box Stores,86.0,81.0,86.0,6
2020-03-20,Utah,Fast Food Restaurants,67.0,60.0,68.0,7
2020-03-20,Utah,Medical,69.0,54.0,70.0,8
2020-03-20,Utah,Professional & Other Places,68.0,55.0,68.0,9
2020-03-20,Utah,School,45.0,45.0,45.0,10
2020-03-20,Utah,Hardware Stores,105.0,91.0,106.0,11
2020-03-20,Utah,Hotel,48.0,42.0,48.0,12
2020-03-20,Utah,Office,63.0,63.0,63.0,13
2020-03-20,Utah,Arts & Entertainment,52.0,42.0,52.0,14
2020-03-20,Utah,Convenience Store,77.0,72.0,77.0,15
2020-03-20,Utah,Government,67.0,60.0,67.0,16
2020-03-20,Utah,Residences,71.0,61.0,71.0,17
2020-03-20,Utah,Airport,26.0,19.0,26.0,18
2020-03-20,Utah,Colleges & Universities,31.0,"",31.0,19
2020-03-20,Utah,Drug Store,97.0,88.0,98.0,20
2020-03-20,Utah,Sports,70.0,48.0,71.0,21
2020-03-20,Utah,Travel & Transport,70.0,73.0,70.0,22
2020-03-20,Utah,Nightlife Spots,41.0,42.0,41.0,23
2020-03-20,Utah,Discount Stores,75.0,59.0,76.0,24
2020-03-20,Utah,Fitness Center,32.0,"",32.0,25
2020-03-20,Utah,Banks,80.0,79.0,80.0,26
2020-03-20,Utah,Alcohol,89.0,"",90.0,27
2020-03-20,Utah,Light Rail Stations,59.0,"",59.0,28
2020-03-21,Utah,Shops & Services,54.0,50.0,54.0,1
2020-03-21,Utah,Food,47.0,46.0,47.0,2
2020-03-21,Utah,Grocery,89.0,71.0,90.0,3
2020-03-21,Utah,Outdoors & Recreation,93.0,88.0,93.0,4
2020-03-21,Utah,Gas Stations,79.0,77.0,79.0,5
2020-03-21,Utah,Big Box Stores,79.0,73.0,79.0,6
2020-03-21,Utah,Fast Food Restaurants,64.0,51.0,64.0,7
2020-03-21,Utah,Hardware Stores,111.0,91.0,111.0,8
2020-03-21,Utah,School,64.0,65.0,64.0,9
2020-03-21,Utah,Professional & Other Places,57.0,60.0,57.0,10
2020-03-21,Utah,Medical,72.0,66.0,72.0,11
2020-03-21,Utah,Hotel,40.0,40.0,40.0,12
2020-03-21,Utah,Convenience Store,77.0,67.0,78.0,13
2020-03-21,Utah,Arts & Entertainment,33.0,37.0,33.0,14
2020-03-21,Utah,Residences,63.0,74.0,63.0,15
2020-03-21,Utah,Sports,69.0,66.0,69.0,16
2020-03-21,Utah,Airport,29.0,23.0,29.0,17
2020-03-21,Utah,Drug Store,85.0,93.0,85.0,18
2020-03-21,Utah,Office,82.0,88.0,82.0,19
2020-03-21,Utah,Nightlife Spots,35.0,"",35.0,20
2020-03-21,Utah,Discount Stores,79.0,"",80.0,21
2020-03-21,Utah,Travel & Transport,74.0,"",74.0,22
2020-03-21,Utah,Government,86.0,"",86.0,23
2020-03-21,Utah,Colleges & Universities,38.0,"",38.0,24
2020-03-21,Utah,Fitness Center,31.0,"",31.0,25
2020-03-21,Utah,Alcohol,84.0,"",84.0,26
2020-03-21,Utah,Banks,73.0,"",73.0,27
2020-03-21,Utah,Light Rail Stations,46.0,"",47.0,28
2020-03-22,Utah,Food,41.0,36.0,42.0,1
2020-03-22,Utah,Outdoors & Recreation,96.0,95.0,96.0,2
2020-03-22,Utah,Shops & Services,46.0,43.0,46.0,3
2020-03-22,Utah,Grocery,70.0,56.0,71.0,4
2020-03-22,Utah,Gas Stations,76.0,74.0,76.0,5
2020-03-22,Utah,Big Box Stores,70.0,54.0,70.0,6
2020-03-22,Utah,Fast Food Restaurants,66.0,52.0,67.0,7
2020-03-22,Utah,School,70.0,72.0,70.0,8
2020-03-22,Utah,Hardware Stores,100.0,90.0,100.0,9
2020-03-22,Utah,Professional & Other Places,71.0,77.0,71.0,10
2020-03-22,Utah,Hotel,35.0,37.0,35.0,11
2020-03-22,Utah,Arts & Entertainment,35.0,38.0,35.0,12
2020-03-22,Utah,Convenience Store,79.0,83.0,79.0,13
2020-03-22,Utah,Sports,80.0,92.0,79.0,14
2020-03-22,Utah,Medical,68.0,57.0,69.0,15
2020-03-22,Utah,Airport,30.0,"",30.0,16
2020-03-22,Utah,Residences,63.0,"",63.0,17
2020-03-22,Utah,Nightlife Spots,28.0,"",28.0,18
2020-03-22,Utah,Travel & Transport,84.0,"",84.0,19
2020-03-22,Utah,Drug Store,75.0,"",75.0,20
2020-03-22,Utah,Office,69.0,"",68.0,21
2020-03-22,Utah,Government,84.0,"",84.0,22
2020-03-22,Utah,Discount Stores,68.0,"",68.0,23
2020-03-22,Utah,Colleges & Universities,37.0,"",37.0,24
2020-03-22,Utah,Fitness Center,35.0,"",35.0,25
2020-03-22,Utah,Alcohol,79.0,"",79.0,26
2020-03-23,Utah,Shops & Services,75.0,66.0,75.0,1
2020-03-23,Utah,Food,63.0,49.0,63.0,2
2020-03-23,Utah,Grocery,99.0,107.0,99.0,3
2020-03-23,Utah,Gas Stations,84.0,72.0,84.0,4
2020-03-23,Utah,Outdoors & Recreation,95.0,90.0,95.0,5
2020-03-23,Utah,Fast Food Restaurants,79.0,73.0,80.0,6
2020-03-23,Utah,Medical,79.0,61.0,79.0,7
2020-03-23,Utah,Big Box Stores,85.0,73.0,85.0,8
2020-03-23,Utah,Professional & Other Places,92.0,87.0,92.0,9
2020-03-23,Utah,School,64.0,70.0,64.0,10
2020-03-23,Utah,Hardware Stores,122.0,97.0,123.0,11
2020-03-23,Utah,Office,79.0,80.0,79.0,12
2020-03-23,Utah,Hotel,51.0,48.0,51.0,13
2020-03-23,Utah,Arts & Entertainment,63.0,83.0,63.0,14
2020-03-23,Utah,Convenience Store,87.0,76.0,88.0,15
2020-03-23,Utah,Airport,29.0,23.0,29.0,16
2020-03-23,Utah,Government,85.0,75.0,86.0,17
2020-03-23,Utah,Residences,80.0,72.0,81.0,18
2020-03-23,Utah,Colleges & Universities,42.0,63.0,41.0,19
2020-03-23,Utah,Sports,90.0,82.0,90.0,20
2020-03-23,Utah,Nightlife Spots,60.0,61.0,60.0,21
2020-03-23,Utah,Travel & Transport,79.0,80.0,79.0,22
2020-03-23,Utah,Drug Store,97.0,74.0,98.0,23
2020-03-23,Utah,Fitness Center,39.0,40.0,39.0,24
2020-03-23,Utah,Discount Stores,93.0,"",94.0,25
2020-03-23,Utah,Banks,96.0,"",97.0,26
2020-03-23,Utah,Light Rail Stations,69.0,"",69.0,27
2020-03-23,Utah,Alcohol,123.0,"",124.0,28
2020-03-24,Utah,Shops & Services,63.0,51.0,64.0,1
2020-03-24,Utah,Food,55.0,46.0,55.0,2
2020-03-24,Utah,Gas Stations,75.0,59.0,76.0,3
2020-03-24,Utah,Grocery,83.0,74.0,84.0,4
2020-03-24,Utah,Outdoors & Recreation,89.0,79.0,89.0,5
2020-03-24,Utah,Fast Food Restaurants,74.0,68.0,74.0,6
2020-03-24,Utah,Big Box Stores,81.0,71.0,82.0,7
2020-03-24,Utah,Medical,59.0,48.0,60.0,8
2020-03-24,Utah,Professional & Other Places,71.0,71.0,71.0,9
2020-03-24,Utah,School,46.0,47.0,46.0,10
2020-03-24,Utah,Office,62.0,59.0,62.0,11
2020-03-24,Utah,Hardware Stores,99.0,73.0,100.0,12
2020-03-24,Utah,Hotel,48.0,43.0,49.0,13
2020-03-24,Utah,Arts & Entertainment,54.0,51.0,54.0,14
2020-03-24,Utah,Convenience Store,78.0,50.0,79.0,15
2020-03-24,Utah,Government,59.0,54.0,59.0,16
2020-03-24,Utah,Colleges & Universities,29.0,43.0,29.0,17
2020-03-24,Utah,Residences,68.0,69.0,68.0,18
2020-03-24,Utah,Sports,77.0,76.0,77.0,19
2020-03-24,Utah,Drug Store,89.0,73.0,90.0,20
2020-03-24,Utah,Airport,22.0,"",22.0,21
2020-03-24,Utah,Travel & Transport,69.0,70.0,69.0,22
2020-03-24,Utah,Nightlife Spots,46.0,50.0,46.0,23
2020-03-24,Utah,Fitness Center,30.0,"",30.0,24
2020-03-24,Utah,Discount Stores,78.0,"",79.0,25
2020-03-24,Utah,Banks,77.0,"",79.0,26
2020-03-24,Utah,Light Rail Stations,62.0,"",62.0,27
2020-03-24,Utah,Alcohol,97.0,"",99.0,28
2020-03-25,Utah,Shops & Services,59.0,50.0,60.0,1
2020-03-25,Utah,Food,53.0,45.0,54.0,2
2020-03-25,Utah,Gas Stations,76.0,69.0,77.0,3
2020-03-25,Utah,Grocery,83.0,65.0,84.0,4
2020-03-25,Utah,Outdoors & Recreation,79.0,75.0,80.0,5
2020-03-25,Utah,Fast Food Restaurants,69.0,60.0,69.0,6
2020-03-25,Utah,Big Box Stores,77.0,60.0,77.0,7
2020-03-25,Utah,Medical,57.0,41.0,57.0,8
2020-03-25,Utah,Professional & Other Places,66.0,58.0,66.0,9
2020-03-25,Utah,School,41.0,45.0,41.0,10
2020-03-25,Utah,Office,53.0,56.0,53.0,11
2020-03-25,Utah,Hardware Stores,88.0,84.0,89.0,12
2020-03-25,Utah,Hotel,44.0,42.0,44.0,13
2020-03-25,Utah,Convenience Store,72.0,66.0,72.0,14
2020-03-25,Utah,Arts & Entertainment,45.0,38.0,45.0,15
2020-03-25,Utah,Government,54.0,41.0,54.0,16
2020-03-25,Utah,Colleges & Universities,27.0,44.0,27.0,17
2020-03-25,Utah,Residences,70.0,60.0,70.0,18
2020-03-25,Utah,Sports,74.0,87.0,74.0,19
2020-03-25,Utah,Airport,25.0,19.0,25.0,20
2020-03-25,Utah,Travel & Transport,69.0,73.0,69.0,21
2020-03-25,Utah,Drug Store,79.0,59.0,80.0,22
2020-03-25,Utah,Nightlife Spots,44.0,45.0,44.0,23
2020-03-25,Utah,Fitness Center,29.0,30.0,29.0,24
2020-03-25,Utah,Discount Stores,73.0,"",73.0,25
2020-03-25,Utah,Banks,74.0,"",74.0,26
2020-03-25,Utah,Alcohol,88.0,"",90.0,27
2020-03-25,Utah,Light Rail Stations,58.0,"",59.0,28
2020-03-26,Utah,Shops & Services,58.0,47.0,58.0,1
2020-03-26,Utah,Food,51.0,38.0,52.0,2
2020-03-26,Utah,Grocery,82.0,73.0,83.0,3
2020-03-26,Utah,Gas Stations,72.0,59.0,73.0,4
2020-03-26,Utah,Outdoors & Recreation,75.0,75.0,76.0,5
2020-03-26,Utah,Fast Food Restaurants,64.0,53.0,65.0,6
2020-03-26,Utah,Big Box Stores,81.0,66.0,81.0,7
2020-03-26,Utah,Medical,56.0,40.0,56.0,8
2020-03-26,Utah,Professional & Other Places,61.0,60.0,61.0,9
2020-03-26,Utah,School,37.0,45.0,37.0,10
2020-03-26,Utah,Hardware Stores,95.0,79.0,96.0,11
2020-03-26,Utah,Office,52.0,64.0,52.0,12
2020-03-26,Utah,Hotel,40.0,39.0,40.0,13
2020-03-26,Utah,Convenience Store,69.0,62.0,69.0,14
2020-03-26,Utah,Arts & Entertainment,46.0,45.0,46.0,15
2020-03-26,Utah,Government,53.0,52.0,53.0,16
2020-03-26,Utah,Colleges & Universities,26.0,48.0,26.0,17
2020-03-26,Utah,Residences,69.0,65.0,69.0,18
2020-03-26,Utah,Airport,22.0,"",22.0,19
2020-03-26,Utah,Travel & Transport,69.0,74.0,69.0,20
2020-03-26,Utah,Sports,64.0,63.0,64.0,21
2020-03-26,Utah,Nightlife Spots,42.0,47.0,42.0,22
2020-03-26,Utah,Drug Store,82.0,64.0,83.0,23
2020-03-26,Utah,Fitness Center,29.0,34.0,29.0,24
2020-03-26,Utah,Discount Stores,67.0,"",68.0,25
2020-03-26,Utah,Banks,63.0,"",64.0,26
2020-03-26,Utah,Alcohol,81.0,"",82.0,27
2020-03-26,Utah,Light Rail Stations,46.0,"",46.0,28
2020-03-27,Utah,Shops & Services,56.0,48.0,57.0,1
2020-03-27,Utah,Food,48.0,38.0,49.0,2
2020-03-27,Utah,Grocery,82.0,73.0,83.0,3
2020-03-27,Utah,Gas Stations,67.0,59.0,68.0,4
2020-03-27,Utah,Outdoors & Recreation,75.0,71.0,76.0,5
2020-03-27,Utah,Fast Food Restaurants,65.0,60.0,66.0,6
2020-03-27,Utah,Big Box Stores,74.0,64.0,75.0,7
2020-03-27,Utah,Medical,58.0,40.0,59.0,8
2020-03-27,Utah,Professional & Other Places,64.0,58.0,64.0,9
2020-03-27,Utah,School,43.0,44.0,43.0,10
2020-03-27,Utah,Hardware Stores,101.0,80.0,102.0,11
2020-03-27,Utah,Office,54.0,47.0,54.0,12
2020-03-27,Utah,Hotel,38.0,29.0,38.0,13
2020-03-27,Utah,Convenience Store,67.0,64.0,67.0,14
2020-03-27,Utah,Arts & Entertainment,47.0,41.0,47.0,15
2020-03-27,Utah,Residences,68.0,46.0,68.0,16
2020-03-27,Utah,Government,56.0,51.0,57.0,17
2020-03-27,Utah,Colleges & Universities,29.0,53.0,29.0,18
2020-03-27,Utah,Sports,64.0,59.0,64.0,19
2020-03-27,Utah,Airport,20.0,16.0,20.0,20
2020-03-27,Utah,Drug Store,76.0,66.0,77.0,21
2020-03-27,Utah,Travel & Transport,66.0,63.0,66.0,22
2020-03-27,Utah,Nightlife Spots,37.0,33.0,37.0,23
2020-03-27,Utah,Fitness Center,30.0,"",30.0,24
2020-03-27,Utah,Discount Stores,63.0,"",63.0,25
2020-03-27,Utah,Banks,72.0,"",73.0,26
2020-03-27,Utah,Alcohol,84.0,"",85.0,27
2020-03-27,Utah,Light Rail Stations,60.0,"",60.0,28
2020-03-28,Utah,Shops & Services,45.0,38.0,45.0,1
2020-03-28,Utah,Food,42.0,35.0,42.0,2
2020-03-28,Utah,Grocery,76.0,61.0,76.0,3
2020-03-28,Utah,Outdoors & Recreation,75.0,74.0,75.0,4
2020-03-28,Utah,Gas Stations,69.0,60.0,69.0,5
2020-03-28,Utah,Big Box Stores,73.0,55.0,73.0,6
2020-03-28,Utah,Fast Food Restaurants,61.0,54.0,61.0,7
2020-03-28,Utah,Hardware Stores,98.0,77.0,98.0,8
2020-03-28,Utah,School,51.0,52.0,51.0,9
2020-03-28,Utah,Professional & Other Places,56.0,59.0,56.0,10
2020-03-28,Utah,Medical,57.0,47.0,58.0,11
2020-03-28,Utah,Hotel,30.0,33.0,30.0,12
2020-03-28,Utah,Arts & Entertainment,32.0,28.0,32.0,13
2020-03-28,Utah,Convenience Store,58.0,51.0,58.0,14
2020-03-28,Utah,Residences,59.0,56.0,59.0,15
2020-03-28,Utah,Sports,53.0,44.0,54.0,16
2020-03-28,Utah,Airport,23.0,"",23.0,17
2020-03-28,Utah,Drug Store,68.0,60.0,68.0,18
2020-03-28,Utah,Nightlife Spots,30.0,"",30.0,19
2020-03-28,Utah,Office,56.0,"",56.0,20
2020-03-28,Utah,Travel & Transport,59.0,75.0,59.0,21
2020-03-28,Utah,Discount Stores,60.0,"",60.0,22
2020-03-28,Utah,Colleges & Universities,35.0,"",35.0,23
2020-03-28,Utah,Fitness Center,28.0,"",28.0,24
2020-03-28,Utah,Government,65.0,"",65.0,25
2020-03-28,Utah,Alcohol,80.0,"",81.0,26
2020-03-28,Utah,Banks,57.0,"",58.0,27
2020-03-29,Utah,Food,34.0,29.0,34.0,1
2020-03-29,Utah,Shops & Services,36.0,42.0,36.0,2
2020-03-29,Utah,Outdoors & Recreation,61.0,65.0,61.0,3
2020-03-29,Utah,Grocery,52.0,45.0,52.0,4
2020-03-29,Utah,Gas Stations,59.0,58.0,59.0,5
2020-03-29,Utah,Big Box Stores,55.0,57.0,55.0,6
2020-03-29,Utah,Fast Food Restaurants,51.0,42.0,51.0,7
2020-03-29,Utah,School,43.0,41.0,43.0,8
2020-03-29,Utah,Hardware Stores,79.0,59.0,79.0,9
2020-03-29,Utah,Professional & Other Places,51.0,51.0,51.0,10
2020-03-29,Utah,Hotel,26.0,29.0,26.0,11
2020-03-29,Utah,Convenience Store,58.0,"",58.0,12
2020-03-29,Utah,Arts & Entertainment,27.0,41.0,27.0,13
2020-03-29,Utah,Medical,51.0,46.0,51.0,14
2020-03-29,Utah,Residences,44.0,"",44.0,15
2020-03-29,Utah,Sports,47.0,49.0,47.0,16
2020-03-29,Utah,Drug Store,62.0,"",62.0,17
2020-03-29,Utah,Airport,16.0,"",16.0,18
2020-03-29,Utah,Travel & Transport,63.0,"",64.0,19
2020-03-29,Utah,Nightlife Spots,21.0,"",20.0,20
2020-03-29,Utah,Colleges & Universities,35.0,"",36.0,21
2020-03-29,Utah,Discount Stores,54.0,"",54.0,22
2020-03-29,Utah,Government,58.0,"",58.0,23
2020-03-29,Utah,Office,51.0,"",51.0,24
2020-03-29,Utah,Fitness Center,30.0,"",30.0,25
2020-03-30,Utah,Shops & Services,60.0,53.0,60.0,1
2020-03-30,Utah,Food,51.0,45.0,51.0,2
2020-03-30,Utah,Gas Stations,70.0,67.0,70.0,3
2020-03-30,Utah,Outdoors & Recreation,81.0,83.0,81.0,4
2020-03-30,Utah,Grocery,71.0,72.0,71.0,5
2020-03-30,Utah,Fast Food Restaurants,68.0,65.0,68.0,6
2020-03-30,Utah,Big Box Stores,74.0,77.0,74.0,7
2020-03-30,Utah,Professional & Other Places,75.0,90.0,75.0,8
2020-03-30,Utah,Medical,58.0,44.0,59.0,9
2020-03-30,Utah,School,52.0,58.0,52.0,10
2020-03-30,Utah,Hardware Stores,101.0,80.0,102.0,11
2020-03-30,Utah,Office,61.0,69.0,61.0,12
2020-03-30,Utah,Hotel,40.0,43.0,39.0,13
2020-03-30,Utah,Arts & Entertainment,51.0,58.0,51.0,14
2020-03-30,Utah,Convenience Store,69.0,61.0,69.0,15
2020-03-30,Utah,Government,68.0,65.0,69.0,16
2020-03-30,Utah,Residences,65.0,55.0,66.0,17
2020-03-30,Utah,Airport,20.0,17.0,20.0,18
2020-03-30,Utah,Colleges & Universities,36.0,64.0,36.0,19
2020-03-30,Utah,Sports,74.0,94.0,73.0,20
2020-03-30,Utah,Travel & Transport,67.0,64.0,67.0,21
2020-03-30,Utah,Nightlife Spots,45.0,68.0,44.0,22
2020-03-30,Utah,Drug Store,73.0,69.0,73.0,23
2020-03-30,Utah,Fitness Center,32.0,"",32.0,24
2020-03-30,Utah,Discount Stores,71.0,"",72.0,25
2020-03-30,Utah,Banks,76.0,"",76.0,26
2020-03-30,Utah,Alcohol,110.0,"",111.0,27
2020-03-30,Utah,Light Rail Stations,52.0,"",53.0,28
2020-03-31,Utah,Shops & Services,54.0,47.0,55.0,1
2020-03-31,Utah,Food,49.0,42.0,49.0,2
2020-03-31,Utah,Gas Stations,67.0,55.0,68.0,3
2020-03-31,Utah,Outdoors & Recreation,84.0,82.0,84.0,4
2020-03-31,Utah,Grocery,67.0,57.0,67.0,5
2020-03-31,Utah,Fast Food Restaurants,70.0,58.0,71.0,6
2020-03-31,Utah,Big Box Stores,67.0,52.0,68.0,7
2020-03-31,Utah,Professional & Other Places,59.0,61.0,59.0,8
2020-03-31,Utah,Medical,44.0,33.0,45.0,9
2020-03-31,Utah,School,38.0,40.0,38.0,10
2020-03-31,Utah,Hardware Stores,95.0,91.0,95.0,11
2020-03-31,Utah,Office,46.0,54.0,46.0,12
2020-03-31,Utah,Convenience Store,67.0,51.0,67.0,13
2020-03-31,Utah,Hotel,38.0,40.0,38.0,14
2020-03-31,Utah,Arts & Entertainment,45.0,44.0,45.0,15
2020-03-31,Utah,Residences,62.0,56.0,63.0,16
2020-03-31,Utah,Government,44.0,44.0,44.0,17
2020-03-31,Utah,Colleges & Universities,25.0,47.0,25.0,18
2020-03-31,Utah,Sports,73.0,73.0,73.0,19
2020-03-31,Utah,Airport,20.0,"",20.0,20
2020-03-31,Utah,Nightlife Spots,41.0,46.0,40.0,21
2020-03-31,Utah,Travel & Transport,58.0,61.0,58.0,22
2020-03-31,Utah,Drug Store,68.0,60.0,69.0,23
2020-03-31,Utah,Fitness Center,28.0,34.0,28.0,24
2020-03-31,Utah,Discount Stores,65.0,78.0,64.0,25
2020-03-31,Utah,Banks,68.0,"",69.0,26
2020-03-31,Utah,Alcohol,81.0,"",82.0,27
2020-03-31,Utah,Light Rail Stations,40.0,"",40.0,28
2020-04-01,Utah,Shops & Services,55.0,48.0,56.0,1
2020-04-01,Utah,Food,49.0,41.0,49.0,2
2020-04-01,Utah,Gas Stations,70.0,65.0,71.0,3
2020-04-01,Utah,Outdoors & Recreation,83.0,92.0,83.0,4
2020-04-01,Utah,Grocery,72.0,67.0,73.0,5
2020-04-01,Utah,Fast Food Restaurants,70.0,58.0,70.0,6
2020-04-01,Utah,Big Box Stores,72.0,56.0,73.0,7
2020-04-01,Utah,Professional & Other Places,62.0,58.0,62.0,8
2020-04-01,Utah,Medical,45.0,39.0,45.0,9
2020-04-01,Utah,School,38.0,46.0,37.0,10
2020-04-01,Utah,Hardware Stores,98.0,82.0,99.0,11
2020-04-01,Utah,Office,47.0,62.0,47.0,12
2020-04-01,Utah,Convenience Store,68.0,55.0,68.0,13
2020-04-01,Utah,Arts & Entertainment,46.0,49.0,46.0,14
2020-04-01,Utah,Hotel,35.0,38.0,35.0,15
2020-04-01,Utah,Residences,63.0,72.0,63.0,16
2020-04-01,Utah,Government,46.0,47.0,46.0,17
2020-04-01,Utah,Colleges & Universities,24.0,"",24.0,18
2020-04-01,Utah,Sports,70.0,80.0,70.0,19
2020-04-01,Utah,Airport,23.0,19.0,23.0,20
2020-04-01,Utah,Drug Store,83.0,77.0,84.0,21
2020-04-01,Utah,Nightlife Spots,39.0,45.0,39.0,22
2020-04-01,Utah,Travel & Transport,55.0,"",55.0,23
2020-04-01,Utah,Fitness Center,25.0,30.0,24.0,24
2020-04-01,Utah,Discount Stores,56.0,"",57.0,25
2020-04-01,Utah,Banks,67.0,"",68.0,26
2020-04-01,Utah,Alcohol,104.0,"",106.0,27
2020-04-01,Utah,Light Rail Stations,45.0,"",46.0,28
