2020-03-01,Connecticut,Food,103.0,98.0,103.0,1
2020-03-01,Connecticut,Shops & Services,106.0,98.0,106.0,2
2020-03-01,Connecticut,Grocery,97.0,102.0,97.0,3
2020-03-01,Connecticut,Nightlife Spots,99.0,103.0,99.0,4
2020-03-01,Connecticut,Outdoors & Recreation,93.0,92.0,93.0,5
2020-03-01,Connecticut,Arts & Entertainment,107.0,98.0,107.0,6
2020-03-01,Connecticut,Gas Stations,108.0,111.0,108.0,7
2020-03-01,Connecticut,Big Box Stores,108.0,104.0,108.0,8
2020-03-01,Connecticut,Fast Food Restaurants,110.0,119.0,110.0,9
2020-03-01,Connecticut,Drug Store,104.0,109.0,104.0,10
2020-03-01,Connecticut,Professional & Other Places,98.0,96.0,98.0,11
2020-03-01,Connecticut,School,103.0,104.0,102.0,12
2020-03-01,Connecticut,Colleges & Universities,108.0,142.0,108.0,13
2020-03-01,Connecticut,Medical,99.0,109.0,99.0,14
2020-03-01,Connecticut,Convenience Store,109.0,106.0,109.0,15
2020-03-01,Connecticut,Travel & Transport,111.0,101.0,111.0,16
2020-03-01,Connecticut,Fitness Center,101.0,97.0,101.0,17
2020-03-01,Connecticut,Hardware Stores,109.0,106.0,109.0,18
2020-03-01,Connecticut,Sports,90.0,87.0,90.0,19
2020-03-01,Connecticut,Residences,95.0,93.0,95.0,20
2020-03-01,Connecticut,Hotel,99.0,91.0,99.0,21
2020-03-01,Connecticut,Alcohol,92.0,89.0,92.0,22
2020-03-01,Connecticut,Discount Stores,108.0,99.0,108.0,23
2020-03-01,Connecticut,Government,99.0,102.0,99.0,24
2020-03-01,Connecticut,Office,99.0,84.0,99.0,25
2020-03-01,Connecticut,Banks,114.0,116.0,114.0,26
2020-03-01,Connecticut,Airport,116.0,133.0,116.0,27
2020-03-01,Connecticut,Beach,89.0,82.0,89.0,28
2020-03-02,Connecticut,Food,103.0,99.0,103.0,1
2020-03-02,Connecticut,Shops & Services,98.0,94.0,99.0,2
2020-03-02,Connecticut,Grocery,107.0,106.0,107.0,3
2020-03-02,Connecticut,Medical,108.0,105.0,108.0,4
2020-03-02,Connecticut,School,119.0,119.0,119.0,5
2020-03-02,Connecticut,Outdoors & Recreation,104.0,104.0,105.0,6
2020-03-02,Connecticut,Colleges & Universities,100.0,116.0,100.0,7
2020-03-02,Connecticut,Gas Stations,100.0,98.0,100.0,8
2020-03-02,Connecticut,Professional & Other Places,109.0,106.0,109.0,9
2020-03-02,Connecticut,Nightlife Spots,100.0,101.0,100.0,10
2020-03-02,Connecticut,Office,104.0,95.0,105.0,11
2020-03-02,Connecticut,Fast Food Restaurants,108.0,106.0,108.0,12
2020-03-02,Connecticut,Big Box Stores,112.0,110.0,112.0,13
2020-03-02,Connecticut,Fitness Center,100.0,92.0,100.0,14
2020-03-02,Connecticut,Drug Store,105.0,100.0,106.0,15
2020-03-02,Connecticut,Arts & Entertainment,98.0,92.0,98.0,16
2020-03-02,Connecticut,Convenience Store,105.0,97.0,106.0,17
2020-03-02,Connecticut,Travel & Transport,100.0,93.0,101.0,18
2020-03-02,Connecticut,Government,112.0,107.0,112.0,19
2020-03-02,Connecticut,Banks,113.0,111.0,114.0,20
2020-03-02,Connecticut,Residences,100.0,102.0,100.0,21
2020-03-02,Connecticut,Hardware Stores,106.0,102.0,106.0,22
2020-03-02,Connecticut,Sports,98.0,100.0,98.0,23
2020-03-02,Connecticut,Hotel,97.0,87.0,98.0,24
2020-03-02,Connecticut,Alcohol,108.0,110.0,108.0,25
2020-03-02,Connecticut,Discount Stores,109.0,97.0,110.0,26
2020-03-02,Connecticut,Airport,95.0,83.0,95.0,27
2020-03-02,Connecticut,Beach,104.0,116.0,103.0,28
2020-03-02,Connecticut,Bus,104.0,"",105.0,29
2020-03-03,Connecticut,Food,103.0,98.0,104.0,1
2020-03-03,Connecticut,Shops & Services,107.0,103.0,107.0,2
2020-03-03,Connecticut,Grocery,109.0,107.0,109.0,3
2020-03-03,Connecticut,Medical,101.0,103.0,101.0,4
2020-03-03,Connecticut,School,111.0,116.0,111.0,5
2020-03-03,Connecticut,Outdoors & Recreation,113.0,120.0,112.0,6
2020-03-03,Connecticut,Colleges & Universities,95.0,95.0,95.0,7
2020-03-03,Connecticut,Gas Stations,108.0,103.0,108.0,8
2020-03-03,Connecticut,Professional & Other Places,101.0,96.0,102.0,9
2020-03-03,Connecticut,Nightlife Spots,106.0,101.0,106.0,10
2020-03-03,Connecticut,Office,97.0,102.0,97.0,11
2020-03-03,Connecticut,Fast Food Restaurants,109.0,104.0,110.0,12
2020-03-03,Connecticut,Fitness Center,97.0,96.0,97.0,13
2020-03-03,Connecticut,Drug Store,101.0,92.0,102.0,14
2020-03-03,Connecticut,Big Box Stores,111.0,109.0,111.0,15
2020-03-03,Connecticut,Arts & Entertainment,104.0,91.0,105.0,16
2020-03-03,Connecticut,Convenience Store,104.0,106.0,104.0,17
2020-03-03,Connecticut,Government,106.0,94.0,107.0,18
2020-03-03,Connecticut,Travel & Transport,99.0,105.0,99.0,19
2020-03-03,Connecticut,Banks,122.0,127.0,122.0,20
2020-03-03,Connecticut,Residences,110.0,114.0,110.0,21
2020-03-03,Connecticut,Hardware Stores,120.0,105.0,121.0,22
2020-03-03,Connecticut,Sports,109.0,123.0,108.0,23
2020-03-03,Connecticut,Alcohol,107.0,103.0,107.0,24
2020-03-03,Connecticut,Hotel,98.0,89.0,98.0,25
2020-03-03,Connecticut,Discount Stores,112.0,115.0,112.0,26
2020-03-03,Connecticut,Airport,95.0,83.0,96.0,27
2020-03-03,Connecticut,Beach,125.0,118.0,125.0,28
2020-03-03,Connecticut,Bus,95.0,"",96.0,29
2020-03-04,Connecticut,Food,100.0,96.0,100.0,1
2020-03-04,Connecticut,Shops & Services,102.0,97.0,103.0,2
2020-03-04,Connecticut,Grocery,104.0,101.0,104.0,3
2020-03-04,Connecticut,Medical,100.0,100.0,100.0,4
2020-03-04,Connecticut,School,99.0,100.0,99.0,5
2020-03-04,Connecticut,Outdoors & Recreation,101.0,101.0,101.0,6
2020-03-04,Connecticut,Colleges & Universities,93.0,95.0,93.0,7
2020-03-04,Connecticut,Gas Stations,104.0,102.0,104.0,8
2020-03-04,Connecticut,Nightlife Spots,103.0,97.0,103.0,9
2020-03-04,Connecticut,Professional & Other Places,96.0,86.0,96.0,10
2020-03-04,Connecticut,Office,95.0,94.0,95.0,11
2020-03-04,Connecticut,Fast Food Restaurants,102.0,107.0,102.0,12
2020-03-04,Connecticut,Fitness Center,97.0,94.0,97.0,13
2020-03-04,Connecticut,Arts & Entertainment,108.0,104.0,108.0,14
2020-03-04,Connecticut,Big Box Stores,106.0,93.0,106.0,15
2020-03-04,Connecticut,Drug Store,100.0,92.0,101.0,16
2020-03-04,Connecticut,Convenience Store,101.0,103.0,101.0,17
2020-03-04,Connecticut,Government,106.0,98.0,106.0,18
2020-03-04,Connecticut,Travel & Transport,96.0,85.0,96.0,19
2020-03-04,Connecticut,Residences,100.0,99.0,100.0,20
2020-03-04,Connecticut,Banks,107.0,106.0,108.0,21
2020-03-04,Connecticut,Sports,106.0,114.0,105.0,22
2020-03-04,Connecticut,Hardware Stores,99.0,100.0,99.0,23
2020-03-04,Connecticut,Hotel,92.0,83.0,92.0,24
2020-03-04,Connecticut,Alcohol,99.0,100.0,99.0,25
2020-03-04,Connecticut,Discount Stores,110.0,94.0,111.0,26
2020-03-04,Connecticut,Airport,89.0,79.0,89.0,27
2020-03-04,Connecticut,Beach,108.0,111.0,108.0,28
2020-03-04,Connecticut,Bus,98.0,"",98.0,29
2020-03-05,Connecticut,Food,107.0,103.0,107.0,1
2020-03-05,Connecticut,Shops & Services,106.0,104.0,106.0,2
2020-03-05,Connecticut,Grocery,108.0,108.0,108.0,3
2020-03-05,Connecticut,Medical,103.0,99.0,103.0,4
2020-03-05,Connecticut,School,104.0,106.0,104.0,5
2020-03-05,Connecticut,Outdoors & Recreation,115.0,121.0,115.0,6
2020-03-05,Connecticut,Colleges & Universities,96.0,104.0,96.0,7
2020-03-05,Connecticut,Gas Stations,108.0,105.0,108.0,8
2020-03-05,Connecticut,Nightlife Spots,106.0,96.0,106.0,9
2020-03-05,Connecticut,Professional & Other Places,103.0,106.0,102.0,10
2020-03-05,Connecticut,Office,97.0,95.0,97.0,11
2020-03-05,Connecticut,Fast Food Restaurants,103.0,98.0,103.0,12
2020-03-05,Connecticut,Drug Store,103.0,100.0,103.0,13
2020-03-05,Connecticut,Fitness Center,97.0,98.0,97.0,14
2020-03-05,Connecticut,Big Box Stores,103.0,107.0,103.0,15
2020-03-05,Connecticut,Arts & Entertainment,104.0,106.0,104.0,16
2020-03-05,Connecticut,Convenience Store,103.0,99.0,104.0,17
2020-03-05,Connecticut,Government,104.0,96.0,105.0,18
2020-03-05,Connecticut,Travel & Transport,105.0,101.0,105.0,19
2020-03-05,Connecticut,Residences,108.0,107.0,108.0,20
2020-03-05,Connecticut,Sports,116.0,118.0,116.0,21
2020-03-05,Connecticut,Banks,111.0,105.0,111.0,22
2020-03-05,Connecticut,Hardware Stores,111.0,109.0,112.0,23
2020-03-05,Connecticut,Alcohol,110.0,104.0,110.0,24
2020-03-05,Connecticut,Hotel,99.0,96.0,100.0,25
2020-03-05,Connecticut,Discount Stores,110.0,124.0,110.0,26
2020-03-05,Connecticut,Airport,112.0,98.0,112.0,27
2020-03-05,Connecticut,Beach,136.0,135.0,136.0,28
2020-03-05,Connecticut,Bus,104.0,"",104.0,29
2020-03-06,Connecticut,Food,102.0,96.0,102.0,1
2020-03-06,Connecticut,Shops & Services,99.0,97.0,99.0,2
2020-03-06,Connecticut,Grocery,100.0,101.0,100.0,3
2020-03-06,Connecticut,Medical,101.0,95.0,101.0,4
2020-03-06,Connecticut,School,102.0,102.0,102.0,5
2020-03-06,Connecticut,Outdoors & Recreation,106.0,102.0,106.0,6
2020-03-06,Connecticut,Nightlife Spots,105.0,98.0,106.0,7
2020-03-06,Connecticut,Gas Stations,98.0,94.0,98.0,8
2020-03-06,Connecticut,Professional & Other Places,106.0,99.0,106.0,9
2020-03-06,Connecticut,Colleges & Universities,98.0,107.0,98.0,10
2020-03-06,Connecticut,Fast Food Restaurants,101.0,96.0,102.0,11
2020-03-06,Connecticut,Big Box Stores,102.0,96.0,102.0,12
2020-03-06,Connecticut,Office,100.0,99.0,100.0,13
2020-03-06,Connecticut,Arts & Entertainment,99.0,95.0,99.0,14
2020-03-06,Connecticut,Drug Store,97.0,107.0,96.0,15
2020-03-06,Connecticut,Convenience Store,106.0,111.0,105.0,16
2020-03-06,Connecticut,Fitness Center,103.0,99.0,104.0,17
2020-03-06,Connecticut,Travel & Transport,101.0,104.0,101.0,18
2020-03-06,Connecticut,Government,106.0,94.0,107.0,19
2020-03-06,Connecticut,Banks,103.0,105.0,103.0,20
2020-03-06,Connecticut,Residences,105.0,87.0,106.0,21
2020-03-06,Connecticut,Hardware Stores,109.0,116.0,109.0,22
2020-03-06,Connecticut,Alcohol,96.0,98.0,96.0,23
2020-03-06,Connecticut,Sports,101.0,93.0,102.0,24
2020-03-06,Connecticut,Hotel,100.0,84.0,101.0,25
2020-03-06,Connecticut,Discount Stores,98.0,104.0,97.0,26
2020-03-06,Connecticut,Airport,94.0,74.0,95.0,27
2020-03-06,Connecticut,Beach,94.0,95.0,94.0,28
2020-03-06,Connecticut,Bus,94.0,"",95.0,29
2020-03-07,Connecticut,Food,100.0,97.0,101.0,1
2020-03-07,Connecticut,Shops & Services,103.0,99.0,103.0,2
2020-03-07,Connecticut,Grocery,102.0,101.0,102.0,3
2020-03-07,Connecticut,Nightlife Spots,105.0,101.0,105.0,4
2020-03-07,Connecticut,Outdoors & Recreation,103.0,104.0,103.0,5
2020-03-07,Connecticut,Arts & Entertainment,105.0,100.0,105.0,6
2020-03-07,Connecticut,Gas Stations,98.0,93.0,98.0,7
2020-03-07,Connecticut,Big Box Stores,104.0,97.0,105.0,8
2020-03-07,Connecticut,Fast Food Restaurants,100.0,105.0,100.0,9
2020-03-07,Connecticut,Professional & Other Places,101.0,81.0,102.0,10
2020-03-07,Connecticut,School,101.0,94.0,101.0,11
2020-03-07,Connecticut,Medical,100.0,88.0,100.0,12
2020-03-07,Connecticut,Drug Store,109.0,105.0,109.0,13
2020-03-07,Connecticut,Fitness Center,97.0,100.0,97.0,14
2020-03-07,Connecticut,Convenience Store,97.0,97.0,97.0,15
2020-03-07,Connecticut,Colleges & Universities,96.0,77.0,96.0,16
2020-03-07,Connecticut,Hardware Stores,109.0,97.0,109.0,17
2020-03-07,Connecticut,Travel & Transport,99.0,102.0,99.0,18
2020-03-07,Connecticut,Hotel,113.0,90.0,114.0,19
2020-03-07,Connecticut,Sports,105.0,109.0,105.0,20
2020-03-07,Connecticut,Alcohol,97.0,99.0,97.0,21
2020-03-07,Connecticut,Residences,98.0,83.0,98.0,22
2020-03-07,Connecticut,Government,109.0,97.0,109.0,23
2020-03-07,Connecticut,Discount Stores,104.0,97.0,104.0,24
2020-03-07,Connecticut,Banks,87.0,86.0,87.0,25
2020-03-07,Connecticut,Office,100.0,87.0,101.0,26
2020-03-07,Connecticut,Airport,91.0,92.0,91.0,27
2020-03-07,Connecticut,Beach,103.0,102.0,104.0,28
2020-03-07,Connecticut,Bus,101.0,"",102.0,29
2020-03-08,Connecticut,Food,105.0,99.0,105.0,1
2020-03-08,Connecticut,Shops & Services,104.0,96.0,104.0,2
2020-03-08,Connecticut,Grocery,99.0,98.0,99.0,3
2020-03-08,Connecticut,Outdoors & Recreation,122.0,110.0,123.0,4
2020-03-08,Connecticut,Nightlife Spots,105.0,111.0,104.0,5
2020-03-08,Connecticut,Arts & Entertainment,102.0,83.0,103.0,6
2020-03-08,Connecticut,Gas Stations,105.0,101.0,105.0,7
2020-03-08,Connecticut,Big Box Stores,104.0,92.0,105.0,8
2020-03-08,Connecticut,Fast Food Restaurants,113.0,105.0,114.0,9
2020-03-08,Connecticut,Professional & Other Places,109.0,94.0,110.0,10
2020-03-08,Connecticut,School,113.0,119.0,113.0,11
2020-03-08,Connecticut,Drug Store,101.0,107.0,101.0,12
2020-03-08,Connecticut,Medical,102.0,91.0,103.0,13
2020-03-08,Connecticut,Convenience Store,112.0,105.0,112.0,14
2020-03-08,Connecticut,Travel & Transport,111.0,95.0,111.0,15
2020-03-08,Connecticut,Colleges & Universities,96.0,108.0,95.0,16
2020-03-08,Connecticut,Hardware Stores,117.0,125.0,117.0,17
2020-03-08,Connecticut,Fitness Center,94.0,90.0,94.0,18
2020-03-08,Connecticut,Sports,107.0,115.0,107.0,19
2020-03-08,Connecticut,Hotel,114.0,103.0,114.0,20
2020-03-08,Connecticut,Residences,97.0,96.0,97.0,21
2020-03-08,Connecticut,Alcohol,97.0,85.0,97.0,22
2020-03-08,Connecticut,Discount Stores,111.0,107.0,111.0,23
2020-03-08,Connecticut,Government,111.0,97.0,112.0,24
2020-03-08,Connecticut,Office,105.0,88.0,106.0,25
2020-03-08,Connecticut,Beach,116.0,98.0,117.0,26
2020-03-08,Connecticut,Banks,91.0,80.0,92.0,27
2020-03-08,Connecticut,Airport,101.0,"",103.0,28
2020-03-09,Connecticut,Food,104.0,100.0,104.0,1
2020-03-09,Connecticut,Shops & Services,104.0,99.0,104.0,2
2020-03-09,Connecticut,Grocery,106.0,105.0,106.0,3
2020-03-09,Connecticut,Medical,108.0,99.0,108.0,4
2020-03-09,Connecticut,Outdoors & Recreation,127.0,122.0,128.0,5
2020-03-09,Connecticut,School,117.0,110.0,117.0,6
2020-03-09,Connecticut,Colleges & Universities,92.0,105.0,92.0,7
2020-03-09,Connecticut,Gas Stations,105.0,97.0,105.0,8
2020-03-09,Connecticut,Professional & Other Places,110.0,97.0,111.0,9
2020-03-09,Connecticut,Nightlife Spots,107.0,102.0,107.0,10
2020-03-09,Connecticut,Office,106.0,100.0,106.0,11
2020-03-09,Connecticut,Fast Food Restaurants,108.0,94.0,108.0,12
2020-03-09,Connecticut,Fitness Center,97.0,88.0,98.0,13
2020-03-09,Connecticut,Arts & Entertainment,105.0,96.0,105.0,14
2020-03-09,Connecticut,Big Box Stores,104.0,89.0,105.0,15
2020-03-09,Connecticut,Drug Store,103.0,103.0,103.0,16
2020-03-09,Connecticut,Convenience Store,105.0,106.0,105.0,17
2020-03-09,Connecticut,Travel & Transport,93.0,91.0,93.0,18
2020-03-09,Connecticut,Government,108.0,108.0,108.0,19
2020-03-09,Connecticut,Sports,123.0,130.0,122.0,20
2020-03-09,Connecticut,Banks,115.0,109.0,115.0,21
2020-03-09,Connecticut,Hardware Stores,110.0,119.0,110.0,22
2020-03-09,Connecticut,Residences,98.0,92.0,98.0,23
2020-03-09,Connecticut,Alcohol,118.0,112.0,118.0,24
2020-03-09,Connecticut,Hotel,96.0,86.0,97.0,25
2020-03-09,Connecticut,Discount Stores,107.0,95.0,107.0,26
2020-03-09,Connecticut,Beach,142.0,150.0,141.0,27
2020-03-09,Connecticut,Airport,88.0,64.0,89.0,28
2020-03-09,Connecticut,Bus,91.0,"",92.0,29
2020-03-10,Connecticut,Food,102.0,100.0,102.0,1
2020-03-10,Connecticut,Shops & Services,105.0,103.0,105.0,2
2020-03-10,Connecticut,Grocery,107.0,104.0,107.0,3
2020-03-10,Connecticut,Medical,98.0,98.0,98.0,4
2020-03-10,Connecticut,School,106.0,113.0,106.0,5
2020-03-10,Connecticut,Outdoors & Recreation,115.0,124.0,114.0,6
2020-03-10,Connecticut,Gas Stations,103.0,101.0,103.0,7
2020-03-10,Connecticut,Colleges & Universities,78.0,74.0,78.0,8
2020-03-10,Connecticut,Professional & Other Places,96.0,93.0,96.0,9
2020-03-10,Connecticut,Nightlife Spots,103.0,98.0,103.0,10
2020-03-10,Connecticut,Office,89.0,84.0,90.0,11
2020-03-10,Connecticut,Fast Food Restaurants,105.0,108.0,105.0,12
2020-03-10,Connecticut,Fitness Center,96.0,86.0,96.0,13
2020-03-10,Connecticut,Drug Store,101.0,103.0,101.0,14
2020-03-10,Connecticut,Big Box Stores,109.0,108.0,109.0,15
2020-03-10,Connecticut,Arts & Entertainment,99.0,92.0,99.0,16
2020-03-10,Connecticut,Convenience Store,101.0,104.0,101.0,17
2020-03-10,Connecticut,Government,104.0,105.0,104.0,18
2020-03-10,Connecticut,Travel & Transport,91.0,99.0,91.0,19
2020-03-10,Connecticut,Sports,116.0,111.0,117.0,20
2020-03-10,Connecticut,Residences,106.0,105.0,106.0,21
2020-03-10,Connecticut,Hardware Stores,117.0,103.0,118.0,22
2020-03-10,Connecticut,Banks,107.0,97.0,108.0,23
2020-03-10,Connecticut,Alcohol,105.0,87.0,106.0,24
2020-03-10,Connecticut,Hotel,91.0,96.0,91.0,25
2020-03-10,Connecticut,Discount Stores,113.0,113.0,113.0,26
2020-03-10,Connecticut,Airport,82.0,113.0,80.0,27
2020-03-10,Connecticut,Beach,140.0,123.0,141.0,28
2020-03-10,Connecticut,Bus,88.0,"",88.0,29
2020-03-11,Connecticut,Food,98.0,88.0,98.0,1
2020-03-11,Connecticut,Shops & Services,101.0,99.0,101.0,2
2020-03-11,Connecticut,Grocery,110.0,107.0,110.0,3
2020-03-11,Connecticut,Medical,94.0,88.0,95.0,4
2020-03-11,Connecticut,School,92.0,97.0,92.0,5
2020-03-11,Connecticut,Outdoors & Recreation,105.0,110.0,105.0,6
2020-03-11,Connecticut,Gas Stations,101.0,97.0,101.0,7
2020-03-11,Connecticut,Professional & Other Places,97.0,87.0,98.0,8
2020-03-11,Connecticut,Nightlife Spots,101.0,104.0,101.0,9
2020-03-11,Connecticut,Colleges & Universities,72.0,74.0,72.0,10
2020-03-11,Connecticut,Office,91.0,86.0,92.0,11
2020-03-11,Connecticut,Fast Food Restaurants,100.0,90.0,100.0,12
2020-03-11,Connecticut,Drug Store,107.0,95.0,107.0,13
2020-03-11,Connecticut,Big Box Stores,106.0,97.0,107.0,14
2020-03-11,Connecticut,Fitness Center,91.0,82.0,91.0,15
2020-03-11,Connecticut,Convenience Store,101.0,100.0,101.0,16
2020-03-11,Connecticut,Arts & Entertainment,93.0,83.0,94.0,17
2020-03-11,Connecticut,Government,101.0,94.0,101.0,18
2020-03-11,Connecticut,Travel & Transport,88.0,91.0,88.0,19
2020-03-11,Connecticut,Hardware Stores,109.0,114.0,108.0,20
2020-03-11,Connecticut,Residences,93.0,84.0,93.0,21
2020-03-11,Connecticut,Sports,104.0,120.0,103.0,22
2020-03-11,Connecticut,Banks,103.0,100.0,103.0,23
2020-03-11,Connecticut,Alcohol,104.0,97.0,105.0,24
2020-03-11,Connecticut,Hotel,89.0,93.0,89.0,25
2020-03-11,Connecticut,Discount Stores,112.0,96.0,113.0,26
2020-03-11,Connecticut,Airport,95.0,107.0,95.0,27
2020-03-11,Connecticut,Beach,117.0,134.0,116.0,28
2020-03-11,Connecticut,Bus,86.0,"",86.0,29
2020-03-12,Connecticut,Food,94.0,91.0,94.0,1
2020-03-12,Connecticut,Shops & Services,102.0,99.0,102.0,2
2020-03-12,Connecticut,Grocery,138.0,132.0,138.0,3
2020-03-12,Connecticut,Medical,90.0,83.0,91.0,4
2020-03-12,Connecticut,School,83.0,89.0,83.0,5
2020-03-12,Connecticut,Outdoors & Recreation,100.0,103.0,99.0,6
2020-03-12,Connecticut,Gas Stations,103.0,101.0,103.0,7
2020-03-12,Connecticut,Nightlife Spots,94.0,96.0,94.0,8
2020-03-12,Connecticut,Professional & Other Places,92.0,95.0,92.0,9
2020-03-12,Connecticut,Big Box Stores,119.0,114.0,119.0,10
2020-03-12,Connecticut,Drug Store,115.0,119.0,115.0,11
2020-03-12,Connecticut,Colleges & Universities,61.0,74.0,61.0,12
2020-03-12,Connecticut,Office,84.0,85.0,84.0,13
2020-03-12,Connecticut,Fast Food Restaurants,91.0,87.0,91.0,14
2020-03-12,Connecticut,Convenience Store,100.0,100.0,100.0,15
2020-03-12,Connecticut,Fitness Center,77.0,72.0,78.0,16
2020-03-12,Connecticut,Arts & Entertainment,85.0,89.0,85.0,17
2020-03-12,Connecticut,Government,87.0,74.0,87.0,18
2020-03-12,Connecticut,Travel & Transport,87.0,81.0,87.0,19
2020-03-12,Connecticut,Hardware Stores,121.0,117.0,121.0,20
2020-03-12,Connecticut,Residences,98.0,111.0,97.0,21
2020-03-12,Connecticut,Alcohol,109.0,104.0,109.0,22
2020-03-12,Connecticut,Banks,101.0,111.0,101.0,23
2020-03-12,Connecticut,Sports,96.0,103.0,95.0,24
2020-03-12,Connecticut,Hotel,82.0,76.0,83.0,25
2020-03-12,Connecticut,Discount Stores,121.0,141.0,121.0,26
2020-03-12,Connecticut,Airport,78.0,67.0,78.0,27
2020-03-12,Connecticut,Beach,105.0,109.0,104.0,28
2020-03-12,Connecticut,Bus,84.0,"",84.0,29
2020-03-13,Connecticut,Food,90.0,84.0,91.0,1
2020-03-13,Connecticut,Shops & Services,99.0,87.0,99.0,2
2020-03-13,Connecticut,Grocery,148.0,137.0,149.0,3
2020-03-13,Connecticut,Medical,90.0,81.0,91.0,4
2020-03-13,Connecticut,Outdoors & Recreation,101.0,94.0,102.0,5
2020-03-13,Connecticut,Gas Stations,99.0,99.0,99.0,6
2020-03-13,Connecticut,Nightlife Spots,94.0,85.0,94.0,7
2020-03-13,Connecticut,Big Box Stores,135.0,114.0,136.0,8
2020-03-13,Connecticut,Drug Store,119.0,112.0,119.0,9
2020-03-13,Connecticut,Professional & Other Places,88.0,83.0,88.0,10
2020-03-13,Connecticut,School,62.0,66.0,62.0,11
2020-03-13,Connecticut,Fast Food Restaurants,93.0,83.0,94.0,12
2020-03-13,Connecticut,Convenience Store,98.0,97.0,98.0,13
2020-03-13,Connecticut,Office,83.0,86.0,83.0,14
2020-03-13,Connecticut,Arts & Entertainment,75.0,65.0,75.0,15
2020-03-13,Connecticut,Colleges & Universities,55.0,61.0,55.0,16
2020-03-13,Connecticut,Fitness Center,79.0,72.0,79.0,17
2020-03-13,Connecticut,Travel & Transport,78.0,85.0,78.0,18
2020-03-13,Connecticut,Hardware Stores,128.0,115.0,129.0,19
2020-03-13,Connecticut,Government,93.0,90.0,93.0,20
2020-03-13,Connecticut,Alcohol,113.0,101.0,114.0,21
2020-03-13,Connecticut,Banks,101.0,107.0,101.0,22
2020-03-13,Connecticut,Residences,101.0,96.0,101.0,23
2020-03-13,Connecticut,Discount Stores,136.0,126.0,137.0,24
2020-03-13,Connecticut,Sports,90.0,90.0,90.0,25
2020-03-13,Connecticut,Hotel,79.0,68.0,79.0,26
2020-03-13,Connecticut,Airport,81.0,71.0,82.0,27
2020-03-13,Connecticut,Beach,126.0,135.0,126.0,28
2020-03-13,Connecticut,Bus,68.0,"",68.0,29
2020-03-14,Connecticut,Food,80.0,75.0,81.0,1
2020-03-14,Connecticut,Shops & Services,86.0,83.0,87.0,2
2020-03-14,Connecticut,Grocery,120.0,116.0,120.0,3
2020-03-14,Connecticut,Outdoors & Recreation,112.0,110.0,112.0,4
2020-03-14,Connecticut,Nightlife Spots,87.0,80.0,87.0,5
2020-03-14,Connecticut,Gas Stations,96.0,93.0,97.0,6
2020-03-14,Connecticut,Big Box Stores,103.0,103.0,103.0,7
2020-03-14,Connecticut,Drug Store,119.0,119.0,119.0,8
2020-03-14,Connecticut,Fast Food Restaurants,82.0,79.0,82.0,9
2020-03-14,Connecticut,Professional & Other Places,77.0,66.0,78.0,10
2020-03-14,Connecticut,Medical,88.0,72.0,88.0,11
2020-03-14,Connecticut,Arts & Entertainment,54.0,52.0,54.0,12
2020-03-14,Connecticut,Hardware Stores,124.0,108.0,125.0,13
2020-03-14,Connecticut,Convenience Store,94.0,89.0,94.0,14
2020-03-14,Connecticut,School,64.0,58.0,64.0,15
2020-03-14,Connecticut,Alcohol,107.0,106.0,107.0,16
2020-03-14,Connecticut,Fitness Center,66.0,56.0,66.0,17
2020-03-14,Connecticut,Travel & Transport,77.0,77.0,77.0,18
2020-03-14,Connecticut,Residences,97.0,81.0,98.0,19
2020-03-14,Connecticut,Discount Stores,115.0,106.0,116.0,20
2020-03-14,Connecticut,Sports,86.0,109.0,85.0,21
2020-03-14,Connecticut,Colleges & Universities,53.0,60.0,53.0,22
2020-03-14,Connecticut,Government,96.0,75.0,97.0,23
2020-03-14,Connecticut,Banks,82.0,76.0,82.0,24
2020-03-14,Connecticut,Office,93.0,87.0,93.0,25
2020-03-14,Connecticut,Hotel,63.0,55.0,63.0,26
2020-03-14,Connecticut,Beach,157.0,145.0,157.0,27
2020-03-14,Connecticut,Airport,73.0,76.0,72.0,28
2020-03-15,Connecticut,Food,72.0,66.0,72.0,1
2020-03-15,Connecticut,Shops & Services,74.0,70.0,74.0,2
2020-03-15,Connecticut,Grocery,95.0,94.0,95.0,3
2020-03-15,Connecticut,Outdoors & Recreation,102.0,97.0,102.0,4
2020-03-15,Connecticut,Nightlife Spots,76.0,72.0,76.0,5
2020-03-15,Connecticut,Gas Stations,87.0,83.0,87.0,6
2020-03-15,Connecticut,Big Box Stores,88.0,75.0,88.0,7
2020-03-15,Connecticut,Drug Store,106.0,111.0,106.0,8
2020-03-15,Connecticut,Fast Food Restaurants,82.0,84.0,82.0,9
2020-03-15,Connecticut,Arts & Entertainment,50.0,45.0,50.0,10
2020-03-15,Connecticut,Medical,85.0,71.0,85.0,11
2020-03-15,Connecticut,Professional & Other Places,74.0,63.0,74.0,12
2020-03-15,Connecticut,Hardware Stores,120.0,111.0,121.0,13
2020-03-15,Connecticut,Convenience Store,93.0,85.0,93.0,14
2020-03-15,Connecticut,School,77.0,72.0,78.0,15
2020-03-15,Connecticut,Travel & Transport,73.0,64.0,73.0,16
2020-03-15,Connecticut,Sports,80.0,93.0,79.0,17
2020-03-15,Connecticut,Fitness Center,65.0,62.0,65.0,18
2020-03-15,Connecticut,Residences,82.0,72.0,82.0,19
2020-03-15,Connecticut,Alcohol,85.0,72.0,85.0,20
2020-03-15,Connecticut,Discount Stores,96.0,86.0,97.0,21
2020-03-15,Connecticut,Colleges & Universities,52.0,63.0,52.0,22
2020-03-15,Connecticut,Beach,130.0,128.0,130.0,23
2020-03-15,Connecticut,Hotel,55.0,38.0,56.0,24
2020-03-15,Connecticut,Government,81.0,69.0,81.0,25
2020-03-15,Connecticut,Office,83.0,87.0,83.0,26
2020-03-15,Connecticut,Banks,64.0,61.0,64.0,27
2020-03-15,Connecticut,Airport,62.0,"",63.0,28
2020-03-16,Connecticut,Food,82.0,76.0,82.0,1
2020-03-16,Connecticut,Shops & Services,90.0,77.0,91.0,2
2020-03-16,Connecticut,Grocery,143.0,128.0,143.0,3
2020-03-16,Connecticut,Medical,82.0,70.0,82.0,4
2020-03-16,Connecticut,Outdoors & Recreation,93.0,86.0,94.0,5
2020-03-16,Connecticut,Gas Stations,92.0,87.0,92.0,6
2020-03-16,Connecticut,Nightlife Spots,91.0,84.0,92.0,7
2020-03-16,Connecticut,Professional & Other Places,86.0,72.0,86.0,8
2020-03-16,Connecticut,Drug Store,118.0,105.0,118.0,9
2020-03-16,Connecticut,Big Box Stores,115.0,89.0,116.0,10
2020-03-16,Connecticut,Fast Food Restaurants,85.0,79.0,85.0,11
2020-03-16,Connecticut,Convenience Store,94.0,84.0,94.0,12
2020-03-16,Connecticut,School,48.0,54.0,48.0,13
2020-03-16,Connecticut,Office,71.0,67.0,71.0,14
2020-03-16,Connecticut,Hardware Stores,126.0,106.0,128.0,15
2020-03-16,Connecticut,Arts & Entertainment,68.0,63.0,68.0,16
2020-03-16,Connecticut,Fitness Center,58.0,45.0,58.0,17
2020-03-16,Connecticut,Government,84.0,82.0,84.0,18
2020-03-16,Connecticut,Alcohol,135.0,101.0,137.0,19
2020-03-16,Connecticut,Travel & Transport,65.0,68.0,65.0,20
2020-03-16,Connecticut,Banks,105.0,102.0,105.0,21
2020-03-16,Connecticut,Colleges & Universities,32.0,45.0,32.0,22
2020-03-16,Connecticut,Residences,87.0,84.0,87.0,23
2020-03-16,Connecticut,Sports,85.0,91.0,85.0,24
2020-03-16,Connecticut,Discount Stores,126.0,122.0,126.0,25
2020-03-16,Connecticut,Hotel,66.0,72.0,66.0,26
2020-03-16,Connecticut,Airport,71.0,70.0,71.0,27
2020-03-16,Connecticut,Beach,107.0,108.0,107.0,28
2020-03-17,Connecticut,Food,61.0,55.0,62.0,1
2020-03-17,Connecticut,Shops & Services,74.0,62.0,74.0,2
2020-03-17,Connecticut,Grocery,114.0,94.0,115.0,3
2020-03-17,Connecticut,Medical,66.0,50.0,67.0,4
2020-03-17,Connecticut,Outdoors & Recreation,88.0,82.0,88.0,5
2020-03-17,Connecticut,Gas Stations,83.0,75.0,83.0,6
2020-03-17,Connecticut,Drug Store,102.0,81.0,103.0,7
2020-03-17,Connecticut,Professional & Other Places,68.0,60.0,68.0,8
2020-03-17,Connecticut,Big Box Stores,100.0,80.0,101.0,9
2020-03-17,Connecticut,Nightlife Spots,63.0,60.0,63.0,10
2020-03-17,Connecticut,Fast Food Restaurants,71.0,61.0,72.0,11
2020-03-17,Connecticut,Office,57.0,63.0,57.0,12
2020-03-17,Connecticut,School,38.0,45.0,38.0,13
2020-03-17,Connecticut,Convenience Store,82.0,73.0,83.0,14
2020-03-17,Connecticut,Hardware Stores,105.0,86.0,106.0,15
2020-03-17,Connecticut,Travel & Transport,63.0,55.0,63.0,16
2020-03-17,Connecticut,Colleges & Universities,26.0,39.0,26.0,17
2020-03-17,Connecticut,Alcohol,108.0,89.0,109.0,18
2020-03-17,Connecticut,Government,61.0,50.0,62.0,19
2020-03-17,Connecticut,Arts & Entertainment,53.0,45.0,54.0,20
2020-03-17,Connecticut,Residences,77.0,65.0,78.0,21
2020-03-17,Connecticut,Banks,75.0,67.0,75.0,22
2020-03-17,Connecticut,Sports,68.0,67.0,68.0,23
2020-03-17,Connecticut,Fitness Center,30.0,28.0,30.0,24
2020-03-17,Connecticut,Discount Stores,95.0,66.0,96.0,25
2020-03-17,Connecticut,Hotel,51.0,54.0,51.0,26
2020-03-17,Connecticut,Airport,62.0,63.0,62.0,27
2020-03-17,Connecticut,Beach,110.0,99.0,111.0,28
2020-03-17,Connecticut,Bus,55.0,"",56.0,29
2020-03-18,Connecticut,Food,58.0,52.0,59.0,1
2020-03-18,Connecticut,Shops & Services,69.0,60.0,70.0,2
2020-03-18,Connecticut,Grocery,98.0,86.0,98.0,3
2020-03-18,Connecticut,Outdoors & Recreation,108.0,99.0,108.0,4
2020-03-18,Connecticut,Medical,64.0,55.0,64.0,5
2020-03-18,Connecticut,Gas Stations,82.0,86.0,82.0,6
2020-03-18,Connecticut,Professional & Other Places,64.0,59.0,64.0,7
2020-03-18,Connecticut,Drug Store,92.0,90.0,93.0,8
2020-03-18,Connecticut,Big Box Stores,93.0,77.0,93.0,9
2020-03-18,Connecticut,Nightlife Spots,61.0,65.0,61.0,10
2020-03-18,Connecticut,School,39.0,46.0,39.0,11
2020-03-18,Connecticut,Fast Food Restaurants,70.0,61.0,71.0,12
2020-03-18,Connecticut,Convenience Store,81.0,75.0,82.0,13
2020-03-18,Connecticut,Office,53.0,51.0,53.0,14
2020-03-18,Connecticut,Hardware Stores,108.0,97.0,108.0,15
2020-03-18,Connecticut,Colleges & Universities,27.0,35.0,27.0,16
2020-03-18,Connecticut,Arts & Entertainment,50.0,47.0,51.0,17
2020-03-18,Connecticut,Alcohol,102.0,89.0,103.0,18
2020-03-18,Connecticut,Government,62.0,49.0,63.0,19
2020-03-18,Connecticut,Residences,80.0,80.0,80.0,20
2020-03-18,Connecticut,Travel & Transport,54.0,56.0,54.0,21
2020-03-18,Connecticut,Sports,85.0,107.0,84.0,22
2020-03-18,Connecticut,Banks,77.0,67.0,78.0,23
2020-03-18,Connecticut,Fitness Center,30.0,30.0,30.0,24
2020-03-18,Connecticut,Discount Stores,97.0,64.0,98.0,25
2020-03-18,Connecticut,Beach,155.0,155.0,155.0,26
2020-03-18,Connecticut,Hotel,45.0,40.0,45.0,27
2020-03-18,Connecticut,Airport,49.0,"",49.0,28
2020-03-18,Connecticut,Bus,57.0,"",58.0,29
2020-03-19,Connecticut,Food,51.0,46.0,51.0,1
2020-03-19,Connecticut,Shops & Services,62.0,52.0,62.0,2
2020-03-19,Connecticut,Grocery,103.0,91.0,103.0,3
2020-03-19,Connecticut,Medical,56.0,48.0,57.0,4
2020-03-19,Connecticut,Outdoors & Recreation,81.0,76.0,81.0,5
2020-03-19,Connecticut,Gas Stations,74.0,66.0,74.0,6
2020-03-19,Connecticut,Drug Store,89.0,82.0,90.0,7
2020-03-19,Connecticut,Big Box Stores,91.0,80.0,92.0,8
2020-03-19,Connecticut,Professional & Other Places,58.0,57.0,58.0,9
2020-03-19,Connecticut,Nightlife Spots,51.0,53.0,51.0,10
2020-03-19,Connecticut,Fast Food Restaurants,61.0,48.0,61.0,11
2020-03-19,Connecticut,School,32.0,40.0,32.0,12
2020-03-19,Connecticut,Convenience Store,73.0,70.0,73.0,13
2020-03-19,Connecticut,Office,47.0,52.0,47.0,14
2020-03-19,Connecticut,Hardware Stores,93.0,75.0,94.0,15
2020-03-19,Connecticut,Travel & Transport,53.0,54.0,53.0,16
2020-03-19,Connecticut,Government,52.0,46.0,53.0,17
2020-03-19,Connecticut,Alcohol,88.0,73.0,89.0,18
2020-03-19,Connecticut,Arts & Entertainment,43.0,47.0,43.0,19
2020-03-19,Connecticut,Residences,72.0,57.0,72.0,20
2020-03-19,Connecticut,Colleges & Universities,22.0,34.0,22.0,21
2020-03-19,Connecticut,Banks,73.0,64.0,73.0,22
2020-03-19,Connecticut,Fitness Center,29.0,29.0,29.0,23
2020-03-19,Connecticut,Sports,61.0,63.0,61.0,24
2020-03-19,Connecticut,Discount Stores,75.0,76.0,75.0,25
2020-03-19,Connecticut,Hotel,39.0,55.0,38.0,26
2020-03-19,Connecticut,Beach,113.0,115.0,113.0,27
2020-03-19,Connecticut,Airport,38.0,"",38.0,28
2020-03-20,Connecticut,Food,54.0,48.0,55.0,1
2020-03-20,Connecticut,Shops & Services,64.0,56.0,64.0,2
2020-03-20,Connecticut,Grocery,120.0,100.0,121.0,3
2020-03-20,Connecticut,Outdoors & Recreation,97.0,97.0,97.0,4
2020-03-20,Connecticut,Gas Stations,81.0,77.0,81.0,5
2020-03-20,Connecticut,Medical,61.0,51.0,61.0,6
2020-03-20,Connecticut,Big Box Stores,102.0,81.0,103.0,7
2020-03-20,Connecticut,Drug Store,93.0,84.0,94.0,8
2020-03-20,Connecticut,Professional & Other Places,65.0,57.0,66.0,9
2020-03-20,Connecticut,Nightlife Spots,53.0,49.0,54.0,10
2020-03-20,Connecticut,Fast Food Restaurants,64.0,62.0,64.0,11
2020-03-20,Connecticut,School,39.0,41.0,39.0,12
2020-03-20,Connecticut,Convenience Store,73.0,74.0,72.0,13
2020-03-20,Connecticut,Alcohol,109.0,105.0,110.0,14
2020-03-20,Connecticut,Office,57.0,54.0,57.0,15
2020-03-20,Connecticut,Hardware Stores,115.0,94.0,116.0,16
2020-03-20,Connecticut,Banks,80.0,67.0,80.0,17
2020-03-20,Connecticut,Residences,82.0,75.0,83.0,18
2020-03-20,Connecticut,Travel & Transport,50.0,51.0,50.0,19
2020-03-20,Connecticut,Arts & Entertainment,41.0,44.0,41.0,20
2020-03-20,Connecticut,Sports,87.0,91.0,87.0,21
2020-03-20,Connecticut,Government,62.0,61.0,62.0,22
2020-03-20,Connecticut,Colleges & Universities,32.0,43.0,32.0,23
2020-03-20,Connecticut,Discount Stores,90.0,63.0,91.0,24
2020-03-20,Connecticut,Fitness Center,34.0,29.0,34.0,25
2020-03-20,Connecticut,Beach,142.0,136.0,142.0,26
2020-03-20,Connecticut,Hotel,44.0,61.0,43.0,27
2020-03-20,Connecticut,Airport,39.0,"",39.0,28
2020-03-20,Connecticut,Bus,67.0,"",67.0,29
2020-03-21,Connecticut,Food,43.0,40.0,43.0,1
2020-03-21,Connecticut,Shops & Services,48.0,47.0,48.0,2
2020-03-21,Connecticut,Grocery,94.0,79.0,94.0,3
2020-03-21,Connecticut,Outdoors & Recreation,104.0,95.0,105.0,4
2020-03-21,Connecticut,Big Box Stores,79.0,72.0,79.0,5
2020-03-21,Connecticut,Gas Stations,70.0,68.0,70.0,6
2020-03-21,Connecticut,Drug Store,86.0,80.0,86.0,7
2020-03-21,Connecticut,Nightlife Spots,40.0,46.0,39.0,8
2020-03-21,Connecticut,Fast Food Restaurants,58.0,57.0,58.0,9
2020-03-21,Connecticut,Hardware Stores,111.0,98.0,111.0,10
2020-03-21,Connecticut,Medical,66.0,55.0,67.0,11
2020-03-21,Connecticut,Professional & Other Places,54.0,48.0,55.0,12
2020-03-21,Connecticut,School,53.0,50.0,53.0,13
2020-03-21,Connecticut,Convenience Store,65.0,66.0,65.0,14
2020-03-21,Connecticut,Alcohol,85.0,81.0,85.0,15
2020-03-21,Connecticut,Sports,69.0,78.0,69.0,16
2020-03-21,Connecticut,Arts & Entertainment,25.0,24.0,25.0,17
2020-03-21,Connecticut,Residences,70.0,66.0,70.0,18
2020-03-21,Connecticut,Discount Stores,82.0,64.0,82.0,19
2020-03-21,Connecticut,Banks,69.0,82.0,69.0,20
2020-03-21,Connecticut,Travel & Transport,46.0,50.0,46.0,21
2020-03-21,Connecticut,Office,75.0,72.0,75.0,22
2020-03-21,Connecticut,Beach,142.0,136.0,143.0,23
2020-03-21,Connecticut,Colleges & Universities,34.0,43.0,34.0,24
2020-03-21,Connecticut,Government,64.0,53.0,64.0,25
2020-03-21,Connecticut,Fitness Center,25.0,21.0,26.0,26
2020-03-21,Connecticut,Hotel,30.0,40.0,30.0,27
2020-03-21,Connecticut,Airport,37.0,"",37.0,28
2020-03-22,Connecticut,Food,38.0,34.0,38.0,1
2020-03-22,Connecticut,Grocery,71.0,64.0,71.0,2
2020-03-22,Connecticut,Shops & Services,41.0,36.0,41.0,3
2020-03-22,Connecticut,Outdoors & Recreation,84.0,85.0,84.0,4
2020-03-22,Connecticut,Big Box Stores,69.0,71.0,69.0,5
2020-03-22,Connecticut,Gas Stations,64.0,61.0,64.0,6
2020-03-22,Connecticut,Drug Store,76.0,74.0,76.0,7
2020-03-22,Connecticut,Nightlife Spots,33.0,36.0,33.0,8
2020-03-22,Connecticut,Fast Food Restaurants,53.0,54.0,53.0,9
2020-03-22,Connecticut,Hardware Stores,101.0,91.0,101.0,10
2020-03-22,Connecticut,Medical,62.0,53.0,62.0,11
2020-03-22,Connecticut,School,59.0,59.0,59.0,12
2020-03-22,Connecticut,Convenience Store,64.0,64.0,64.0,13
2020-03-22,Connecticut,Professional & Other Places,47.0,37.0,47.0,14
2020-03-22,Connecticut,Residences,64.0,57.0,64.0,15
2020-03-22,Connecticut,Arts & Entertainment,23.0,25.0,23.0,16
2020-03-22,Connecticut,Sports,54.0,54.0,54.0,17
2020-03-22,Connecticut,Alcohol,64.0,53.0,64.0,18
2020-03-22,Connecticut,Discount Stores,64.0,50.0,65.0,19
2020-03-22,Connecticut,Travel & Transport,38.0,32.0,38.0,20
2020-03-22,Connecticut,Beach,94.0,70.0,95.0,21
2020-03-22,Connecticut,Colleges & Universities,33.0,"",33.0,22
2020-03-22,Connecticut,Government,62.0,50.0,62.0,23
2020-03-22,Connecticut,Office,60.0,60.0,60.0,24
2020-03-22,Connecticut,Fitness Center,25.0,"",25.0,25
2020-03-22,Connecticut,Hotel,28.0,35.0,28.0,26
2020-03-22,Connecticut,Banks,56.0,"",56.0,27
2020-03-22,Connecticut,Airport,34.0,"",34.0,28
2020-03-23,Connecticut,Food,42.0,37.0,42.0,1
2020-03-23,Connecticut,Shops & Services,45.0,36.0,46.0,2
2020-03-23,Connecticut,Grocery,75.0,60.0,76.0,3
2020-03-23,Connecticut,Medical,51.0,42.0,52.0,4
2020-03-23,Connecticut,Outdoors & Recreation,54.0,57.0,54.0,5
2020-03-23,Connecticut,Gas Stations,57.0,49.0,58.0,6
2020-03-23,Connecticut,Professional & Other Places,55.0,49.0,55.0,7
2020-03-23,Connecticut,Drug Store,72.0,63.0,73.0,8
2020-03-23,Connecticut,Big Box Stores,70.0,51.0,71.0,9
2020-03-23,Connecticut,Fast Food Restaurants,55.0,52.0,55.0,10
2020-03-23,Connecticut,Nightlife Spots,45.0,46.0,45.0,11
2020-03-23,Connecticut,School,32.0,34.0,32.0,12
2020-03-23,Connecticut,Office,46.0,43.0,46.0,13
2020-03-23,Connecticut,Convenience Store,57.0,51.0,58.0,14
2020-03-23,Connecticut,Hardware Stores,78.0,66.0,79.0,15
2020-03-23,Connecticut,Government,52.0,46.0,52.0,16
2020-03-23,Connecticut,Residences,59.0,45.0,60.0,17
2020-03-23,Connecticut,Travel & Transport,37.0,33.0,37.0,18
2020-03-23,Connecticut,Arts & Entertainment,36.0,32.0,36.0,19
2020-03-23,Connecticut,Colleges & Universities,19.0,28.0,19.0,20
2020-03-23,Connecticut,Alcohol,70.0,56.0,71.0,21
2020-03-23,Connecticut,Banks,55.0,47.0,56.0,22
2020-03-23,Connecticut,Sports,49.0,46.0,49.0,23
2020-03-23,Connecticut,Fitness Center,21.0,16.0,21.0,24
2020-03-23,Connecticut,Discount Stores,65.0,48.0,66.0,25
2020-03-23,Connecticut,Hotel,37.0,47.0,36.0,26
2020-03-23,Connecticut,Beach,46.0,"",47.0,27
2020-03-23,Connecticut,Airport,30.0,"",30.0,28
2020-03-24,Connecticut,Food,46.0,42.0,46.0,1
2020-03-24,Connecticut,Shops & Services,48.0,43.0,48.0,2
2020-03-24,Connecticut,Grocery,75.0,74.0,75.0,3
2020-03-24,Connecticut,Outdoors & Recreation,89.0,91.0,89.0,4
2020-03-24,Connecticut,Medical,45.0,37.0,45.0,5
2020-03-24,Connecticut,Gas Stations,65.0,58.0,65.0,6
2020-03-24,Connecticut,Professional & Other Places,55.0,50.0,55.0,7
2020-03-24,Connecticut,Drug Store,71.0,71.0,71.0,8
2020-03-24,Connecticut,School,35.0,43.0,35.0,9
2020-03-24,Connecticut,Nightlife Spots,50.0,55.0,50.0,10
2020-03-24,Connecticut,Big Box Stores,73.0,60.0,74.0,11
2020-03-24,Connecticut,Fast Food Restaurants,59.0,51.0,59.0,12
2020-03-24,Connecticut,Convenience Store,61.0,64.0,61.0,13
2020-03-24,Connecticut,Office,41.0,41.0,41.0,14
2020-03-24,Connecticut,Residences,75.0,66.0,75.0,15
2020-03-24,Connecticut,Hardware Stores,81.0,60.0,82.0,16
2020-03-24,Connecticut,Arts & Entertainment,43.0,47.0,43.0,17
2020-03-24,Connecticut,Travel & Transport,47.0,56.0,46.0,18
2020-03-24,Connecticut,Government,45.0,47.0,45.0,19
2020-03-24,Connecticut,Colleges & Universities,20.0,31.0,19.0,20
2020-03-24,Connecticut,Sports,70.0,75.0,70.0,21
2020-03-24,Connecticut,Banks,61.0,55.0,61.0,22
2020-03-24,Connecticut,Alcohol,69.0,67.0,69.0,23
2020-03-24,Connecticut,Fitness Center,23.0,20.0,24.0,24
2020-03-24,Connecticut,Beach,170.0,185.0,169.0,25
2020-03-24,Connecticut,Discount Stores,62.0,49.0,63.0,26
2020-03-24,Connecticut,Hotel,38.0,41.0,37.0,27
2020-03-24,Connecticut,Airport,29.0,"",29.0,28
2020-03-25,Connecticut,Food,41.0,34.0,41.0,1
2020-03-25,Connecticut,Shops & Services,43.0,34.0,44.0,2
2020-03-25,Connecticut,Grocery,72.0,60.0,72.0,3
2020-03-25,Connecticut,Outdoors & Recreation,65.0,61.0,65.0,4
2020-03-25,Connecticut,Medical,44.0,35.0,45.0,5
2020-03-25,Connecticut,Gas Stations,59.0,51.0,59.0,6
2020-03-25,Connecticut,Professional & Other Places,48.0,45.0,49.0,7
2020-03-25,Connecticut,Big Box Stores,67.0,56.0,67.0,8
2020-03-25,Connecticut,Drug Store,64.0,55.0,64.0,9
2020-03-25,Connecticut,Nightlife Spots,44.0,44.0,44.0,10
2020-03-25,Connecticut,Fast Food Restaurants,52.0,45.0,52.0,11
2020-03-25,Connecticut,School,26.0,28.0,26.0,12
2020-03-25,Connecticut,Office,40.0,37.0,40.0,13
2020-03-25,Connecticut,Convenience Store,53.0,48.0,53.0,14
2020-03-25,Connecticut,Hardware Stores,81.0,66.0,82.0,15
2020-03-25,Connecticut,Government,46.0,35.0,47.0,16
2020-03-25,Connecticut,Residences,58.0,53.0,59.0,17
2020-03-25,Connecticut,Arts & Entertainment,35.0,30.0,35.0,18
2020-03-25,Connecticut,Colleges & Universities,18.0,25.0,18.0,19
2020-03-25,Connecticut,Travel & Transport,37.0,35.0,37.0,20
2020-03-25,Connecticut,Alcohol,65.0,62.0,66.0,21
2020-03-25,Connecticut,Sports,54.0,54.0,54.0,22
2020-03-25,Connecticut,Banks,49.0,42.0,50.0,23
2020-03-25,Connecticut,Fitness Center,20.0,16.0,20.0,24
2020-03-25,Connecticut,Discount Stores,59.0,37.0,60.0,25
2020-03-25,Connecticut,Hotel,30.0,32.0,30.0,26
2020-03-25,Connecticut,Beach,75.0,75.0,75.0,27
2020-03-25,Connecticut,Airport,25.0,"",26.0,28
2020-03-26,Connecticut,Food,47.0,43.0,47.0,1
2020-03-26,Connecticut,Shops & Services,49.0,43.0,49.0,2
2020-03-26,Connecticut,Grocery,78.0,62.0,78.0,3
2020-03-26,Connecticut,Outdoors & Recreation,110.0,110.0,110.0,4
2020-03-26,Connecticut,Medical,48.0,43.0,48.0,5
2020-03-26,Connecticut,Gas Stations,66.0,63.0,66.0,6
2020-03-26,Connecticut,Professional & Other Places,58.0,53.0,58.0,7
2020-03-26,Connecticut,School,36.0,48.0,36.0,8
2020-03-26,Connecticut,Nightlife Spots,50.0,56.0,49.0,9
2020-03-26,Connecticut,Big Box Stores,72.0,63.0,73.0,10
2020-03-26,Connecticut,Drug Store,69.0,58.0,70.0,11
2020-03-26,Connecticut,Fast Food Restaurants,59.0,56.0,59.0,12
2020-03-26,Connecticut,Convenience Store,61.0,61.0,61.0,13
2020-03-26,Connecticut,Office,43.0,46.0,43.0,14
2020-03-26,Connecticut,Hardware Stores,92.0,77.0,93.0,15
2020-03-26,Connecticut,Residences,74.0,75.0,74.0,16
2020-03-26,Connecticut,Sports,81.0,89.0,81.0,17
2020-03-26,Connecticut,Government,50.0,39.0,50.0,18
2020-03-26,Connecticut,Arts & Entertainment,44.0,43.0,44.0,19
2020-03-26,Connecticut,Alcohol,76.0,70.0,77.0,20
2020-03-26,Connecticut,Colleges & Universities,21.0,34.0,21.0,21
2020-03-26,Connecticut,Travel & Transport,41.0,45.0,41.0,22
2020-03-26,Connecticut,Banks,59.0,56.0,59.0,23
2020-03-26,Connecticut,Beach,175.0,140.0,178.0,24
2020-03-26,Connecticut,Fitness Center,24.0,23.0,24.0,25
2020-03-26,Connecticut,Discount Stores,60.0,50.0,60.0,26
2020-03-26,Connecticut,Hotel,39.0,41.0,39.0,27
2020-03-26,Connecticut,Airport,30.0,"",29.0,28
2020-03-27,Connecticut,Food,48.0,42.0,48.0,1
2020-03-27,Connecticut,Shops & Services,48.0,41.0,48.0,2
2020-03-27,Connecticut,Grocery,77.0,65.0,77.0,3
2020-03-27,Connecticut,Outdoors & Recreation,111.0,100.0,112.0,4
2020-03-27,Connecticut,Medical,50.0,44.0,50.0,5
2020-03-27,Connecticut,Gas Stations,66.0,59.0,66.0,6
2020-03-27,Connecticut,Professional & Other Places,59.0,55.0,59.0,7
2020-03-27,Connecticut,Nightlife Spots,49.0,51.0,49.0,8
2020-03-27,Connecticut,Fast Food Restaurants,64.0,49.0,64.0,9
2020-03-27,Connecticut,Big Box Stores,72.0,57.0,73.0,10
2020-03-27,Connecticut,School,38.0,45.0,38.0,11
2020-03-27,Connecticut,Drug Store,63.0,53.0,63.0,12
2020-03-27,Connecticut,Convenience Store,61.0,48.0,62.0,13
2020-03-27,Connecticut,Office,51.0,57.0,50.0,14
2020-03-27,Connecticut,Hardware Stores,96.0,76.0,97.0,15
2020-03-27,Connecticut,Alcohol,80.0,63.0,81.0,16
2020-03-27,Connecticut,Sports,88.0,86.0,88.0,17
2020-03-27,Connecticut,Arts & Entertainment,39.0,44.0,39.0,18
2020-03-27,Connecticut,Residences,69.0,67.0,69.0,19
2020-03-27,Connecticut,Government,54.0,49.0,54.0,20
2020-03-27,Connecticut,Banks,57.0,53.0,58.0,21
2020-03-27,Connecticut,Colleges & Universities,27.0,43.0,27.0,22
2020-03-27,Connecticut,Travel & Transport,40.0,42.0,40.0,23
2020-03-27,Connecticut,Beach,174.0,171.0,174.0,24
2020-03-27,Connecticut,Fitness Center,27.0,23.0,27.0,25
2020-03-27,Connecticut,Discount Stores,64.0,53.0,65.0,26
2020-03-27,Connecticut,Hotel,36.0,37.0,36.0,27
2020-03-27,Connecticut,Airport,19.0,"",19.0,28
2020-03-27,Connecticut,Bus,65.0,"",66.0,29
2020-03-28,Connecticut,Food,35.0,32.0,35.0,1
2020-03-28,Connecticut,Shops & Services,34.0,32.0,34.0,2
2020-03-28,Connecticut,Grocery,75.0,64.0,76.0,3
2020-03-28,Connecticut,Outdoors & Recreation,74.0,68.0,74.0,4
2020-03-28,Connecticut,Big Box Stores,67.0,64.0,67.0,5
2020-03-28,Connecticut,Gas Stations,57.0,56.0,57.0,6
2020-03-28,Connecticut,Fast Food Restaurants,52.0,46.0,52.0,7
2020-03-28,Connecticut,Drug Store,66.0,62.0,66.0,8
2020-03-28,Connecticut,Hardware Stores,93.0,84.0,93.0,9
2020-03-28,Connecticut,Nightlife Spots,31.0,35.0,31.0,10
2020-03-28,Connecticut,Medical,52.0,41.0,52.0,11
2020-03-28,Connecticut,Professional & Other Places,43.0,41.0,43.0,12
2020-03-28,Connecticut,Convenience Store,52.0,42.0,53.0,13
2020-03-28,Connecticut,School,40.0,43.0,39.0,14
2020-03-28,Connecticut,Alcohol,65.0,68.0,65.0,15
2020-03-28,Connecticut,Residences,55.0,57.0,55.0,16
2020-03-28,Connecticut,Sports,52.0,67.0,52.0,17
2020-03-28,Connecticut,Arts & Entertainment,18.0,22.0,18.0,18
2020-03-28,Connecticut,Banks,53.0,53.0,53.0,19
2020-03-28,Connecticut,Discount Stores,54.0,49.0,55.0,20
2020-03-28,Connecticut,Government,55.0,41.0,55.0,21
2020-03-28,Connecticut,Colleges & Universities,30.0,40.0,29.0,22
2020-03-28,Connecticut,Travel & Transport,30.0,40.0,30.0,23
2020-03-28,Connecticut,Office,55.0,"",56.0,24
2020-03-28,Connecticut,Fitness Center,20.0,20.0,20.0,25
2020-03-28,Connecticut,Beach,77.0,91.0,76.0,26
2020-03-28,Connecticut,Hotel,23.0,"",23.0,27
2020-03-29,Connecticut,Food,24.0,19.0,24.0,1
2020-03-29,Connecticut,Grocery,53.0,47.0,53.0,2
2020-03-29,Connecticut,Shops & Services,25.0,22.0,25.0,3
2020-03-29,Connecticut,Big Box Stores,50.0,41.0,50.0,4
2020-03-29,Connecticut,Outdoors & Recreation,33.0,33.0,33.0,5
2020-03-29,Connecticut,Gas Stations,41.0,38.0,42.0,6
2020-03-29,Connecticut,Drug Store,53.0,50.0,53.0,7
2020-03-29,Connecticut,Fast Food Restaurants,41.0,41.0,41.0,8
2020-03-29,Connecticut,Hardware Stores,67.0,65.0,67.0,9
2020-03-29,Connecticut,Nightlife Spots,18.0,18.0,18.0,10
2020-03-29,Connecticut,Medical,41.0,28.0,41.0,11
2020-03-29,Connecticut,Convenience Store,39.0,31.0,39.0,12
2020-03-29,Connecticut,Professional & Other Places,30.0,26.0,30.0,13
2020-03-29,Connecticut,School,27.0,25.0,27.0,14
2020-03-29,Connecticut,Residences,34.0,"",34.0,15
2020-03-29,Connecticut,Alcohol,38.0,33.0,38.0,16
2020-03-29,Connecticut,Discount Stores,45.0,"",45.0,17
2020-03-29,Connecticut,Arts & Entertainment,11.0,"",11.0,18
2020-03-29,Connecticut,Travel & Transport,22.0,"",22.0,19
2020-03-29,Connecticut,Government,37.0,"",37.0,20
2020-03-29,Connecticut,Office,40.0,"",40.0,21
2020-03-29,Connecticut,Sports,20.0,"",20.0,22
2020-03-29,Connecticut,Colleges & Universities,19.0,"",18.0,23
2020-03-29,Connecticut,Fitness Center,15.0,"",15.0,24
2020-03-29,Connecticut,Banks,31.0,"",31.0,25
2020-03-29,Connecticut,Hotel,15.0,"",15.0,26
2020-03-29,Connecticut,Beach,32.0,"",32.0,27
2020-03-30,Connecticut,Food,40.0,39.0,40.0,1
2020-03-30,Connecticut,Shops & Services,42.0,40.0,42.0,2
2020-03-30,Connecticut,Grocery,71.0,65.0,71.0,3
2020-03-30,Connecticut,Outdoors & Recreation,62.0,65.0,62.0,4
2020-03-30,Connecticut,Medical,44.0,34.0,44.0,5
2020-03-30,Connecticut,Gas Stations,56.0,51.0,57.0,6
2020-03-30,Connecticut,Professional & Other Places,54.0,53.0,54.0,7
2020-03-30,Connecticut,Big Box Stores,65.0,52.0,65.0,8
2020-03-30,Connecticut,Drug Store,63.0,55.0,63.0,9
2020-03-30,Connecticut,School,33.0,39.0,33.0,10
2020-03-30,Connecticut,Fast Food Restaurants,50.0,44.0,50.0,11
2020-03-30,Connecticut,Nightlife Spots,39.0,44.0,38.0,12
2020-03-30,Connecticut,Convenience Store,55.0,46.0,55.0,13
2020-03-30,Connecticut,Office,42.0,45.0,42.0,14
2020-03-30,Connecticut,Hardware Stores,84.0,66.0,85.0,15
2020-03-30,Connecticut,Residences,53.0,58.0,53.0,16
2020-03-30,Connecticut,Government,46.0,43.0,46.0,17
2020-03-30,Connecticut,Arts & Entertainment,35.0,40.0,34.0,18
2020-03-30,Connecticut,Colleges & Universities,19.0,27.0,18.0,19
2020-03-30,Connecticut,Alcohol,69.0,55.0,70.0,20
2020-03-30,Connecticut,Banks,54.0,42.0,55.0,21
2020-03-30,Connecticut,Travel & Transport,30.0,26.0,30.0,22
2020-03-30,Connecticut,Sports,47.0,45.0,47.0,23
2020-03-30,Connecticut,Fitness Center,20.0,18.0,20.0,24
2020-03-30,Connecticut,Discount Stores,64.0,56.0,64.0,25
2020-03-30,Connecticut,Hotel,32.0,38.0,31.0,26
2020-03-30,Connecticut,Beach,73.0,91.0,72.0,27
2020-03-30,Connecticut,Airport,22.0,"",22.0,28
2020-03-31,Connecticut,Food,41.0,36.0,41.0,1
2020-03-31,Connecticut,Shops & Services,43.0,38.0,43.0,2
2020-03-31,Connecticut,Grocery,67.0,62.0,68.0,3
2020-03-31,Connecticut,Outdoors & Recreation,77.0,80.0,77.0,4
2020-03-31,Connecticut,Medical,37.0,30.0,37.0,5
2020-03-31,Connecticut,Gas Stations,59.0,55.0,59.0,6
2020-03-31,Connecticut,Professional & Other Places,47.0,43.0,47.0,7
2020-03-31,Connecticut,Drug Store,62.0,52.0,62.0,8
2020-03-31,Connecticut,Fast Food Restaurants,55.0,44.0,56.0,9
2020-03-31,Connecticut,Big Box Stores,64.0,58.0,64.0,10
2020-03-31,Connecticut,Nightlife Spots,42.0,45.0,42.0,11
2020-03-31,Connecticut,School,27.0,32.0,27.0,12
2020-03-31,Connecticut,Convenience Store,57.0,55.0,57.0,13
2020-03-31,Connecticut,Office,35.0,37.0,34.0,14
2020-03-31,Connecticut,Hardware Stores,81.0,66.0,82.0,15
2020-03-31,Connecticut,Banks,61.0,51.0,62.0,16
2020-03-31,Connecticut,Residences,57.0,55.0,57.0,17
2020-03-31,Connecticut,Arts & Entertainment,35.0,38.0,35.0,18
2020-03-31,Connecticut,Government,39.0,31.0,39.0,19
2020-03-31,Connecticut,Alcohol,66.0,63.0,66.0,20
2020-03-31,Connecticut,Travel & Transport,37.0,40.0,37.0,21
2020-03-31,Connecticut,Colleges & Universities,16.0,28.0,16.0,22
2020-03-31,Connecticut,Sports,52.0,56.0,52.0,23
2020-03-31,Connecticut,Fitness Center,20.0,18.0,21.0,24
2020-03-31,Connecticut,Discount Stores,55.0,58.0,55.0,25
2020-03-31,Connecticut,Beach,111.0,118.0,111.0,26
2020-03-31,Connecticut,Hotel,30.0,30.0,30.0,27
2020-04-01,Connecticut,Food,44.0,38.0,44.0,1
2020-04-01,Connecticut,Shops & Services,46.0,39.0,46.0,2
2020-04-01,Connecticut,Grocery,71.0,58.0,72.0,3
2020-04-01,Connecticut,Outdoors & Recreation,83.0,84.0,83.0,4
2020-04-01,Connecticut,Medical,40.0,33.0,41.0,5
2020-04-01,Connecticut,Gas Stations,63.0,62.0,63.0,6
2020-04-01,Connecticut,Professional & Other Places,50.0,42.0,51.0,7
2020-04-01,Connecticut,Big Box Stores,71.0,53.0,72.0,8
2020-04-01,Connecticut,Drug Store,67.0,59.0,67.0,9
2020-04-01,Connecticut,Fast Food Restaurants,57.0,46.0,57.0,10
2020-04-01,Connecticut,School,29.0,30.0,29.0,11
2020-04-01,Connecticut,Nightlife Spots,43.0,48.0,43.0,12
2020-04-01,Connecticut,Convenience Store,59.0,49.0,59.0,13
2020-04-01,Connecticut,Office,36.0,36.0,36.0,14
2020-04-01,Connecticut,Hardware Stores,85.0,78.0,85.0,15
2020-04-01,Connecticut,Residences,62.0,56.0,62.0,16
2020-04-01,Connecticut,Government,45.0,35.0,46.0,17
2020-04-01,Connecticut,Arts & Entertainment,35.0,33.0,35.0,18
2020-04-01,Connecticut,Banks,62.0,65.0,62.0,19
2020-04-01,Connecticut,Colleges & Universities,18.0,32.0,18.0,20
2020-04-01,Connecticut,Alcohol,70.0,54.0,71.0,21
2020-04-01,Connecticut,Sports,63.0,65.0,63.0,22
2020-04-01,Connecticut,Travel & Transport,35.0,29.0,35.0,23
2020-04-01,Connecticut,Discount Stores,70.0,53.0,71.0,24
2020-04-01,Connecticut,Fitness Center,20.0,20.0,20.0,25
2020-04-01,Connecticut,Beach,112.0,144.0,110.0,26
2020-04-01,Connecticut,Hotel,28.0,37.0,28.0,27
2020-04-01,Connecticut,Airport,23.0,"",23.0,28
2020-04-02,Connecticut,Food,40.0,38.0,40.0,1
2020-04-02,Connecticut,Shops & Services,44.0,37.0,44.0,2
2020-04-02,Connecticut,Grocery,74.0,58.0,75.0,3
2020-04-02,Connecticut,Outdoors & Recreation,75.0,72.0,75.0,4
2020-04-02,Connecticut,Medical,39.0,36.0,39.0,5
2020-04-02,Connecticut,Gas Stations,59.0,53.0,59.0,6
2020-04-02,Connecticut,Professional & Other Places,49.0,48.0,49.0,7
2020-04-02,Connecticut,Drug Store,60.0,59.0,60.0,8
2020-04-02,Connecticut,Big Box Stores,61.0,53.0,62.0,9
2020-04-02,Connecticut,Fast Food Restaurants,52.0,43.0,53.0,10
2020-04-02,Connecticut,Nightlife Spots,39.0,39.0,39.0,11
2020-04-02,Connecticut,School,27.0,35.0,26.0,12
2020-04-02,Connecticut,Convenience Store,53.0,56.0,53.0,13
2020-04-02,Connecticut,Hardware Stores,89.0,67.0,91.0,14
2020-04-02,Connecticut,Office,34.0,34.0,34.0,15
2020-04-02,Connecticut,Alcohol,69.0,54.0,70.0,16
2020-04-02,Connecticut,Government,40.0,32.0,41.0,17
2020-04-02,Connecticut,Banks,61.0,55.0,62.0,18
2020-04-02,Connecticut,Residences,55.0,46.0,56.0,19
2020-04-02,Connecticut,Arts & Entertainment,32.0,36.0,32.0,20
2020-04-02,Connecticut,Colleges & Universities,17.0,31.0,17.0,21
2020-04-02,Connecticut,Sports,57.0,57.0,57.0,22
2020-04-02,Connecticut,Travel & Transport,34.0,35.0,34.0,23
2020-04-02,Connecticut,Fitness Center,23.0,25.0,23.0,24
2020-04-02,Connecticut,Discount Stores,63.0,60.0,63.0,25
2020-04-02,Connecticut,Beach,93.0,81.0,93.0,26
2020-04-02,Connecticut,Hotel,27.0,30.0,27.0,27
2020-04-02,Connecticut,Airport,23.0,"",23.0,28
