2020-03-01,West Virginia,Food,112.0,112.0,112.0,1
2020-03-01,West Virginia,Shops & Services,119.0,110.0,119.0,2
2020-03-01,West Virginia,Gas Stations,114.0,121.0,113.0,3
2020-03-01,West Virginia,Fast Food Restaurants,120.0,116.0,120.0,4
2020-03-01,West Virginia,Big Box Stores,110.0,114.0,110.0,5
2020-03-01,West Virginia,Grocery,100.0,96.0,100.0,6
2020-03-01,West Virginia,Nightlife Spots,108.0,107.0,108.0,7
2020-03-01,West Virginia,Outdoors & Recreation,106.0,110.0,106.0,8
2020-03-01,West Virginia,Arts & Entertainment,109.0,100.0,109.0,9
2020-03-01,West Virginia,Discount Stores,111.0,108.0,112.0,10
2020-03-01,West Virginia,Medical,109.0,115.0,109.0,11
2020-03-01,West Virginia,Hotel,110.0,124.0,110.0,12
2020-03-01,West Virginia,Convenience Store,114.0,95.0,114.0,13
2020-03-01,West Virginia,School,105.0,106.0,105.0,14
2020-03-01,West Virginia,Professional & Other Places,110.0,105.0,110.0,15
2020-03-01,West Virginia,Hardware Stores,118.0,125.0,118.0,16
2020-03-01,West Virginia,Drug Store,104.0,96.0,105.0,17
2020-03-01,West Virginia,Travel & Transport,118.0,146.0,117.0,18
2020-03-01,West Virginia,Colleges & Universities,90.0,116.0,90.0,19
2020-03-01,West Virginia,Government,104.0,100.0,104.0,20
2020-03-01,West Virginia,Sports,107.0,114.0,107.0,21
2020-03-01,West Virginia,Fitness Center,98.0,114.0,98.0,22
2020-03-01,West Virginia,Residences,98.0,"",99.0,23
2020-03-01,West Virginia,Banks,115.0,"",116.0,24
2020-03-01,West Virginia,Office,118.0,"",118.0,25
2020-03-01,West Virginia,Skiing,89.0,"",89.0,26
2020-03-01,West Virginia,Airport,130.0,"",131.0,27
2020-03-02,West Virginia,Food,109.0,102.0,109.0,1
2020-03-02,West Virginia,Shops & Services,109.0,108.0,109.0,2
2020-03-02,West Virginia,Gas Stations,106.0,92.0,107.0,3
2020-03-02,West Virginia,Fast Food Restaurants,112.0,112.0,112.0,4
2020-03-02,West Virginia,Medical,104.0,97.0,104.0,5
2020-03-02,West Virginia,Grocery,107.0,106.0,107.0,6
2020-03-02,West Virginia,Big Box Stores,106.0,102.0,106.0,7
2020-03-02,West Virginia,School,106.0,95.0,106.0,8
2020-03-02,West Virginia,Colleges & Universities,92.0,86.0,92.0,9
2020-03-02,West Virginia,Nightlife Spots,109.0,103.0,109.0,10
2020-03-02,West Virginia,Outdoors & Recreation,96.0,90.0,97.0,11
2020-03-02,West Virginia,Professional & Other Places,111.0,99.0,111.0,12
2020-03-02,West Virginia,Discount Stores,114.0,110.0,114.0,13
2020-03-02,West Virginia,Government,118.0,108.0,119.0,14
2020-03-02,West Virginia,Convenience Store,101.0,91.0,101.0,15
2020-03-02,West Virginia,Drug Store,107.0,101.0,108.0,16
2020-03-02,West Virginia,Arts & Entertainment,107.0,101.0,107.0,17
2020-03-02,West Virginia,Hotel,101.0,99.0,101.0,18
2020-03-02,West Virginia,Hardware Stores,103.0,91.0,104.0,19
2020-03-02,West Virginia,Travel & Transport,105.0,96.0,105.0,20
2020-03-02,West Virginia,Fitness Center,100.0,93.0,101.0,21
2020-03-02,West Virginia,Office,116.0,110.0,116.0,22
2020-03-02,West Virginia,Banks,123.0,117.0,124.0,23
2020-03-02,West Virginia,Sports,96.0,83.0,97.0,24
2020-03-02,West Virginia,Residences,106.0,"",106.0,25
2020-03-02,West Virginia,Airport,115.0,"",116.0,26
2020-03-03,West Virginia,Food,110.0,110.0,110.0,1
2020-03-03,West Virginia,Shops & Services,112.0,106.0,112.0,2
2020-03-03,West Virginia,Gas Stations,104.0,109.0,103.0,3
2020-03-03,West Virginia,Fast Food Restaurants,108.0,99.0,109.0,4
2020-03-03,West Virginia,Medical,102.0,93.0,103.0,5
2020-03-03,West Virginia,Grocery,106.0,105.0,106.0,6
2020-03-03,West Virginia,Big Box Stores,114.0,112.0,114.0,7
2020-03-03,West Virginia,School,104.0,111.0,104.0,8
2020-03-03,West Virginia,Colleges & Universities,96.0,105.0,96.0,9
2020-03-03,West Virginia,Outdoors & Recreation,106.0,106.0,106.0,10
2020-03-03,West Virginia,Nightlife Spots,109.0,88.0,110.0,11
2020-03-03,West Virginia,Professional & Other Places,112.0,105.0,113.0,12
2020-03-03,West Virginia,Discount Stores,113.0,102.0,113.0,13
2020-03-03,West Virginia,Government,112.0,109.0,113.0,14
2020-03-03,West Virginia,Drug Store,112.0,113.0,112.0,15
2020-03-03,West Virginia,Convenience Store,103.0,90.0,104.0,16
2020-03-03,West Virginia,Arts & Entertainment,103.0,96.0,103.0,17
2020-03-03,West Virginia,Hotel,98.0,94.0,98.0,18
2020-03-03,West Virginia,Hardware Stores,116.0,115.0,116.0,19
2020-03-03,West Virginia,Travel & Transport,109.0,113.0,109.0,20
2020-03-03,West Virginia,Fitness Center,107.0,94.0,107.0,21
2020-03-03,West Virginia,Banks,136.0,139.0,136.0,22
2020-03-03,West Virginia,Sports,111.0,101.0,111.0,23
2020-03-03,West Virginia,Office,103.0,102.0,103.0,24
2020-03-03,West Virginia,Residences,106.0,135.0,106.0,25
2020-03-03,West Virginia,Airport,102.0,"",103.0,26
2020-03-03,West Virginia,Alcohol,130.0,"",129.0,27
2020-03-04,West Virginia,Food,106.0,107.0,106.0,1
2020-03-04,West Virginia,Shops & Services,110.0,103.0,111.0,2
2020-03-04,West Virginia,Gas Stations,106.0,102.0,106.0,3
2020-03-04,West Virginia,Fast Food Restaurants,113.0,115.0,113.0,4
2020-03-04,West Virginia,Medical,103.0,94.0,103.0,5
2020-03-04,West Virginia,Grocery,103.0,96.0,104.0,6
2020-03-04,West Virginia,School,105.0,101.0,105.0,7
2020-03-04,West Virginia,Big Box Stores,102.0,101.0,102.0,8
2020-03-04,West Virginia,Outdoors & Recreation,121.0,125.0,121.0,9
2020-03-04,West Virginia,Colleges & Universities,101.0,113.0,101.0,10
2020-03-04,West Virginia,Nightlife Spots,104.0,100.0,104.0,11
2020-03-04,West Virginia,Professional & Other Places,106.0,92.0,106.0,12
2020-03-04,West Virginia,Discount Stores,112.0,117.0,112.0,13
2020-03-04,West Virginia,Government,104.0,92.0,104.0,14
2020-03-04,West Virginia,Arts & Entertainment,109.0,125.0,108.0,15
2020-03-04,West Virginia,Convenience Store,100.0,93.0,101.0,16
2020-03-04,West Virginia,Drug Store,104.0,86.0,104.0,17
2020-03-04,West Virginia,Hotel,103.0,105.0,103.0,18
2020-03-04,West Virginia,Hardware Stores,111.0,108.0,111.0,19
2020-03-04,West Virginia,Travel & Transport,108.0,125.0,107.0,20
2020-03-04,West Virginia,Fitness Center,105.0,101.0,106.0,21
2020-03-04,West Virginia,Banks,119.0,119.0,119.0,22
2020-03-04,West Virginia,Office,101.0,97.0,101.0,23
2020-03-04,West Virginia,Sports,109.0,115.0,108.0,24
2020-03-04,West Virginia,Residences,109.0,"",109.0,25
2020-03-04,West Virginia,Airport,113.0,"",114.0,26
2020-03-04,West Virginia,Alcohol,119.0,"",118.0,27
2020-03-05,West Virginia,Food,111.0,108.0,111.0,1
2020-03-05,West Virginia,Shops & Services,114.0,122.0,114.0,2
2020-03-05,West Virginia,Gas Stations,110.0,105.0,111.0,3
2020-03-05,West Virginia,Fast Food Restaurants,113.0,120.0,113.0,4
2020-03-05,West Virginia,Medical,103.0,111.0,103.0,5
2020-03-05,West Virginia,Grocery,111.0,105.0,112.0,6
2020-03-05,West Virginia,School,107.0,111.0,107.0,7
2020-03-05,West Virginia,Big Box Stores,104.0,100.0,104.0,8
2020-03-05,West Virginia,Outdoors & Recreation,123.0,115.0,123.0,9
2020-03-05,West Virginia,Nightlife Spots,120.0,119.0,121.0,10
2020-03-05,West Virginia,Professional & Other Places,120.0,119.0,120.0,11
2020-03-05,West Virginia,Colleges & Universities,101.0,102.0,100.0,12
2020-03-05,West Virginia,Discount Stores,113.0,120.0,113.0,13
2020-03-05,West Virginia,Arts & Entertainment,121.0,116.0,122.0,14
2020-03-05,West Virginia,Convenience Store,105.0,103.0,105.0,15
2020-03-05,West Virginia,Government,105.0,103.0,105.0,16
2020-03-05,West Virginia,Drug Store,110.0,99.0,111.0,17
2020-03-05,West Virginia,Hotel,109.0,115.0,108.0,18
2020-03-05,West Virginia,Hardware Stores,115.0,124.0,115.0,19
2020-03-05,West Virginia,Travel & Transport,112.0,93.0,113.0,20
2020-03-05,West Virginia,Fitness Center,110.0,106.0,110.0,21
2020-03-05,West Virginia,Banks,128.0,137.0,127.0,22
2020-03-05,West Virginia,Sports,120.0,128.0,120.0,23
2020-03-05,West Virginia,Office,110.0,135.0,109.0,24
2020-03-05,West Virginia,Residences,115.0,"",115.0,25
2020-03-05,West Virginia,Airport,135.0,"",137.0,26
2020-03-05,West Virginia,Alcohol,128.0,"",127.0,27
2020-03-06,West Virginia,Food,105.0,103.0,105.0,1
2020-03-06,West Virginia,Shops & Services,107.0,98.0,107.0,2
2020-03-06,West Virginia,Gas Stations,104.0,99.0,104.0,3
2020-03-06,West Virginia,Fast Food Restaurants,110.0,105.0,110.0,4
2020-03-06,West Virginia,Grocery,103.0,98.0,103.0,5
2020-03-06,West Virginia,Medical,108.0,106.0,108.0,6
2020-03-06,West Virginia,Big Box Stores,102.0,100.0,102.0,7
2020-03-06,West Virginia,School,122.0,128.0,122.0,8
2020-03-06,West Virginia,Nightlife Spots,105.0,91.0,105.0,9
2020-03-06,West Virginia,Outdoors & Recreation,106.0,101.0,106.0,10
2020-03-06,West Virginia,Professional & Other Places,111.0,98.0,112.0,11
2020-03-06,West Virginia,Colleges & Universities,106.0,106.0,106.0,12
2020-03-06,West Virginia,Discount Stores,103.0,92.0,103.0,13
2020-03-06,West Virginia,Arts & Entertainment,110.0,99.0,110.0,14
2020-03-06,West Virginia,Convenience Store,104.0,88.0,104.0,15
2020-03-06,West Virginia,Hotel,112.0,106.0,112.0,16
2020-03-06,West Virginia,Drug Store,106.0,104.0,106.0,17
2020-03-06,West Virginia,Government,111.0,114.0,111.0,18
2020-03-06,West Virginia,Hardware Stores,101.0,100.0,101.0,19
2020-03-06,West Virginia,Travel & Transport,110.0,106.0,110.0,20
2020-03-06,West Virginia,Banks,113.0,109.0,113.0,21
2020-03-06,West Virginia,Fitness Center,110.0,110.0,110.0,22
2020-03-06,West Virginia,Office,113.0,115.0,113.0,23
2020-03-06,West Virginia,Sports,103.0,110.0,102.0,24
2020-03-06,West Virginia,Residences,115.0,"",115.0,25
2020-03-06,West Virginia,Airport,108.0,"",109.0,26
2020-03-06,West Virginia,Alcohol,126.0,"",126.0,27
2020-03-07,West Virginia,Food,104.0,104.0,104.0,1
2020-03-07,West Virginia,Shops & Services,107.0,104.0,107.0,2
2020-03-07,West Virginia,Gas Stations,109.0,97.0,109.0,3
2020-03-07,West Virginia,Fast Food Restaurants,105.0,97.0,105.0,4
2020-03-07,West Virginia,Big Box Stores,101.0,95.0,101.0,5
2020-03-07,West Virginia,Grocery,102.0,100.0,102.0,6
2020-03-07,West Virginia,Nightlife Spots,105.0,100.0,106.0,7
2020-03-07,West Virginia,Arts & Entertainment,116.0,124.0,116.0,8
2020-03-07,West Virginia,Outdoors & Recreation,108.0,103.0,108.0,9
2020-03-07,West Virginia,Discount Stores,108.0,105.0,108.0,10
2020-03-07,West Virginia,Hotel,118.0,113.0,118.0,11
2020-03-07,West Virginia,Medical,105.0,100.0,105.0,12
2020-03-07,West Virginia,Professional & Other Places,113.0,106.0,113.0,13
2020-03-07,West Virginia,Colleges & Universities,129.0,85.0,130.0,14
2020-03-07,West Virginia,School,98.0,95.0,98.0,15
2020-03-07,West Virginia,Hardware Stores,113.0,114.0,113.0,16
2020-03-07,West Virginia,Convenience Store,95.0,82.0,95.0,17
2020-03-07,West Virginia,Drug Store,103.0,101.0,103.0,18
2020-03-07,West Virginia,Travel & Transport,113.0,110.0,113.0,19
2020-03-07,West Virginia,Government,108.0,89.0,109.0,20
2020-03-07,West Virginia,Fitness Center,93.0,106.0,93.0,21
2020-03-07,West Virginia,Sports,100.0,96.0,100.0,22
2020-03-07,West Virginia,Residences,114.0,"",113.0,23
2020-03-07,West Virginia,Banks,103.0,"",104.0,24
2020-03-07,West Virginia,Office,102.0,"",103.0,25
2020-03-07,West Virginia,Skiing,66.0,"",66.0,26
2020-03-07,West Virginia,Airport,122.0,"",122.0,27
2020-03-07,West Virginia,Alcohol,116.0,"",117.0,28
2020-03-08,West Virginia,Food,112.0,101.0,113.0,1
2020-03-08,West Virginia,Shops & Services,118.0,109.0,118.0,2
2020-03-08,West Virginia,Gas Stations,116.0,115.0,116.0,3
2020-03-08,West Virginia,Fast Food Restaurants,121.0,117.0,121.0,4
2020-03-08,West Virginia,Big Box Stores,106.0,104.0,106.0,5
2020-03-08,West Virginia,Grocery,102.0,93.0,102.0,6
2020-03-08,West Virginia,Outdoors & Recreation,131.0,122.0,132.0,7
2020-03-08,West Virginia,Nightlife Spots,112.0,96.0,113.0,8
2020-03-08,West Virginia,Arts & Entertainment,115.0,102.0,115.0,9
2020-03-08,West Virginia,Discount Stores,112.0,106.0,112.0,10
2020-03-08,West Virginia,Medical,114.0,108.0,114.0,11
2020-03-08,West Virginia,Professional & Other Places,134.0,117.0,135.0,12
2020-03-08,West Virginia,Hotel,115.0,113.0,115.0,13
2020-03-08,West Virginia,Convenience Store,122.0,111.0,122.0,14
2020-03-08,West Virginia,School,110.0,91.0,110.0,15
2020-03-08,West Virginia,Hardware Stores,115.0,104.0,115.0,16
2020-03-08,West Virginia,Colleges & Universities,115.0,105.0,115.0,17
2020-03-08,West Virginia,Drug Store,103.0,100.0,104.0,18
2020-03-08,West Virginia,Travel & Transport,127.0,159.0,126.0,19
2020-03-08,West Virginia,Government,116.0,113.0,116.0,20
2020-03-08,West Virginia,Sports,118.0,133.0,117.0,21
2020-03-08,West Virginia,Residences,121.0,124.0,121.0,22
2020-03-08,West Virginia,Fitness Center,107.0,99.0,108.0,23
2020-03-08,West Virginia,Banks,98.0,"",98.0,24
2020-03-08,West Virginia,Office,110.0,"",111.0,25
2020-03-08,West Virginia,Airport,156.0,"",157.0,26
2020-03-08,West Virginia,Skiing,81.0,"",82.0,27
2020-03-09,West Virginia,Food,110.0,105.0,110.0,1
2020-03-09,West Virginia,Shops & Services,108.0,104.0,108.0,2
2020-03-09,West Virginia,Gas Stations,106.0,103.0,106.0,3
2020-03-09,West Virginia,Fast Food Restaurants,108.0,110.0,108.0,4
2020-03-09,West Virginia,Medical,103.0,97.0,103.0,5
2020-03-09,West Virginia,Grocery,107.0,101.0,108.0,6
2020-03-09,West Virginia,Big Box Stores,107.0,105.0,107.0,7
2020-03-09,West Virginia,Outdoors & Recreation,124.0,99.0,125.0,8
2020-03-09,West Virginia,School,103.0,108.0,103.0,9
2020-03-09,West Virginia,Colleges & Universities,91.0,93.0,91.0,10
2020-03-09,West Virginia,Nightlife Spots,109.0,112.0,109.0,11
2020-03-09,West Virginia,Professional & Other Places,109.0,97.0,109.0,12
2020-03-09,West Virginia,Discount Stores,111.0,102.0,111.0,13
2020-03-09,West Virginia,Government,111.0,109.0,111.0,14
2020-03-09,West Virginia,Arts & Entertainment,114.0,103.0,115.0,15
2020-03-09,West Virginia,Convenience Store,103.0,93.0,103.0,16
2020-03-09,West Virginia,Drug Store,110.0,108.0,111.0,17
2020-03-09,West Virginia,Hotel,112.0,121.0,112.0,18
2020-03-09,West Virginia,Hardware Stores,111.0,118.0,111.0,19
2020-03-09,West Virginia,Travel & Transport,119.0,132.0,118.0,20
2020-03-09,West Virginia,Sports,124.0,135.0,123.0,21
2020-03-09,West Virginia,Fitness Center,100.0,84.0,100.0,22
2020-03-09,West Virginia,Banks,125.0,132.0,125.0,23
2020-03-09,West Virginia,Office,107.0,106.0,107.0,24
2020-03-09,West Virginia,Residences,114.0,114.0,114.0,25
2020-03-09,West Virginia,Airport,118.0,"",118.0,26
2020-03-09,West Virginia,Alcohol,136.0,"",137.0,27
2020-03-10,West Virginia,Food,106.0,99.0,106.0,1
2020-03-10,West Virginia,Shops & Services,103.0,95.0,103.0,2
2020-03-10,West Virginia,Gas Stations,103.0,102.0,103.0,3
2020-03-10,West Virginia,Fast Food Restaurants,101.0,95.0,102.0,4
2020-03-10,West Virginia,Medical,102.0,96.0,102.0,5
2020-03-10,West Virginia,Grocery,101.0,95.0,101.0,6
2020-03-10,West Virginia,Big Box Stores,100.0,86.0,101.0,7
2020-03-10,West Virginia,School,92.0,82.0,92.0,8
2020-03-10,West Virginia,Outdoors & Recreation,100.0,97.0,101.0,9
2020-03-10,West Virginia,Colleges & Universities,84.0,83.0,84.0,10
2020-03-10,West Virginia,Nightlife Spots,100.0,88.0,100.0,11
2020-03-10,West Virginia,Professional & Other Places,101.0,103.0,101.0,12
2020-03-10,West Virginia,Discount Stores,106.0,110.0,106.0,13
2020-03-10,West Virginia,Government,99.0,94.0,99.0,14
2020-03-10,West Virginia,Convenience Store,99.0,96.0,99.0,15
2020-03-10,West Virginia,Arts & Entertainment,102.0,94.0,102.0,16
2020-03-10,West Virginia,Drug Store,104.0,103.0,104.0,17
2020-03-10,West Virginia,Hotel,97.0,88.0,97.0,18
2020-03-10,West Virginia,Hardware Stores,105.0,91.0,106.0,19
2020-03-10,West Virginia,Travel & Transport,104.0,87.0,105.0,20
2020-03-10,West Virginia,Fitness Center,98.0,84.0,99.0,21
2020-03-10,West Virginia,Banks,117.0,139.0,116.0,22
2020-03-10,West Virginia,Office,95.0,99.0,95.0,23
2020-03-10,West Virginia,Sports,101.0,115.0,100.0,24
2020-03-10,West Virginia,Residences,104.0,129.0,103.0,25
2020-03-10,West Virginia,Airport,103.0,"",101.0,26
2020-03-10,West Virginia,Alcohol,119.0,"",118.0,27
2020-03-11,West Virginia,Food,100.0,97.0,100.0,1
2020-03-11,West Virginia,Shops & Services,107.0,103.0,107.0,2
2020-03-11,West Virginia,Gas Stations,101.0,91.0,102.0,3
2020-03-11,West Virginia,Fast Food Restaurants,102.0,99.0,103.0,4
2020-03-11,West Virginia,Medical,98.0,86.0,98.0,5
2020-03-11,West Virginia,Grocery,106.0,97.0,107.0,6
2020-03-11,West Virginia,Big Box Stores,103.0,95.0,104.0,7
2020-03-11,West Virginia,School,93.0,89.0,94.0,8
2020-03-11,West Virginia,Outdoors & Recreation,112.0,106.0,112.0,9
2020-03-11,West Virginia,Colleges & Universities,87.0,88.0,87.0,10
2020-03-11,West Virginia,Nightlife Spots,99.0,102.0,99.0,11
2020-03-11,West Virginia,Professional & Other Places,104.0,105.0,104.0,12
2020-03-11,West Virginia,Discount Stores,105.0,101.0,105.0,13
2020-03-11,West Virginia,Arts & Entertainment,106.0,98.0,106.0,14
2020-03-11,West Virginia,Convenience Store,100.0,88.0,100.0,15
2020-03-11,West Virginia,Government,92.0,77.0,92.0,16
2020-03-11,West Virginia,Drug Store,100.0,88.0,101.0,17
2020-03-11,West Virginia,Hotel,105.0,87.0,105.0,18
2020-03-11,West Virginia,Hardware Stores,104.0,114.0,103.0,19
2020-03-11,West Virginia,Travel & Transport,111.0,102.0,111.0,20
2020-03-11,West Virginia,Sports,115.0,106.0,115.0,21
2020-03-11,West Virginia,Banks,118.0,114.0,118.0,22
2020-03-11,West Virginia,Fitness Center,87.0,84.0,87.0,23
2020-03-11,West Virginia,Office,92.0,112.0,91.0,24
2020-03-11,West Virginia,Residences,111.0,141.0,110.0,25
2020-03-11,West Virginia,Airport,90.0,"",90.0,26
2020-03-12,West Virginia,Food,104.0,99.0,105.0,1
2020-03-12,West Virginia,Shops & Services,106.0,103.0,106.0,2
2020-03-12,West Virginia,Gas Stations,107.0,105.0,107.0,3
2020-03-12,West Virginia,Fast Food Restaurants,107.0,104.0,107.0,4
2020-03-12,West Virginia,Grocery,112.0,110.0,112.0,5
2020-03-12,West Virginia,Medical,97.0,105.0,97.0,6
2020-03-12,West Virginia,Big Box Stores,110.0,108.0,110.0,7
2020-03-12,West Virginia,School,96.0,98.0,96.0,8
2020-03-12,West Virginia,Outdoors & Recreation,125.0,116.0,126.0,9
2020-03-12,West Virginia,Nightlife Spots,111.0,110.0,111.0,10
2020-03-12,West Virginia,Professional & Other Places,107.0,106.0,107.0,11
2020-03-12,West Virginia,Discount Stores,122.0,130.0,121.0,12
2020-03-12,West Virginia,Colleges & Universities,86.0,85.0,86.0,13
2020-03-12,West Virginia,Convenience Store,105.0,103.0,105.0,14
2020-03-12,West Virginia,Arts & Entertainment,112.0,99.0,112.0,15
2020-03-12,West Virginia,Drug Store,108.0,104.0,108.0,16
2020-03-12,West Virginia,Government,94.0,84.0,94.0,17
2020-03-12,West Virginia,Hotel,105.0,92.0,105.0,18
2020-03-12,West Virginia,Hardware Stores,111.0,116.0,111.0,19
2020-03-12,West Virginia,Travel & Transport,118.0,103.0,119.0,20
2020-03-12,West Virginia,Sports,122.0,124.0,122.0,21
2020-03-12,West Virginia,Fitness Center,92.0,75.0,92.0,22
2020-03-12,West Virginia,Office,103.0,119.0,103.0,23
2020-03-12,West Virginia,Banks,110.0,107.0,110.0,24
2020-03-12,West Virginia,Residences,118.0,134.0,117.0,25
2020-03-12,West Virginia,Airport,114.0,"",114.0,26
2020-03-13,West Virginia,Food,105.0,97.0,105.0,1
2020-03-13,West Virginia,Shops & Services,110.0,108.0,110.0,2
2020-03-13,West Virginia,Gas Stations,114.0,109.0,114.0,3
2020-03-13,West Virginia,Fast Food Restaurants,114.0,110.0,114.0,4
2020-03-13,West Virginia,Grocery,140.0,139.0,140.0,5
2020-03-13,West Virginia,Big Box Stores,121.0,117.0,122.0,6
2020-03-13,West Virginia,Medical,100.0,94.0,100.0,7
2020-03-13,West Virginia,Outdoors & Recreation,125.0,124.0,125.0,8
2020-03-13,West Virginia,Nightlife Spots,114.0,97.0,114.0,9
2020-03-13,West Virginia,Discount Stores,150.0,130.0,150.0,10
2020-03-13,West Virginia,School,103.0,109.0,103.0,11
2020-03-13,West Virginia,Professional & Other Places,104.0,102.0,104.0,12
2020-03-13,West Virginia,Drug Store,123.0,112.0,124.0,13
2020-03-13,West Virginia,Convenience Store,109.0,112.0,109.0,14
2020-03-13,West Virginia,Colleges & Universities,87.0,120.0,87.0,15
2020-03-13,West Virginia,Arts & Entertainment,104.0,97.0,105.0,16
2020-03-13,West Virginia,Hardware Stores,139.0,126.0,139.0,17
2020-03-13,West Virginia,Hotel,107.0,101.0,107.0,18
2020-03-13,West Virginia,Government,106.0,97.0,107.0,19
2020-03-13,West Virginia,Travel & Transport,117.0,127.0,117.0,20
2020-03-13,West Virginia,Banks,116.0,111.0,116.0,21
2020-03-13,West Virginia,Fitness Center,107.0,108.0,107.0,22
2020-03-13,West Virginia,Office,114.0,106.0,114.0,23
2020-03-13,West Virginia,Sports,105.0,95.0,105.0,24
2020-03-13,West Virginia,Residences,115.0,150.0,114.0,25
2020-03-13,West Virginia,Alcohol,146.0,"",145.0,26
2020-03-13,West Virginia,Airport,91.0,"",92.0,27
2020-03-14,West Virginia,Food,90.0,85.0,90.0,1
2020-03-14,West Virginia,Shops & Services,97.0,90.0,97.0,2
2020-03-14,West Virginia,Gas Stations,107.0,105.0,107.0,3
2020-03-14,West Virginia,Grocery,127.0,122.0,127.0,4
2020-03-14,West Virginia,Big Box Stores,111.0,100.0,112.0,5
2020-03-14,West Virginia,Fast Food Restaurants,96.0,87.0,96.0,6
2020-03-14,West Virginia,Nightlife Spots,98.0,83.0,99.0,7
2020-03-14,West Virginia,Outdoors & Recreation,110.0,100.0,111.0,8
2020-03-14,West Virginia,Discount Stores,127.0,121.0,127.0,9
2020-03-14,West Virginia,Arts & Entertainment,88.0,101.0,88.0,10
2020-03-14,West Virginia,Medical,96.0,88.0,96.0,11
2020-03-14,West Virginia,Hardware Stores,121.0,113.0,121.0,12
2020-03-14,West Virginia,Drug Store,117.0,114.0,117.0,13
2020-03-14,West Virginia,Hotel,95.0,114.0,94.0,14
2020-03-14,West Virginia,Convenience Store,98.0,93.0,98.0,15
2020-03-14,West Virginia,Professional & Other Places,100.0,100.0,100.0,16
2020-03-14,West Virginia,School,65.0,60.0,66.0,17
2020-03-14,West Virginia,Travel & Transport,108.0,116.0,108.0,18
2020-03-14,West Virginia,Colleges & Universities,58.0,"",58.0,19
2020-03-14,West Virginia,Government,94.0,95.0,94.0,20
2020-03-14,West Virginia,Sports,95.0,94.0,96.0,21
2020-03-14,West Virginia,Fitness Center,76.0,"",76.0,22
2020-03-14,West Virginia,Residences,93.0,"",93.0,23
2020-03-14,West Virginia,Banks,96.0,"",97.0,24
2020-03-14,West Virginia,Office,111.0,"",111.0,25
2020-03-14,West Virginia,Airport,107.0,"",107.0,26
2020-03-14,West Virginia,Alcohol,103.0,"",104.0,27
2020-03-15,West Virginia,Food,80.0,68.0,80.0,1
2020-03-15,West Virginia,Shops & Services,92.0,78.0,92.0,2
2020-03-15,West Virginia,Gas Stations,91.0,83.0,91.0,3
2020-03-15,West Virginia,Grocery,106.0,101.0,106.0,4
2020-03-15,West Virginia,Big Box Stores,93.0,89.0,93.0,5
2020-03-15,West Virginia,Fast Food Restaurants,84.0,78.0,84.0,6
2020-03-15,West Virginia,Outdoors & Recreation,89.0,81.0,89.0,7
2020-03-15,West Virginia,Nightlife Spots,82.0,63.0,82.0,8
2020-03-15,West Virginia,Discount Stores,106.0,92.0,106.0,9
2020-03-15,West Virginia,Arts & Entertainment,78.0,60.0,79.0,10
2020-03-15,West Virginia,Medical,88.0,73.0,88.0,11
2020-03-15,West Virginia,Convenience Store,86.0,60.0,87.0,12
2020-03-15,West Virginia,Hardware Stores,107.0,110.0,107.0,13
2020-03-15,West Virginia,Drug Store,97.0,90.0,98.0,14
2020-03-15,West Virginia,Professional & Other Places,96.0,95.0,96.0,15
2020-03-15,West Virginia,Hotel,80.0,78.0,80.0,16
2020-03-15,West Virginia,School,71.0,53.0,71.0,17
2020-03-15,West Virginia,Travel & Transport,113.0,108.0,113.0,18
2020-03-15,West Virginia,Government,88.0,"",88.0,19
2020-03-15,West Virginia,Sports,88.0,96.0,88.0,20
2020-03-15,West Virginia,Colleges & Universities,53.0,"",53.0,21
2020-03-15,West Virginia,Fitness Center,77.0,"",78.0,22
2020-03-15,West Virginia,Residences,73.0,"",73.0,23
2020-03-15,West Virginia,Office,89.0,"",89.0,24
2020-03-15,West Virginia,Banks,66.0,"",66.0,25
2020-03-16,West Virginia,Food,91.0,77.0,92.0,1
2020-03-16,West Virginia,Shops & Services,101.0,84.0,102.0,2
2020-03-16,West Virginia,Gas Stations,102.0,95.0,102.0,3
2020-03-16,West Virginia,Grocery,134.0,129.0,134.0,4
2020-03-16,West Virginia,Fast Food Restaurants,91.0,80.0,91.0,5
2020-03-16,West Virginia,Big Box Stores,113.0,95.0,113.0,6
2020-03-16,West Virginia,Medical,85.0,72.0,85.0,7
2020-03-16,West Virginia,Outdoors & Recreation,100.0,83.0,101.0,8
2020-03-16,West Virginia,Professional & Other Places,97.0,89.0,97.0,9
2020-03-16,West Virginia,Nightlife Spots,91.0,75.0,91.0,10
2020-03-16,West Virginia,Discount Stores,115.0,100.0,115.0,11
2020-03-16,West Virginia,Drug Store,111.0,105.0,111.0,12
2020-03-16,West Virginia,Convenience Store,99.0,89.0,99.0,13
2020-03-16,West Virginia,School,51.0,57.0,51.0,14
2020-03-16,West Virginia,Government,96.0,82.0,96.0,15
2020-03-16,West Virginia,Arts & Entertainment,90.0,84.0,91.0,16
2020-03-16,West Virginia,Hotel,91.0,94.0,91.0,17
2020-03-16,West Virginia,Hardware Stores,107.0,98.0,108.0,18
2020-03-16,West Virginia,Colleges & Universities,39.0,64.0,38.0,19
2020-03-16,West Virginia,Travel & Transport,104.0,98.0,104.0,20
2020-03-16,West Virginia,Banks,123.0,126.0,122.0,21
2020-03-16,West Virginia,Office,99.0,87.0,99.0,22
2020-03-16,West Virginia,Sports,92.0,74.0,93.0,23
2020-03-16,West Virginia,Fitness Center,75.0,70.0,75.0,24
2020-03-16,West Virginia,Residences,79.0,"",79.0,25
2020-03-17,West Virginia,Food,84.0,74.0,85.0,1
2020-03-17,West Virginia,Shops & Services,91.0,76.0,92.0,2
2020-03-17,West Virginia,Gas Stations,97.0,90.0,97.0,3
2020-03-17,West Virginia,Grocery,127.0,117.0,127.0,4
2020-03-17,West Virginia,Fast Food Restaurants,79.0,69.0,79.0,5
2020-03-17,West Virginia,Big Box Stores,113.0,98.0,113.0,6
2020-03-17,West Virginia,Medical,78.0,72.0,78.0,7
2020-03-17,West Virginia,Outdoors & Recreation,93.0,96.0,93.0,8
2020-03-17,West Virginia,Nightlife Spots,95.0,73.0,95.0,9
2020-03-17,West Virginia,Professional & Other Places,94.0,93.0,94.0,10
2020-03-17,West Virginia,Discount Stores,113.0,104.0,113.0,11
2020-03-17,West Virginia,Drug Store,101.0,110.0,101.0,12
2020-03-17,West Virginia,Convenience Store,92.0,77.0,93.0,13
2020-03-17,West Virginia,School,46.0,51.0,46.0,14
2020-03-17,West Virginia,Government,80.0,70.0,80.0,15
2020-03-17,West Virginia,Arts & Entertainment,84.0,79.0,85.0,16
2020-03-17,West Virginia,Hotel,85.0,77.0,86.0,17
2020-03-17,West Virginia,Hardware Stores,108.0,86.0,109.0,18
2020-03-17,West Virginia,Travel & Transport,104.0,116.0,103.0,19
2020-03-17,West Virginia,Colleges & Universities,36.0,51.0,36.0,20
2020-03-17,West Virginia,Fitness Center,70.0,52.0,71.0,21
2020-03-17,West Virginia,Office,78.0,"",79.0,22
2020-03-17,West Virginia,Banks,84.0,92.0,83.0,23
2020-03-17,West Virginia,Sports,83.0,78.0,83.0,24
2020-03-17,West Virginia,Residences,94.0,"",94.0,25
2020-03-18,West Virginia,Food,70.0,60.0,70.0,1
2020-03-18,West Virginia,Shops & Services,85.0,77.0,85.0,2
2020-03-18,West Virginia,Gas Stations,97.0,91.0,97.0,3
2020-03-18,West Virginia,Grocery,124.0,117.0,124.0,4
2020-03-18,West Virginia,Fast Food Restaurants,79.0,75.0,79.0,5
2020-03-18,West Virginia,Big Box Stores,101.0,82.0,101.0,6
2020-03-18,West Virginia,Medical,75.0,63.0,76.0,7
2020-03-18,West Virginia,Outdoors & Recreation,104.0,92.0,104.0,8
2020-03-18,West Virginia,Nightlife Spots,82.0,72.0,82.0,9
2020-03-18,West Virginia,Professional & Other Places,88.0,74.0,88.0,10
2020-03-18,West Virginia,Discount Stores,104.0,86.0,104.0,11
2020-03-18,West Virginia,Drug Store,101.0,89.0,102.0,12
2020-03-18,West Virginia,Convenience Store,89.0,78.0,90.0,13
2020-03-18,West Virginia,School,46.0,51.0,46.0,14
2020-03-18,West Virginia,Government,72.0,66.0,72.0,15
2020-03-18,West Virginia,Hardware Stores,107.0,86.0,109.0,16
2020-03-18,West Virginia,Hotel,79.0,65.0,79.0,17
2020-03-18,West Virginia,Arts & Entertainment,71.0,65.0,71.0,18
2020-03-18,West Virginia,Travel & Transport,105.0,104.0,105.0,19
2020-03-18,West Virginia,Colleges & Universities,32.0,68.0,31.0,20
2020-03-18,West Virginia,Office,77.0,81.0,77.0,21
2020-03-18,West Virginia,Sports,86.0,81.0,87.0,22
2020-03-18,West Virginia,Banks,80.0,70.0,81.0,23
2020-03-18,West Virginia,Fitness Center,55.0,59.0,55.0,24
2020-03-18,West Virginia,Residences,91.0,"",91.0,25
2020-03-19,West Virginia,Food,65.0,59.0,65.0,1
2020-03-19,West Virginia,Shops & Services,80.0,66.0,81.0,2
2020-03-19,West Virginia,Gas Stations,93.0,88.0,93.0,3
2020-03-19,West Virginia,Grocery,116.0,108.0,117.0,4
2020-03-19,West Virginia,Fast Food Restaurants,72.0,60.0,72.0,5
2020-03-19,West Virginia,Big Box Stores,92.0,89.0,92.0,6
2020-03-19,West Virginia,Medical,69.0,60.0,70.0,7
2020-03-19,West Virginia,Outdoors & Recreation,106.0,93.0,107.0,8
2020-03-19,West Virginia,Professional & Other Places,88.0,88.0,88.0,9
2020-03-19,West Virginia,Discount Stores,98.0,90.0,98.0,10
2020-03-19,West Virginia,School,51.0,54.0,51.0,11
2020-03-19,West Virginia,Nightlife Spots,71.0,71.0,71.0,12
2020-03-19,West Virginia,Drug Store,99.0,96.0,99.0,13
2020-03-19,West Virginia,Convenience Store,88.0,79.0,88.0,14
2020-03-19,West Virginia,Hardware Stores,100.0,95.0,101.0,15
2020-03-19,West Virginia,Hotel,80.0,77.0,80.0,16
2020-03-19,West Virginia,Government,68.0,60.0,69.0,17
2020-03-19,West Virginia,Arts & Entertainment,68.0,73.0,68.0,18
2020-03-19,West Virginia,Travel & Transport,102.0,98.0,102.0,19
2020-03-19,West Virginia,Colleges & Universities,33.0,57.0,32.0,20
2020-03-19,West Virginia,Sports,85.0,106.0,84.0,21
2020-03-19,West Virginia,Office,78.0,89.0,78.0,22
2020-03-19,West Virginia,Banks,79.0,60.0,80.0,23
2020-03-19,West Virginia,Residences,87.0,"",87.0,24
2020-03-19,West Virginia,Fitness Center,39.0,"",39.0,25
2020-03-19,West Virginia,Alcohol,112.0,"",112.0,26
2020-03-20,West Virginia,Food,61.0,52.0,61.0,1
2020-03-20,West Virginia,Shops & Services,77.0,68.0,77.0,2
2020-03-20,West Virginia,Gas Stations,91.0,81.0,91.0,3
2020-03-20,West Virginia,Grocery,119.0,107.0,120.0,4
2020-03-20,West Virginia,Fast Food Restaurants,73.0,68.0,74.0,5
2020-03-20,West Virginia,Big Box Stores,97.0,81.0,97.0,6
2020-03-20,West Virginia,Outdoors & Recreation,113.0,116.0,113.0,7
2020-03-20,West Virginia,Medical,74.0,60.0,75.0,8
2020-03-20,West Virginia,Discount Stores,104.0,90.0,105.0,9
2020-03-20,West Virginia,Professional & Other Places,88.0,92.0,88.0,10
2020-03-20,West Virginia,Nightlife Spots,70.0,57.0,70.0,11
2020-03-20,West Virginia,Convenience Store,94.0,77.0,95.0,12
2020-03-20,West Virginia,Drug Store,99.0,90.0,99.0,13
2020-03-20,West Virginia,School,60.0,65.0,60.0,14
2020-03-20,West Virginia,Hardware Stores,118.0,105.0,119.0,15
2020-03-20,West Virginia,Government,75.0,72.0,76.0,16
2020-03-20,West Virginia,Hotel,70.0,66.0,70.0,17
2020-03-20,West Virginia,Travel & Transport,97.0,84.0,97.0,18
2020-03-20,West Virginia,Arts & Entertainment,63.0,60.0,63.0,19
2020-03-20,West Virginia,Colleges & Universities,43.0,"",43.0,20
2020-03-20,West Virginia,Banks,85.0,92.0,85.0,21
2020-03-20,West Virginia,Sports,92.0,98.0,92.0,22
2020-03-20,West Virginia,Office,81.0,"",81.0,23
2020-03-20,West Virginia,Residences,90.0,"",90.0,24
2020-03-20,West Virginia,Fitness Center,52.0,"",52.0,25
2020-03-21,West Virginia,Food,46.0,41.0,46.0,1
2020-03-21,West Virginia,Shops & Services,58.0,50.0,58.0,2
2020-03-21,West Virginia,Grocery,122.0,109.0,122.0,3
2020-03-21,West Virginia,Gas Stations,86.0,76.0,86.0,4
2020-03-21,West Virginia,Big Box Stores,81.0,66.0,81.0,5
2020-03-21,West Virginia,Fast Food Restaurants,64.0,53.0,65.0,6
2020-03-21,West Virginia,Outdoors & Recreation,91.0,89.0,91.0,7
2020-03-21,West Virginia,Discount Stores,96.0,82.0,96.0,8
2020-03-21,West Virginia,Hardware Stores,106.0,92.0,106.0,9
2020-03-21,West Virginia,Nightlife Spots,52.0,45.0,52.0,10
2020-03-21,West Virginia,Convenience Store,84.0,82.0,84.0,11
2020-03-21,West Virginia,Drug Store,94.0,82.0,94.0,12
2020-03-21,West Virginia,Medical,70.0,57.0,71.0,13
2020-03-21,West Virginia,Professional & Other Places,71.0,58.0,71.0,14
2020-03-21,West Virginia,School,58.0,57.0,58.0,15
2020-03-21,West Virginia,Arts & Entertainment,44.0,41.0,44.0,16
2020-03-21,West Virginia,Hotel,54.0,64.0,54.0,17
2020-03-21,West Virginia,Travel & Transport,91.0,77.0,91.0,18
2020-03-21,West Virginia,Government,73.0,"",74.0,19
2020-03-21,West Virginia,Sports,80.0,"",80.0,20
2020-03-21,West Virginia,Colleges & Universities,40.0,"",40.0,21
2020-03-21,West Virginia,Residences,68.0,"",68.0,22
2020-03-21,West Virginia,Banks,68.0,"",69.0,23
2020-03-21,West Virginia,Office,83.0,"",83.0,24
2020-03-21,West Virginia,Fitness Center,35.0,"",35.0,25
2020-03-22,West Virginia,Food,43.0,32.0,44.0,1
2020-03-22,West Virginia,Gas Stations,68.0,68.0,68.0,2
2020-03-22,West Virginia,Grocery,78.0,72.0,78.0,3
2020-03-22,West Virginia,Shops & Services,52.0,45.0,52.0,4
2020-03-22,West Virginia,Big Box Stores,61.0,60.0,61.0,5
2020-03-22,West Virginia,Outdoors & Recreation,85.0,75.0,85.0,6
2020-03-22,West Virginia,Fast Food Restaurants,55.0,46.0,56.0,7
2020-03-22,West Virginia,Discount Stores,74.0,63.0,74.0,8
2020-03-22,West Virginia,Nightlife Spots,44.0,35.0,44.0,9
2020-03-22,West Virginia,Convenience Store,71.0,64.0,71.0,10
2020-03-22,West Virginia,Hardware Stores,87.0,70.0,88.0,11
2020-03-22,West Virginia,Medical,63.0,44.0,64.0,12
2020-03-22,West Virginia,Drug Store,73.0,59.0,73.0,13
2020-03-22,West Virginia,Professional & Other Places,72.0,65.0,72.0,14
2020-03-22,West Virginia,School,56.0,48.0,56.0,15
2020-03-22,West Virginia,Travel & Transport,91.0,95.0,91.0,16
2020-03-22,West Virginia,Arts & Entertainment,44.0,51.0,43.0,17
2020-03-22,West Virginia,Hotel,50.0,65.0,49.0,18
2020-03-22,West Virginia,Sports,69.0,"",69.0,19
2020-03-22,West Virginia,Colleges & Universities,46.0,"",46.0,20
2020-03-22,West Virginia,Government,64.0,"",64.0,21
2020-03-22,West Virginia,Residences,55.0,"",55.0,22
2020-03-22,West Virginia,Fitness Center,44.0,"",44.0,23
2020-03-22,West Virginia,Banks,64.0,"",65.0,24
2020-03-22,West Virginia,Office,69.0,"",70.0,25
2020-03-23,West Virginia,Food,55.0,44.0,56.0,1
2020-03-23,West Virginia,Shops & Services,66.0,54.0,67.0,2
2020-03-23,West Virginia,Gas Stations,74.0,66.0,74.0,3
2020-03-23,West Virginia,Grocery,103.0,108.0,103.0,4
2020-03-23,West Virginia,Fast Food Restaurants,61.0,48.0,62.0,5
2020-03-23,West Virginia,Big Box Stores,77.0,65.0,78.0,6
2020-03-23,West Virginia,Medical,56.0,39.0,56.0,7
2020-03-23,West Virginia,Outdoors & Recreation,74.0,67.0,75.0,8
2020-03-23,West Virginia,Discount Stores,90.0,75.0,90.0,9
2020-03-23,West Virginia,Professional & Other Places,73.0,75.0,73.0,10
2020-03-23,West Virginia,Nightlife Spots,60.0,54.0,60.0,11
2020-03-23,West Virginia,Drug Store,82.0,71.0,82.0,12
2020-03-23,West Virginia,School,41.0,40.0,41.0,13
2020-03-23,West Virginia,Convenience Store,72.0,66.0,72.0,14
2020-03-23,West Virginia,Hardware Stores,83.0,67.0,84.0,15
2020-03-23,West Virginia,Government,58.0,53.0,58.0,16
2020-03-23,West Virginia,Hotel,60.0,52.0,60.0,17
2020-03-23,West Virginia,Travel & Transport,82.0,86.0,81.0,18
2020-03-23,West Virginia,Arts & Entertainment,54.0,50.0,55.0,19
2020-03-23,West Virginia,Colleges & Universities,28.0,"",27.0,20
2020-03-23,West Virginia,Office,74.0,86.0,74.0,21
2020-03-23,West Virginia,Sports,71.0,64.0,71.0,22
2020-03-23,West Virginia,Banks,71.0,"",72.0,23
2020-03-23,West Virginia,Residences,68.0,"",68.0,24
2020-03-23,West Virginia,Fitness Center,39.0,"",39.0,25
2020-03-24,West Virginia,Food,54.0,42.0,54.0,1
2020-03-24,West Virginia,Shops & Services,61.0,49.0,61.0,2
2020-03-24,West Virginia,Gas Stations,72.0,67.0,72.0,3
2020-03-24,West Virginia,Grocery,89.0,78.0,89.0,4
2020-03-24,West Virginia,Fast Food Restaurants,57.0,52.0,57.0,5
2020-03-24,West Virginia,Big Box Stores,73.0,72.0,73.0,6
2020-03-24,West Virginia,Medical,52.0,40.0,52.0,7
2020-03-24,West Virginia,Outdoors & Recreation,87.0,76.0,88.0,8
2020-03-24,West Virginia,Professional & Other Places,72.0,76.0,71.0,9
2020-03-24,West Virginia,Nightlife Spots,60.0,59.0,60.0,10
2020-03-24,West Virginia,Discount Stores,73.0,61.0,73.0,11
2020-03-24,West Virginia,School,38.0,42.0,38.0,12
2020-03-24,West Virginia,Drug Store,75.0,80.0,75.0,13
2020-03-24,West Virginia,Hardware Stores,96.0,85.0,97.0,14
2020-03-24,West Virginia,Convenience Store,65.0,64.0,65.0,15
2020-03-24,West Virginia,Government,55.0,51.0,56.0,16
2020-03-24,West Virginia,Arts & Entertainment,61.0,66.0,61.0,17
2020-03-24,West Virginia,Travel & Transport,82.0,66.0,82.0,18
2020-03-24,West Virginia,Hotel,51.0,42.0,51.0,19
2020-03-24,West Virginia,Colleges & Universities,28.0,"",27.0,20
2020-03-24,West Virginia,Sports,77.0,81.0,77.0,21
2020-03-24,West Virginia,Office,61.0,"",61.0,22
2020-03-24,West Virginia,Banks,59.0,"",59.0,23
2020-03-24,West Virginia,Residences,75.0,"",75.0,24
2020-03-24,West Virginia,Fitness Center,32.0,"",32.0,25
2020-03-25,West Virginia,Food,44.0,35.0,45.0,1
2020-03-25,West Virginia,Shops & Services,52.0,45.0,52.0,2
2020-03-25,West Virginia,Gas Stations,61.0,50.0,61.0,3
2020-03-25,West Virginia,Grocery,76.0,59.0,76.0,4
2020-03-25,West Virginia,Fast Food Restaurants,49.0,42.0,49.0,5
2020-03-25,West Virginia,Big Box Stores,61.0,52.0,61.0,6
2020-03-25,West Virginia,Medical,46.0,36.0,47.0,7
2020-03-25,West Virginia,Outdoors & Recreation,72.0,61.0,73.0,8
2020-03-25,West Virginia,Professional & Other Places,66.0,55.0,66.0,9
2020-03-25,West Virginia,Discount Stores,65.0,52.0,66.0,10
2020-03-25,West Virginia,Nightlife Spots,49.0,49.0,49.0,11
2020-03-25,West Virginia,Drug Store,67.0,54.0,67.0,12
2020-03-25,West Virginia,Convenience Store,61.0,48.0,62.0,13
2020-03-25,West Virginia,School,31.0,37.0,31.0,14
2020-03-25,West Virginia,Hardware Stores,75.0,64.0,76.0,15
2020-03-25,West Virginia,Government,47.0,44.0,47.0,16
2020-03-25,West Virginia,Travel & Transport,78.0,64.0,79.0,17
2020-03-25,West Virginia,Arts & Entertainment,51.0,42.0,51.0,18
2020-03-25,West Virginia,Hotel,50.0,39.0,50.0,19
2020-03-25,West Virginia,Colleges & Universities,24.0,"",24.0,20
2020-03-25,West Virginia,Sports,62.0,65.0,62.0,21
2020-03-25,West Virginia,Banks,52.0,"",53.0,22
2020-03-25,West Virginia,Residences,69.0,"",70.0,23
2020-03-25,West Virginia,Office,43.0,"",43.0,24
2020-03-25,West Virginia,Fitness Center,27.0,"",27.0,25
2020-03-26,West Virginia,Food,52.0,47.0,53.0,1
2020-03-26,West Virginia,Shops & Services,59.0,53.0,59.0,2
2020-03-26,West Virginia,Gas Stations,72.0,63.0,72.0,3
2020-03-26,West Virginia,Fast Food Restaurants,57.0,58.0,57.0,4
2020-03-26,West Virginia,Grocery,75.0,67.0,75.0,5
2020-03-26,West Virginia,Outdoors & Recreation,112.0,113.0,112.0,6
2020-03-26,West Virginia,Big Box Stores,62.0,45.0,62.0,7
2020-03-26,West Virginia,Medical,48.0,41.0,49.0,8
2020-03-26,West Virginia,Professional & Other Places,72.0,64.0,73.0,9
2020-03-26,West Virginia,Nightlife Spots,62.0,52.0,63.0,10
2020-03-26,West Virginia,Discount Stores,71.0,60.0,72.0,11
2020-03-26,West Virginia,School,37.0,44.0,37.0,12
2020-03-26,West Virginia,Convenience Store,68.0,57.0,69.0,13
2020-03-26,West Virginia,Hardware Stores,95.0,80.0,96.0,14
2020-03-26,West Virginia,Drug Store,70.0,56.0,70.0,15
2020-03-26,West Virginia,Arts & Entertainment,69.0,62.0,69.0,16
2020-03-26,West Virginia,Government,55.0,49.0,55.0,17
2020-03-26,West Virginia,Travel & Transport,85.0,68.0,85.0,18
2020-03-26,West Virginia,Hotel,55.0,59.0,55.0,19
2020-03-26,West Virginia,Sports,98.0,133.0,97.0,20
2020-03-26,West Virginia,Colleges & Universities,30.0,"",29.0,21
2020-03-26,West Virginia,Office,63.0,"",63.0,22
2020-03-26,West Virginia,Residences,83.0,"",83.0,23
2020-03-26,West Virginia,Banks,52.0,"",52.0,24
2020-03-26,West Virginia,Fitness Center,30.0,"",30.0,25
2020-03-27,West Virginia,Food,50.0,43.0,50.0,1
2020-03-27,West Virginia,Shops & Services,58.0,49.0,58.0,2
2020-03-27,West Virginia,Gas Stations,71.0,63.0,71.0,3
2020-03-27,West Virginia,Fast Food Restaurants,61.0,55.0,62.0,4
2020-03-27,West Virginia,Grocery,77.0,73.0,77.0,5
2020-03-27,West Virginia,Big Box Stores,69.0,51.0,69.0,6
2020-03-27,West Virginia,Outdoors & Recreation,92.0,94.0,92.0,7
2020-03-27,West Virginia,Medical,53.0,41.0,53.0,8
2020-03-27,West Virginia,Professional & Other Places,69.0,70.0,69.0,9
2020-03-27,West Virginia,Nightlife Spots,58.0,54.0,58.0,10
2020-03-27,West Virginia,Discount Stores,74.0,64.0,74.0,11
2020-03-27,West Virginia,Convenience Store,75.0,62.0,75.0,12
2020-03-27,West Virginia,Drug Store,76.0,71.0,76.0,13
2020-03-27,West Virginia,Hardware Stores,103.0,85.0,104.0,14
2020-03-27,West Virginia,School,42.0,45.0,42.0,15
2020-03-27,West Virginia,Arts & Entertainment,52.0,53.0,52.0,16
2020-03-27,West Virginia,Government,56.0,47.0,56.0,17
2020-03-27,West Virginia,Hotel,51.0,50.0,51.0,18
2020-03-27,West Virginia,Travel & Transport,65.0,64.0,65.0,19
2020-03-27,West Virginia,Colleges & Universities,33.0,"",33.0,20
2020-03-27,West Virginia,Banks,59.0,50.0,59.0,21
2020-03-27,West Virginia,Sports,68.0,73.0,68.0,22
2020-03-27,West Virginia,Office,59.0,"",59.0,23
2020-03-27,West Virginia,Residences,71.0,"",71.0,24
2020-03-27,West Virginia,Fitness Center,43.0,"",42.0,25
2020-03-28,West Virginia,Food,46.0,39.0,46.0,1
2020-03-28,West Virginia,Shops & Services,49.0,41.0,49.0,2
2020-03-28,West Virginia,Gas Stations,76.0,55.0,77.0,3
2020-03-28,West Virginia,Grocery,81.0,63.0,82.0,4
2020-03-28,West Virginia,Fast Food Restaurants,65.0,57.0,65.0,5
2020-03-28,West Virginia,Outdoors & Recreation,123.0,111.0,123.0,6
2020-03-28,West Virginia,Big Box Stores,61.0,46.0,62.0,7
2020-03-28,West Virginia,Hardware Stores,116.0,81.0,117.0,8
2020-03-28,West Virginia,Discount Stores,76.0,62.0,77.0,9
2020-03-28,West Virginia,Nightlife Spots,52.0,45.0,52.0,10
2020-03-28,West Virginia,Medical,70.0,59.0,70.0,11
2020-03-28,West Virginia,Convenience Store,73.0,60.0,73.0,12
2020-03-28,West Virginia,Professional & Other Places,72.0,57.0,72.0,13
2020-03-28,West Virginia,Drug Store,76.0,57.0,77.0,14
2020-03-28,West Virginia,School,61.0,55.0,61.0,15
2020-03-28,West Virginia,Arts & Entertainment,45.0,52.0,44.0,16
2020-03-28,West Virginia,Travel & Transport,83.0,69.0,83.0,17
2020-03-28,West Virginia,Hotel,43.0,36.0,43.0,18
2020-03-28,West Virginia,Government,74.0,"",75.0,19
2020-03-28,West Virginia,Sports,95.0,123.0,94.0,20
2020-03-28,West Virginia,Colleges & Universities,40.0,"",41.0,21
2020-03-28,West Virginia,Residences,67.0,"",67.0,22
2020-03-28,West Virginia,Banks,66.0,"",67.0,23
2020-03-28,West Virginia,Office,70.0,"",70.0,24
2020-03-28,West Virginia,Fitness Center,30.0,"",30.0,25
2020-03-29,West Virginia,Food,42.0,34.0,42.0,1
2020-03-29,West Virginia,Gas Stations,63.0,52.0,64.0,2
2020-03-29,West Virginia,Shops & Services,49.0,43.0,49.0,3
2020-03-29,West Virginia,Grocery,64.0,59.0,64.0,4
2020-03-29,West Virginia,Fast Food Restaurants,59.0,55.0,59.0,5
2020-03-29,West Virginia,Outdoors & Recreation,88.0,71.0,89.0,6
2020-03-29,West Virginia,Big Box Stores,55.0,53.0,55.0,7
2020-03-29,West Virginia,Hardware Stores,101.0,73.0,102.0,8
2020-03-29,West Virginia,Discount Stores,63.0,62.0,63.0,9
2020-03-29,West Virginia,Nightlife Spots,43.0,42.0,43.0,10
2020-03-29,West Virginia,Convenience Store,67.0,64.0,67.0,11
2020-03-29,West Virginia,Drug Store,70.0,61.0,71.0,12
2020-03-29,West Virginia,Medical,56.0,45.0,56.0,13
2020-03-29,West Virginia,Professional & Other Places,72.0,68.0,72.0,14
2020-03-29,West Virginia,School,54.0,"",54.0,15
2020-03-29,West Virginia,Arts & Entertainment,37.0,42.0,37.0,16
2020-03-29,West Virginia,Travel & Transport,74.0,66.0,75.0,17
2020-03-29,West Virginia,Hotel,41.0,"",41.0,18
2020-03-29,West Virginia,Sports,82.0,"",83.0,19
2020-03-29,West Virginia,Government,65.0,"",65.0,20
2020-03-29,West Virginia,Colleges & Universities,43.0,"",43.0,21
2020-03-29,West Virginia,Residences,53.0,"",53.0,22
2020-03-29,West Virginia,Fitness Center,36.0,"",36.0,23
2020-03-29,West Virginia,Office,66.0,"",67.0,24
2020-03-30,West Virginia,Food,53.0,41.0,53.0,1
2020-03-30,West Virginia,Gas Stations,69.0,61.0,69.0,2
2020-03-30,West Virginia,Shops & Services,59.0,57.0,59.0,3
2020-03-30,West Virginia,Fast Food Restaurants,62.0,54.0,63.0,4
2020-03-30,West Virginia,Grocery,77.0,79.0,77.0,5
2020-03-30,West Virginia,Big Box Stores,65.0,57.0,65.0,6
2020-03-30,West Virginia,Outdoors & Recreation,83.0,71.0,83.0,7
2020-03-30,West Virginia,Medical,45.0,33.0,46.0,8
2020-03-30,West Virginia,Professional & Other Places,73.0,63.0,74.0,9
2020-03-30,West Virginia,Discount Stores,75.0,61.0,75.0,10
2020-03-30,West Virginia,Nightlife Spots,56.0,55.0,56.0,11
2020-03-30,West Virginia,Hardware Stores,98.0,88.0,99.0,12
2020-03-30,West Virginia,Convenience Store,68.0,64.0,68.0,13
2020-03-30,West Virginia,School,38.0,45.0,37.0,14
2020-03-30,West Virginia,Drug Store,71.0,67.0,71.0,15
2020-03-30,West Virginia,Government,53.0,54.0,53.0,16
2020-03-30,West Virginia,Arts & Entertainment,60.0,69.0,60.0,17
2020-03-30,West Virginia,Travel & Transport,73.0,58.0,73.0,18
2020-03-30,West Virginia,Hotel,48.0,44.0,48.0,19
2020-03-30,West Virginia,Colleges & Universities,24.0,"",24.0,20
2020-03-30,West Virginia,Sports,69.0,77.0,69.0,21
2020-03-30,West Virginia,Banks,68.0,58.0,69.0,22
2020-03-30,West Virginia,Office,57.0,"",57.0,23
2020-03-30,West Virginia,Residences,62.0,"",62.0,24
2020-03-30,West Virginia,Fitness Center,29.0,"",29.0,25
2020-03-31,West Virginia,Food,46.0,38.0,46.0,1
2020-03-31,West Virginia,Shops & Services,54.0,51.0,54.0,2
2020-03-31,West Virginia,Gas Stations,61.0,58.0,61.0,3
2020-03-31,West Virginia,Grocery,73.0,72.0,73.0,4
2020-03-31,West Virginia,Fast Food Restaurants,54.0,48.0,54.0,5
2020-03-31,West Virginia,Big Box Stores,66.0,68.0,66.0,6
2020-03-31,West Virginia,Outdoors & Recreation,73.0,75.0,73.0,7
2020-03-31,West Virginia,Medical,39.0,31.0,40.0,8
2020-03-31,West Virginia,Professional & Other Places,57.0,55.0,57.0,9
2020-03-31,West Virginia,Nightlife Spots,48.0,46.0,48.0,10
2020-03-31,West Virginia,Discount Stores,60.0,55.0,60.0,11
2020-03-31,West Virginia,Drug Store,66.0,58.0,66.0,12
2020-03-31,West Virginia,Hardware Stores,87.0,63.0,88.0,13
2020-03-31,West Virginia,School,30.0,42.0,30.0,14
2020-03-31,West Virginia,Convenience Store,59.0,51.0,59.0,15
2020-03-31,West Virginia,Government,44.0,38.0,44.0,16
2020-03-31,West Virginia,Arts & Entertainment,48.0,44.0,49.0,17
2020-03-31,West Virginia,Hotel,46.0,36.0,46.0,18
2020-03-31,West Virginia,Travel & Transport,65.0,76.0,64.0,19
2020-03-31,West Virginia,Colleges & Universities,26.0,"",25.0,20
2020-03-31,West Virginia,Banks,66.0,63.0,66.0,21
2020-03-31,West Virginia,Sports,56.0,"",56.0,22
2020-03-31,West Virginia,Office,45.0,"",45.0,23
2020-03-31,West Virginia,Residences,65.0,"",65.0,24
2020-04-01,West Virginia,Food,47.0,39.0,47.0,1
2020-04-01,West Virginia,Shops & Services,55.0,45.0,56.0,2
2020-04-01,West Virginia,Gas Stations,62.0,52.0,62.0,3
2020-04-01,West Virginia,Grocery,84.0,77.0,84.0,4
2020-04-01,West Virginia,Fast Food Restaurants,56.0,52.0,56.0,5
2020-04-01,West Virginia,Big Box Stores,70.0,55.0,71.0,6
2020-04-01,West Virginia,Medical,42.0,34.0,43.0,7
2020-04-01,West Virginia,Outdoors & Recreation,68.0,55.0,69.0,8
2020-04-01,West Virginia,Professional & Other Places,64.0,49.0,64.0,9
2020-04-01,West Virginia,Drug Store,78.0,66.0,78.0,10
2020-04-01,West Virginia,Discount Stores,67.0,56.0,67.0,11
2020-04-01,West Virginia,Convenience Store,65.0,52.0,65.0,12
2020-04-01,West Virginia,Nightlife Spots,45.0,45.0,45.0,13
2020-04-01,West Virginia,Hardware Stores,84.0,78.0,84.0,14
2020-04-01,West Virginia,School,31.0,35.0,31.0,15
2020-04-01,West Virginia,Government,46.0,43.0,46.0,16
2020-04-01,West Virginia,Arts & Entertainment,54.0,56.0,53.0,17
2020-04-01,West Virginia,Travel & Transport,68.0,"",68.0,18
2020-04-01,West Virginia,Hotel,46.0,39.0,46.0,19
2020-04-01,West Virginia,Colleges & Universities,23.0,"",23.0,20
2020-04-01,West Virginia,Banks,65.0,52.0,66.0,21
2020-04-01,West Virginia,Residences,65.0,"",64.0,22
2020-04-01,West Virginia,Office,43.0,"",43.0,23
2020-04-01,West Virginia,Sports,50.0,"",51.0,24
2020-04-01,West Virginia,Fitness Center,30.0,"",30.0,25
2020-04-02,West Virginia,Food,46.0,37.0,46.0,1
2020-04-02,West Virginia,Shops & Services,55.0,53.0,55.0,2
2020-04-02,West Virginia,Gas Stations,63.0,60.0,63.0,3
2020-04-02,West Virginia,Grocery,75.0,70.0,76.0,4
2020-04-02,West Virginia,Fast Food Restaurants,55.0,53.0,55.0,5
2020-04-02,West Virginia,Big Box Stores,61.0,53.0,61.0,6
2020-04-02,West Virginia,Outdoors & Recreation,78.0,82.0,78.0,7
2020-04-02,West Virginia,Medical,41.0,35.0,41.0,8
2020-04-02,West Virginia,Professional & Other Places,65.0,62.0,65.0,9
2020-04-02,West Virginia,Discount Stores,67.0,61.0,68.0,10
2020-04-02,West Virginia,Nightlife Spots,53.0,51.0,53.0,11
2020-04-02,West Virginia,Drug Store,74.0,75.0,74.0,12
2020-04-02,West Virginia,Convenience Store,65.0,51.0,65.0,13
2020-04-02,West Virginia,Hardware Stores,91.0,81.0,92.0,14
2020-04-02,West Virginia,School,30.0,36.0,30.0,15
2020-04-02,West Virginia,Arts & Entertainment,56.0,56.0,57.0,16
2020-04-02,West Virginia,Government,44.0,41.0,44.0,17
2020-04-02,West Virginia,Travel & Transport,74.0,51.0,75.0,18
2020-04-02,West Virginia,Hotel,43.0,45.0,43.0,19
2020-04-02,West Virginia,Colleges & Universities,24.0,"",23.0,20
2020-04-02,West Virginia,Banks,71.0,62.0,72.0,21
2020-04-02,West Virginia,Sports,69.0,76.0,69.0,22
2020-04-02,West Virginia,Office,47.0,"",47.0,23
2020-04-02,West Virginia,Residences,65.0,"",65.0,24
2020-04-02,West Virginia,Fitness Center,28.0,"",28.0,25
