2020-03-01,RhodeIsland,Kent County,Food,96.0,107.0,96.0,1
2020-03-01,RhodeIsland,Kent County,Shops & Services,70.0,76.0,70.0,2
2020-03-01,RhodeIsland,Kent County,Grocery,109.0,148.0,108.0,3
2020-03-01,RhodeIsland,Kent County,Big Box Stores,123.0,177.0,122.0,4
2020-03-01,RhodeIsland,Kent County,Nightlife Spots,38.0,"",37.0,5
2020-03-01,RhodeIsland,Kent County,Airport,85.0,"",88.0,6
2020-03-01,RhodeIsland,Kent County,Outdoors & Recreation,31.0,"",31.0,7
2020-03-01,RhodeIsland,Kent County,Gas Stations,105.0,"",106.0,8
2020-03-01,RhodeIsland,Kent County,Convenience Store,103.0,"",103.0,9
2020-03-01,RhodeIsland,Kent County,Drug Store,110.0,"",111.0,10
2020-03-01,RhodeIsland,Kent County,Fast Food Restaurants,107.0,"",107.0,11
2020-03-01,RhodeIsland,Newport County,Food,50.0,43.0,50.0,1
2020-03-01,RhodeIsland,Newport County,Shops & Services,21.0,"",21.0,2
2020-03-01,RhodeIsland,Newport County,Nightlife Spots,70.0,"",71.0,3
2020-03-01,RhodeIsland,Newport County,Hotel,60.0,"",60.0,4
2020-03-01,RhodeIsland,Newport County,Arts & Entertainment,90.0,"",90.0,5
2020-03-01,RhodeIsland,Newport County,Outdoors & Recreation,25.0,"",25.0,6
2020-03-01,RhodeIsland,Newport County,Grocery,99.0,"",100.0,7
2020-03-01,RhodeIsland,Providence County,Food,44.0,36.0,44.0,1
2020-03-01,RhodeIsland,Providence County,Shops & Services,23.0,22.0,23.0,2
2020-03-01,RhodeIsland,Providence County,Grocery,104.0,101.0,104.0,3
2020-03-01,RhodeIsland,Providence County,Nightlife Spots,43.0,45.0,43.0,4
2020-03-01,RhodeIsland,Providence County,Arts & Entertainment,66.0,56.0,67.0,5
2020-03-01,RhodeIsland,Providence County,Outdoors & Recreation,31.0,33.0,31.0,6
2020-03-01,RhodeIsland,Providence County,Colleges & Universities,48.0,"",48.0,7
2020-03-01,RhodeIsland,Providence County,Gas Stations,114.0,"",115.0,8
2020-03-01,RhodeIsland,Providence County,Medical,58.0,50.0,59.0,9
2020-03-01,RhodeIsland,Providence County,Drug Store,98.0,103.0,98.0,10
2020-03-01,RhodeIsland,Providence County,Fast Food Restaurants,108.0,"",108.0,11
2020-03-01,RhodeIsland,Providence County,Professional & Other Places,15.0,"",14.0,12
2020-03-01,RhodeIsland,Providence County,Big Box Stores,101.0,"",102.0,13
2020-03-01,RhodeIsland,Providence County,School,60.0,"",61.0,14
2020-03-01,RhodeIsland,Providence County,Convenience Store,90.0,"",90.0,15
2020-03-01,RhodeIsland,Providence County,Fitness Center,72.0,"",72.0,16
2020-03-01,RhodeIsland,Providence County,Residences,114.0,"",114.0,17
2020-03-01,RhodeIsland,Providence County,Alcohol,96.0,"",96.0,18
2020-03-01,RhodeIsland,Providence County,Banks,116.0,"",115.0,19
2020-03-01,RhodeIsland,Providence County,Hardware Stores,96.0,"",97.0,20
2020-03-01,RhodeIsland,Providence County,Hotel,86.0,"",87.0,21
2020-03-01,RhodeIsland,Providence County,Discount Stores,99.0,"",99.0,22
2020-03-01,RhodeIsland,Providence County,Sports,27.0,"",27.0,23
2020-03-01,RhodeIsland,Providence County,Office,89.0,"",88.0,24
2020-03-01,RhodeIsland,Washington County,Food,107.0,123.0,106.0,1
2020-03-01,RhodeIsland,Washington County,Shops & Services,99.0,75.0,101.0,2
2020-03-01,RhodeIsland,Washington County,Colleges & Universities,74.0,"",74.0,3
2020-03-01,RhodeIsland,Washington County,Grocery,91.0,"",92.0,4
2020-03-01,RhodeIsland,Washington County,Nightlife Spots,67.0,"",67.0,5
2020-03-01,RhodeIsland,Washington County,Outdoors & Recreation,76.0,"",76.0,6
2020-03-01,RhodeIsland,Bristol County,Food,82.0,"",83.0,1
2020-03-02,RhodeIsland,Newport County,Food,43.0,41.0,44.0,1
2020-03-02,RhodeIsland,Newport County,Shops & Services,24.0,24.0,24.0,2
2020-03-02,RhodeIsland,Newport County,Outdoors & Recreation,35.0,37.0,34.0,3
2020-03-02,RhodeIsland,Newport County,Hotel,68.0,"",68.0,4
2020-03-02,RhodeIsland,Newport County,Nightlife Spots,79.0,"",80.0,5
2020-03-02,RhodeIsland,Newport County,Grocery,119.0,"",122.0,6
2020-03-02,RhodeIsland,Bristol County,Food,96.0,"",95.0,1
2020-03-02,RhodeIsland,Kent County,Food,93.0,79.0,94.0,1
2020-03-02,RhodeIsland,Kent County,Shops & Services,73.0,68.0,74.0,2
2020-03-02,RhodeIsland,Kent County,Grocery,111.0,124.0,110.0,3
2020-03-02,RhodeIsland,Kent County,Medical,59.0,51.0,59.0,4
2020-03-02,RhodeIsland,Kent County,Nightlife Spots,42.0,"",42.0,5
2020-03-02,RhodeIsland,Kent County,Airport,67.0,"",67.0,6
2020-03-02,RhodeIsland,Kent County,Big Box Stores,103.0,"",103.0,7
2020-03-02,RhodeIsland,Kent County,Outdoors & Recreation,35.0,"",35.0,8
2020-03-02,RhodeIsland,Kent County,School,70.0,"",69.0,9
2020-03-02,RhodeIsland,Kent County,Convenience Store,98.0,"",96.0,10
2020-03-02,RhodeIsland,Kent County,Gas Stations,107.0,"",108.0,11
2020-03-02,RhodeIsland,Kent County,Professional & Other Places,16.0,"",16.0,12
2020-03-02,RhodeIsland,Kent County,Drug Store,119.0,"",120.0,13
2020-03-02,RhodeIsland,Kent County,Fast Food Restaurants,124.0,"",124.0,14
2020-03-02,RhodeIsland,Kent County,Office,94.0,"",93.0,15
2020-03-02,RhodeIsland,Washington County,Food,44.0,42.0,44.0,1
2020-03-02,RhodeIsland,Washington County,Shops & Services,112.0,112.0,112.0,2
2020-03-02,RhodeIsland,Washington County,Colleges & Universities,83.0,"",83.0,3
2020-03-02,RhodeIsland,Washington County,Outdoors & Recreation,104.0,"",105.0,4
2020-03-02,RhodeIsland,Washington County,Grocery,102.0,"",102.0,5
2020-03-02,RhodeIsland,Washington County,Medical,75.0,"",75.0,6
2020-03-02,RhodeIsland,Washington County,Professional & Other Places,130.0,"",131.0,7
2020-03-02,RhodeIsland,Providence County,Food,44.0,46.0,44.0,1
2020-03-02,RhodeIsland,Providence County,Shops & Services,25.0,26.0,25.0,2
2020-03-02,RhodeIsland,Providence County,Medical,56.0,41.0,57.0,3
2020-03-02,RhodeIsland,Providence County,Grocery,116.0,110.0,116.0,4
2020-03-02,RhodeIsland,Providence County,Colleges & Universities,43.0,57.0,43.0,5
2020-03-02,RhodeIsland,Providence County,Outdoors & Recreation,35.0,38.0,35.0,6
2020-03-02,RhodeIsland,Providence County,Nightlife Spots,38.0,32.0,38.0,7
2020-03-02,RhodeIsland,Providence County,School,65.0,56.0,65.0,8
2020-03-02,RhodeIsland,Providence County,Arts & Entertainment,83.0,74.0,83.0,9
2020-03-02,RhodeIsland,Providence County,Drug Store,115.0,114.0,115.0,10
2020-03-02,RhodeIsland,Providence County,Gas Stations,111.0,111.0,111.0,11
2020-03-02,RhodeIsland,Providence County,Professional & Other Places,13.0,13.0,13.0,12
2020-03-02,RhodeIsland,Providence County,Office,99.0,"",99.0,13
2020-03-02,RhodeIsland,Providence County,Fitness Center,67.0,69.0,67.0,14
2020-03-02,RhodeIsland,Providence County,Convenience Store,107.0,118.0,107.0,15
2020-03-02,RhodeIsland,Providence County,Fast Food Restaurants,109.0,"",110.0,16
2020-03-02,RhodeIsland,Providence County,Banks,118.0,"",118.0,17
2020-03-02,RhodeIsland,Providence County,Government,69.0,"",69.0,18
2020-03-02,RhodeIsland,Providence County,Big Box Stores,117.0,"",117.0,19
2020-03-02,RhodeIsland,Providence County,Residences,105.0,"",106.0,20
2020-03-02,RhodeIsland,Providence County,Alcohol,92.0,"",92.0,21
2020-03-02,RhodeIsland,Providence County,Sports,23.0,"",23.0,22
2020-03-02,RhodeIsland,Providence County,Hardware Stores,92.0,"",92.0,23
2020-03-02,RhodeIsland,Providence County,Discount Stores,105.0,"",105.0,24
2020-03-02,RhodeIsland,Providence County,Travel & Transport,94.0,"",93.0,25
2020-03-03,RhodeIsland,Newport County,Food,48.0,50.0,48.0,1
2020-03-03,RhodeIsland,Newport County,Shops & Services,25.0,27.0,25.0,2
2020-03-03,RhodeIsland,Newport County,Outdoors & Recreation,37.0,48.0,36.0,3
2020-03-03,RhodeIsland,Newport County,Hotel,68.0,"",69.0,4
2020-03-03,RhodeIsland,Newport County,Nightlife Spots,54.0,"",55.0,5
2020-03-03,RhodeIsland,Bristol County,Food,92.0,"",93.0,1
2020-03-03,RhodeIsland,Providence County,Food,48.0,45.0,48.0,1
2020-03-03,RhodeIsland,Providence County,Shops & Services,26.0,27.0,26.0,2
2020-03-03,RhodeIsland,Providence County,Medical,51.0,47.0,52.0,3
2020-03-03,RhodeIsland,Providence County,Grocery,107.0,109.0,107.0,4
2020-03-03,RhodeIsland,Providence County,Colleges & Universities,45.0,60.0,45.0,5
2020-03-03,RhodeIsland,Providence County,Outdoors & Recreation,38.0,39.0,38.0,6
2020-03-03,RhodeIsland,Providence County,School,67.0,70.0,67.0,7
2020-03-03,RhodeIsland,Providence County,Nightlife Spots,40.0,35.0,40.0,8
2020-03-03,RhodeIsland,Providence County,Drug Store,116.0,108.0,117.0,9
2020-03-03,RhodeIsland,Providence County,Professional & Other Places,12.0,14.0,12.0,10
2020-03-03,RhodeIsland,Providence County,Gas Stations,108.0,98.0,108.0,11
2020-03-03,RhodeIsland,Providence County,Office,89.0,94.0,89.0,12
2020-03-03,RhodeIsland,Providence County,Arts & Entertainment,77.0,83.0,77.0,13
2020-03-03,RhodeIsland,Providence County,Fitness Center,65.0,56.0,66.0,14
2020-03-03,RhodeIsland,Providence County,Fast Food Restaurants,113.0,118.0,113.0,15
2020-03-03,RhodeIsland,Providence County,Convenience Store,98.0,"",98.0,16
2020-03-03,RhodeIsland,Providence County,Banks,125.0,110.0,126.0,17
2020-03-03,RhodeIsland,Providence County,Government,67.0,"",67.0,18
2020-03-03,RhodeIsland,Providence County,Big Box Stores,123.0,"",123.0,19
2020-03-03,RhodeIsland,Providence County,Alcohol,98.0,"",99.0,20
2020-03-03,RhodeIsland,Providence County,Sports,28.0,"",28.0,21
2020-03-03,RhodeIsland,Providence County,Residences,99.0,"",98.0,22
2020-03-03,RhodeIsland,Providence County,Hardware Stores,106.0,"",106.0,23
2020-03-03,RhodeIsland,Providence County,Hotel,110.0,"",109.0,24
2020-03-03,RhodeIsland,Providence County,Discount Stores,112.0,"",112.0,25
2020-03-03,RhodeIsland,Providence County,Travel & Transport,108.0,"",107.0,26
2020-03-03,RhodeIsland,Kent County,Food,99.0,102.0,99.0,1
2020-03-03,RhodeIsland,Kent County,Shops & Services,79.0,66.0,80.0,2
2020-03-03,RhodeIsland,Kent County,Medical,58.0,60.0,58.0,3
2020-03-03,RhodeIsland,Kent County,Grocery,99.0,85.0,100.0,4
2020-03-03,RhodeIsland,Kent County,Nightlife Spots,48.0,51.0,48.0,5
2020-03-03,RhodeIsland,Kent County,Big Box Stores,122.0,"",122.0,6
2020-03-03,RhodeIsland,Kent County,Airport,71.0,79.0,71.0,6
2020-03-03,RhodeIsland,Kent County,Outdoors & Recreation,36.0,43.0,35.0,7
2020-03-03,RhodeIsland,Kent County,School,71.0,"",71.0,8
2020-03-03,RhodeIsland,Kent County,Convenience Store,104.0,"",105.0,9
2020-03-03,RhodeIsland,Kent County,Professional & Other Places,18.0,"",18.0,10
2020-03-03,RhodeIsland,Kent County,Colleges & Universities,98.0,"",98.0,11
2020-03-03,RhodeIsland,Kent County,Gas Stations,111.0,"",111.0,12
2020-03-03,RhodeIsland,Kent County,Office,94.0,"",95.0,13
2020-03-03,RhodeIsland,Kent County,Drug Store,100.0,"",99.0,14
2020-03-03,RhodeIsland,Kent County,Fast Food Restaurants,121.0,"",123.0,15
2020-03-03,RhodeIsland,Kent County,Fitness Center,68.0,"",69.0,16
2020-03-03,RhodeIsland,Washington County,Food,105.0,92.0,105.0,1
2020-03-03,RhodeIsland,Washington County,Shops & Services,97.0,84.0,98.0,2
2020-03-03,RhodeIsland,Washington County,Colleges & Universities,39.0,"",39.0,3
2020-03-03,RhodeIsland,Washington County,Outdoors & Recreation,118.0,108.0,119.0,4
2020-03-03,RhodeIsland,Washington County,Professional & Other Places,145.0,"",148.0,5
2020-03-03,RhodeIsland,Washington County,Grocery,101.0,101.0,101.0,6
2020-03-03,RhodeIsland,Washington County,Beach,147.0,"",146.0,7
2020-03-03,RhodeIsland,Washington County,School,57.0,"",55.0,8
2020-03-03,RhodeIsland,Washington County,Medical,61.0,"",62.0,9
2020-03-04,RhodeIsland,Washington County,Food,89.0,100.0,89.0,1
2020-03-04,RhodeIsland,Washington County,Shops & Services,109.0,102.0,110.0,2
2020-03-04,RhodeIsland,Washington County,Colleges & Universities,71.0,"",71.0,3
2020-03-04,RhodeIsland,Washington County,Outdoors & Recreation,95.0,108.0,94.0,4
2020-03-04,RhodeIsland,Washington County,Grocery,95.0,85.0,96.0,5
2020-03-04,RhodeIsland,Washington County,School,59.0,"",59.0,6
2020-03-04,RhodeIsland,Washington County,Medical,63.0,"",64.0,7
2020-03-04,RhodeIsland,Providence County,Food,47.0,47.0,47.0,1
2020-03-04,RhodeIsland,Providence County,Shops & Services,23.0,23.0,24.0,2
2020-03-04,RhodeIsland,Providence County,Medical,53.0,48.0,53.0,3
2020-03-04,RhodeIsland,Providence County,Colleges & Universities,42.0,53.0,42.0,4
2020-03-04,RhodeIsland,Providence County,Grocery,103.0,113.0,103.0,5
2020-03-04,RhodeIsland,Providence County,Nightlife Spots,44.0,45.0,44.0,6
2020-03-04,RhodeIsland,Providence County,School,56.0,42.0,56.0,7
2020-03-04,RhodeIsland,Providence County,Outdoors & Recreation,30.0,33.0,30.0,8
2020-03-04,RhodeIsland,Providence County,Arts & Entertainment,47.0,50.0,47.0,9
2020-03-04,RhodeIsland,Providence County,Drug Store,105.0,106.0,105.0,10
2020-03-04,RhodeIsland,Providence County,Professional & Other Places,12.0,14.0,12.0,11
2020-03-04,RhodeIsland,Providence County,Gas Stations,108.0,98.0,108.0,12
2020-03-04,RhodeIsland,Providence County,Office,89.0,87.0,89.0,13
2020-03-04,RhodeIsland,Providence County,Fitness Center,64.0,52.0,64.0,14
2020-03-04,RhodeIsland,Providence County,Convenience Store,98.0,102.0,98.0,15
2020-03-04,RhodeIsland,Providence County,Fast Food Restaurants,105.0,"",105.0,16
2020-03-04,RhodeIsland,Providence County,Government,67.0,78.0,66.0,17
2020-03-04,RhodeIsland,Providence County,Banks,105.0,"",104.0,18
2020-03-04,RhodeIsland,Providence County,Big Box Stores,106.0,"",106.0,19
2020-03-04,RhodeIsland,Providence County,Alcohol,95.0,"",94.0,20
2020-03-04,RhodeIsland,Providence County,Residences,102.0,"",101.0,21
2020-03-04,RhodeIsland,Providence County,Sports,27.0,"",26.0,22
2020-03-04,RhodeIsland,Providence County,Hardware Stores,103.0,"",104.0,23
2020-03-04,RhodeIsland,Providence County,Hotel,95.0,"",95.0,24
2020-03-04,RhodeIsland,Providence County,Discount Stores,94.0,"",93.0,25
2020-03-04,RhodeIsland,Providence County,Travel & Transport,85.0,"",85.0,26
2020-03-04,RhodeIsland,Bristol County,Food,115.0,"",116.0,1
2020-03-04,RhodeIsland,Bristol County,Colleges & Universities,94.0,"",95.0,2
2020-03-04,RhodeIsland,Newport County,Food,48.0,46.0,48.0,1
2020-03-04,RhodeIsland,Newport County,Shops & Services,18.0,17.0,19.0,2
2020-03-04,RhodeIsland,Newport County,Outdoors & Recreation,33.0,"",33.0,3
2020-03-04,RhodeIsland,Newport County,Hotel,75.0,"",77.0,4
2020-03-04,RhodeIsland,Newport County,Nightlife Spots,84.0,"",85.0,5
2020-03-04,RhodeIsland,Kent County,Food,94.0,86.0,94.0,1
2020-03-04,RhodeIsland,Kent County,Shops & Services,74.0,80.0,73.0,2
2020-03-04,RhodeIsland,Kent County,Medical,61.0,75.0,60.0,3
2020-03-04,RhodeIsland,Kent County,Grocery,101.0,117.0,100.0,4
2020-03-04,RhodeIsland,Kent County,Outdoors & Recreation,38.0,44.0,38.0,5
2020-03-04,RhodeIsland,Kent County,Nightlife Spots,39.0,45.0,39.0,6
2020-03-04,RhodeIsland,Kent County,Big Box Stores,106.0,"",107.0,7
2020-03-04,RhodeIsland,Kent County,Professional & Other Places,18.0,"",18.0,8
2020-03-04,RhodeIsland,Kent County,School,67.0,"",67.0,9
2020-03-04,RhodeIsland,Kent County,Convenience Store,96.0,"",94.0,10
2020-03-04,RhodeIsland,Kent County,Airport,55.0,"",55.0,11
2020-03-04,RhodeIsland,Kent County,Gas Stations,110.0,"",109.0,12
2020-03-04,RhodeIsland,Kent County,Drug Store,97.0,"",95.0,13
2020-03-04,RhodeIsland,Kent County,Office,76.0,"",76.0,14
2020-03-04,RhodeIsland,Kent County,Colleges & Universities,106.0,"",106.0,15
2020-03-04,RhodeIsland,Kent County,Fitness Center,66.0,"",66.0,16
2020-03-04,RhodeIsland,Kent County,Fast Food Restaurants,97.0,"",96.0,17
2020-03-05,RhodeIsland,Bristol County,Food,92.0,"",93.0,1
2020-03-05,RhodeIsland,Kent County,Food,94.0,102.0,94.0,1
2020-03-05,RhodeIsland,Kent County,Shops & Services,79.0,70.0,80.0,2
2020-03-05,RhodeIsland,Kent County,Medical,56.0,62.0,56.0,3
2020-03-05,RhodeIsland,Kent County,Grocery,101.0,85.0,102.0,4
2020-03-05,RhodeIsland,Kent County,Airport,69.0,88.0,69.0,5
2020-03-05,RhodeIsland,Kent County,Nightlife Spots,46.0,50.0,46.0,6
2020-03-05,RhodeIsland,Kent County,Big Box Stores,98.0,"",99.0,7
2020-03-05,RhodeIsland,Kent County,Outdoors & Recreation,33.0,"",33.0,8
2020-03-05,RhodeIsland,Kent County,Convenience Store,100.0,"",100.0,9
2020-03-05,RhodeIsland,Kent County,School,62.0,"",62.0,9
2020-03-05,RhodeIsland,Kent County,Professional & Other Places,16.0,"",16.0,10
2020-03-05,RhodeIsland,Kent County,Gas Stations,104.0,"",101.0,11
2020-03-05,RhodeIsland,Kent County,Colleges & Universities,88.0,"",88.0,12
2020-03-05,RhodeIsland,Kent County,Office,97.0,"",96.0,13
2020-03-05,RhodeIsland,Kent County,Fitness Center,72.0,"",73.0,14
2020-03-05,RhodeIsland,Kent County,Drug Store,101.0,"",102.0,15
2020-03-05,RhodeIsland,Kent County,Fast Food Restaurants,100.0,"",100.0,16
2020-03-05,RhodeIsland,Washington County,Food,105.0,114.0,105.0,1
2020-03-05,RhodeIsland,Washington County,Shops & Services,125.0,150.0,123.0,2
2020-03-05,RhodeIsland,Washington County,Colleges & Universities,98.0,"",97.0,3
2020-03-05,RhodeIsland,Washington County,Outdoors & Recreation,124.0,126.0,124.0,4
2020-03-05,RhodeIsland,Washington County,Grocery,110.0,135.0,108.0,5
2020-03-05,RhodeIsland,Washington County,Beach,131.0,151.0,130.0,6
2020-03-05,RhodeIsland,Washington County,Arts & Entertainment,206.0,"",208.0,7
2020-03-05,RhodeIsland,Washington County,Professional & Other Places,19.0,"",19.0,8
2020-03-05,RhodeIsland,Washington County,School,53.0,"",52.0,9
2020-03-05,RhodeIsland,Providence County,Food,48.0,50.0,48.0,1
2020-03-05,RhodeIsland,Providence County,Shops & Services,26.0,24.0,26.0,2
2020-03-05,RhodeIsland,Providence County,Medical,50.0,48.0,50.0,3
2020-03-05,RhodeIsland,Providence County,Grocery,104.0,85.0,105.0,4
2020-03-05,RhodeIsland,Providence County,Colleges & Universities,45.0,66.0,44.0,5
2020-03-05,RhodeIsland,Providence County,Nightlife Spots,44.0,48.0,44.0,6
2020-03-05,RhodeIsland,Providence County,Outdoors & Recreation,37.0,46.0,37.0,7
2020-03-05,RhodeIsland,Providence County,School,58.0,56.0,58.0,8
2020-03-05,RhodeIsland,Providence County,Drug Store,101.0,106.0,100.0,9
2020-03-05,RhodeIsland,Providence County,Professional & Other Places,12.0,15.0,12.0,10
2020-03-05,RhodeIsland,Providence County,Gas Stations,104.0,105.0,104.0,11
2020-03-05,RhodeIsland,Providence County,Office,93.0,102.0,93.0,12
2020-03-05,RhodeIsland,Providence County,Arts & Entertainment,71.0,65.0,71.0,13
2020-03-05,RhodeIsland,Providence County,Fast Food Restaurants,109.0,108.0,109.0,14
2020-03-05,RhodeIsland,Providence County,Convenience Store,104.0,"",105.0,15
2020-03-05,RhodeIsland,Providence County,Fitness Center,69.0,59.0,70.0,16
2020-03-05,RhodeIsland,Providence County,Banks,123.0,"",124.0,17
2020-03-05,RhodeIsland,Providence County,Government,69.0,"",69.0,18
2020-03-05,RhodeIsland,Providence County,Big Box Stores,109.0,"",110.0,19
2020-03-05,RhodeIsland,Providence County,Alcohol,107.0,"",107.0,20
2020-03-05,RhodeIsland,Providence County,Residences,118.0,"",119.0,21
2020-03-05,RhodeIsland,Providence County,Hardware Stores,106.0,"",105.0,22
2020-03-05,RhodeIsland,Providence County,Sports,24.0,"",24.0,23
2020-03-05,RhodeIsland,Providence County,Hotel,95.0,"",94.0,24
2020-03-05,RhodeIsland,Providence County,Discount Stores,101.0,"",100.0,25
2020-03-05,RhodeIsland,Providence County,Travel & Transport,113.0,"",112.0,26
2020-03-05,RhodeIsland,Newport County,Food,58.0,67.0,57.0,1
2020-03-05,RhodeIsland,Newport County,Shops & Services,25.0,20.0,25.0,2
2020-03-05,RhodeIsland,Newport County,Nightlife Spots,96.0,"",98.0,3
2020-03-05,RhodeIsland,Newport County,Outdoors & Recreation,109.0,"",111.0,4
2020-03-05,RhodeIsland,Newport County,Hotel,82.0,"",82.0,5
2020-03-06,RhodeIsland,Washington County,Food,100.0,91.0,100.0,1
2020-03-06,RhodeIsland,Washington County,Shops & Services,96.0,95.0,96.0,2
2020-03-06,RhodeIsland,Washington County,Colleges & Universities,72.0,"",71.0,3
2020-03-06,RhodeIsland,Washington County,Outdoors & Recreation,103.0,96.0,103.0,4
2020-03-06,RhodeIsland,Washington County,Grocery,98.0,86.0,99.0,5
2020-03-06,RhodeIsland,Washington County,Nightlife Spots,69.0,"",70.0,6
2020-03-06,RhodeIsland,Washington County,Professional & Other Places,109.0,"",111.0,7
2020-03-06,RhodeIsland,Bristol County,Food,91.0,94.0,91.0,1
2020-03-06,RhodeIsland,Newport County,Food,54.0,51.0,54.0,1
2020-03-06,RhodeIsland,Newport County,Shops & Services,25.0,26.0,25.0,2
2020-03-06,RhodeIsland,Newport County,Nightlife Spots,99.0,"",100.0,3
2020-03-06,RhodeIsland,Newport County,Outdoors & Recreation,36.0,42.0,36.0,4
2020-03-06,RhodeIsland,Newport County,Hotel,72.0,"",72.0,5
2020-03-06,RhodeIsland,Newport County,Grocery,114.0,"",115.0,6
2020-03-06,RhodeIsland,Providence County,Food,44.0,49.0,43.0,1
2020-03-06,RhodeIsland,Providence County,Shops & Services,23.0,21.0,23.0,2
2020-03-06,RhodeIsland,Providence County,Medical,51.0,44.0,51.0,3
2020-03-06,RhodeIsland,Providence County,Grocery,100.0,91.0,100.0,4
2020-03-06,RhodeIsland,Providence County,Nightlife Spots,42.0,47.0,41.0,5
2020-03-06,RhodeIsland,Providence County,Colleges & Universities,43.0,55.0,43.0,6
2020-03-06,RhodeIsland,Providence County,School,59.0,54.0,59.0,7
2020-03-06,RhodeIsland,Providence County,Outdoors & Recreation,33.0,38.0,33.0,8
2020-03-06,RhodeIsland,Providence County,Arts & Entertainment,77.0,80.0,77.0,9
2020-03-06,RhodeIsland,Providence County,Drug Store,97.0,104.0,97.0,10
2020-03-06,RhodeIsland,Providence County,Gas Stations,93.0,95.0,93.0,11
2020-03-06,RhodeIsland,Providence County,Professional & Other Places,12.0,13.0,12.0,12
2020-03-06,RhodeIsland,Providence County,Fast Food Restaurants,109.0,"",109.0,13
2020-03-06,RhodeIsland,Providence County,Convenience Store,100.0,"",100.0,14
2020-03-06,RhodeIsland,Providence County,Office,81.0,114.0,80.0,15
2020-03-06,RhodeIsland,Providence County,Fitness Center,61.0,"",61.0,16
2020-03-06,RhodeIsland,Providence County,Banks,94.0,"",95.0,17
2020-03-06,RhodeIsland,Providence County,Alcohol,109.0,"",109.0,18
2020-03-06,RhodeIsland,Providence County,Government,60.0,"",60.0,19
2020-03-06,RhodeIsland,Providence County,Big Box Stores,96.0,"",95.0,20
2020-03-06,RhodeIsland,Providence County,Residences,97.0,"",97.0,21
2020-03-06,RhodeIsland,Providence County,Sports,27.0,"",27.0,22
2020-03-06,RhodeIsland,Providence County,Hardware Stores,104.0,"",104.0,23
2020-03-06,RhodeIsland,Providence County,Discount Stores,97.0,"",96.0,24
2020-03-06,RhodeIsland,Providence County,Travel & Transport,91.0,"",91.0,25
2020-03-06,RhodeIsland,Providence County,Hotel,71.0,"",70.0,26
2020-03-06,RhodeIsland,Kent County,Food,91.0,86.0,91.0,1
2020-03-06,RhodeIsland,Kent County,Shops & Services,73.0,66.0,73.0,2
2020-03-06,RhodeIsland,Kent County,Nightlife Spots,43.0,"",43.0,3
2020-03-06,RhodeIsland,Kent County,Grocery,96.0,110.0,95.0,4
2020-03-06,RhodeIsland,Kent County,Airport,72.0,"",73.0,5
2020-03-06,RhodeIsland,Kent County,Big Box Stores,108.0,"",108.0,6
2020-03-06,RhodeIsland,Kent County,Medical,55.0,"",55.0,7
2020-03-06,RhodeIsland,Kent County,Outdoors & Recreation,34.0,41.0,34.0,8
2020-03-06,RhodeIsland,Kent County,Convenience Store,97.0,"",98.0,9
2020-03-06,RhodeIsland,Kent County,School,60.0,"",59.0,10
2020-03-06,RhodeIsland,Kent County,Professional & Other Places,18.0,"",17.0,11
2020-03-06,RhodeIsland,Kent County,Gas Stations,100.0,"",101.0,12
2020-03-06,RhodeIsland,Kent County,Drug Store,96.0,"",97.0,13
2020-03-06,RhodeIsland,Kent County,Fitness Center,74.0,"",75.0,14
2020-03-06,RhodeIsland,Kent County,Fast Food Restaurants,94.0,"",94.0,15
2020-03-06,RhodeIsland,Kent County,Office,73.0,"",72.0,16
2020-03-06,RhodeIsland,Kent County,Colleges & Universities,144.0,"",141.0,17
2020-03-06,RhodeIsland,Kent County,Hotel,91.0,"",91.0,18
2020-03-07,RhodeIsland,Kent County,Shops & Services,75.0,73.0,75.0,1
2020-03-07,RhodeIsland,Kent County,Food,87.0,85.0,87.0,2
2020-03-07,RhodeIsland,Kent County,Grocery,104.0,115.0,104.0,3
2020-03-07,RhodeIsland,Kent County,Big Box Stores,105.0,"",105.0,4
2020-03-07,RhodeIsland,Kent County,Nightlife Spots,39.0,"",39.0,5
2020-03-07,RhodeIsland,Kent County,Airport,62.0,"",62.0,6
2020-03-07,RhodeIsland,Kent County,Outdoors & Recreation,30.0,"",30.0,7
2020-03-07,RhodeIsland,Kent County,Convenience Store,99.0,"",99.0,8
2020-03-07,RhodeIsland,Kent County,Gas Stations,96.0,"",96.0,9
2020-03-07,RhodeIsland,Kent County,Hotel,88.0,"",88.0,10
2020-03-07,RhodeIsland,Kent County,Fast Food Restaurants,96.0,"",96.0,11
2020-03-07,RhodeIsland,Kent County,Hardware Stores,109.0,"",110.0,12
2020-03-07,RhodeIsland,Kent County,Medical,63.0,"",64.0,13
2020-03-07,RhodeIsland,Kent County,Arts & Entertainment,89.0,"",88.0,14
2020-03-07,RhodeIsland,Kent County,Drug Store,95.0,"",95.0,14
2020-03-07,RhodeIsland,Kent County,Fitness Center,74.0,"",74.0,15
2020-03-07,RhodeIsland,Bristol County,Food,97.0,"",97.0,1
2020-03-07,RhodeIsland,Washington County,Food,91.0,104.0,90.0,1
2020-03-07,RhodeIsland,Washington County,Shops & Services,96.0,88.0,96.0,2
2020-03-07,RhodeIsland,Washington County,Grocery,95.0,76.0,96.0,3
2020-03-07,RhodeIsland,Washington County,Outdoors & Recreation,91.0,"",93.0,4
2020-03-07,RhodeIsland,Washington County,Nightlife Spots,51.0,"",51.0,5
2020-03-07,RhodeIsland,Newport County,Food,49.0,46.0,49.0,1
2020-03-07,RhodeIsland,Newport County,Shops & Services,25.0,26.0,25.0,2
2020-03-07,RhodeIsland,Newport County,Nightlife Spots,76.0,"",76.0,3
2020-03-07,RhodeIsland,Newport County,Hotel,68.0,"",68.0,4
2020-03-07,RhodeIsland,Newport County,Outdoors & Recreation,34.0,"",34.0,5
2020-03-07,RhodeIsland,Newport County,Arts & Entertainment,99.0,"",98.0,6
2020-03-07,RhodeIsland,Newport County,Grocery,114.0,"",115.0,7
2020-03-07,RhodeIsland,Providence County,Food,42.0,41.0,43.0,1
2020-03-07,RhodeIsland,Providence County,Shops & Services,25.0,21.0,25.0,2
2020-03-07,RhodeIsland,Providence County,Nightlife Spots,39.0,34.0,39.0,3
2020-03-07,RhodeIsland,Providence County,Grocery,100.0,86.0,101.0,4
2020-03-07,RhodeIsland,Providence County,Arts & Entertainment,75.0,65.0,75.0,5
2020-03-07,RhodeIsland,Providence County,Outdoors & Recreation,32.0,41.0,32.0,6
2020-03-07,RhodeIsland,Providence County,Gas Stations,112.0,101.0,112.0,7
2020-03-07,RhodeIsland,Providence County,Medical,48.0,62.0,48.0,8
2020-03-07,RhodeIsland,Providence County,Professional & Other Places,17.0,16.0,17.0,9
2020-03-07,RhodeIsland,Providence County,Drug Store,92.0,94.0,92.0,10
2020-03-07,RhodeIsland,Providence County,Fast Food Restaurants,97.0,"",97.0,11
2020-03-07,RhodeIsland,Providence County,Colleges & Universities,33.0,"",33.0,12
2020-03-07,RhodeIsland,Providence County,School,57.0,"",57.0,13
2020-03-07,RhodeIsland,Providence County,Convenience Store,93.0,"",94.0,14
2020-03-07,RhodeIsland,Providence County,Fitness Center,63.0,"",63.0,15
2020-03-07,RhodeIsland,Providence County,Big Box Stores,101.0,"",101.0,16
2020-03-07,RhodeIsland,Providence County,Alcohol,106.0,"",107.0,17
2020-03-07,RhodeIsland,Providence County,Banks,89.0,"",89.0,18
2020-03-07,RhodeIsland,Providence County,Residences,105.0,"",106.0,19
2020-03-07,RhodeIsland,Providence County,Hardware Stores,97.0,"",98.0,20
2020-03-07,RhodeIsland,Providence County,Sports,25.0,"",25.0,21
2020-03-07,RhodeIsland,Providence County,Government,66.0,"",66.0,22
2020-03-07,RhodeIsland,Providence County,Discount Stores,85.0,"",85.0,23
2020-03-07,RhodeIsland,Providence County,Hotel,75.0,"",76.0,24
2020-03-07,RhodeIsland,Providence County,Office,79.0,"",78.0,25
2020-03-08,RhodeIsland,Washington County,Food,100.0,118.0,100.0,1
2020-03-08,RhodeIsland,Washington County,Shops & Services,102.0,89.0,103.0,2
2020-03-08,RhodeIsland,Washington County,Outdoors & Recreation,99.0,"",99.0,3
2020-03-08,RhodeIsland,Washington County,Grocery,95.0,94.0,95.0,4
2020-03-08,RhodeIsland,Washington County,Nightlife Spots,60.0,"",60.0,5
2020-03-08,RhodeIsland,Washington County,Beach,90.0,"",88.0,6
2020-03-08,RhodeIsland,Kent County,Food,94.0,80.0,95.0,1
2020-03-08,RhodeIsland,Kent County,Shops & Services,70.0,62.0,70.0,2
2020-03-08,RhodeIsland,Kent County,Grocery,92.0,106.0,91.0,3
2020-03-08,RhodeIsland,Kent County,Big Box Stores,113.0,"",113.0,4
2020-03-08,RhodeIsland,Kent County,Nightlife Spots,45.0,"",45.0,5
2020-03-08,RhodeIsland,Kent County,Outdoors & Recreation,39.0,"",39.0,6
2020-03-08,RhodeIsland,Kent County,Airport,74.0,"",78.0,7
2020-03-08,RhodeIsland,Kent County,Convenience Store,108.0,"",108.0,8
2020-03-08,RhodeIsland,Kent County,Gas Stations,99.0,"",99.0,9
2020-03-08,RhodeIsland,Kent County,Arts & Entertainment,93.0,"",93.0,10
2020-03-08,RhodeIsland,Kent County,Fast Food Restaurants,100.0,"",100.0,10
2020-03-08,RhodeIsland,Bristol County,Food,104.0,"",104.0,1
2020-03-08,RhodeIsland,Newport County,Food,100.0,88.0,100.0,1
2020-03-08,RhodeIsland,Newport County,Outdoors & Recreation,38.0,37.0,38.0,2
2020-03-08,RhodeIsland,Newport County,Shops & Services,19.0,"",19.0,3
2020-03-08,RhodeIsland,Newport County,Nightlife Spots,68.0,"",69.0,3
2020-03-08,RhodeIsland,Newport County,Hotel,60.0,"",60.0,4
2020-03-08,RhodeIsland,Newport County,Arts & Entertainment,93.0,"",94.0,5
2020-03-08,RhodeIsland,Newport County,Grocery,106.0,"",106.0,6
2020-03-08,RhodeIsland,Providence County,Food,47.0,40.0,47.0,1
2020-03-08,RhodeIsland,Providence County,Shops & Services,23.0,21.0,23.0,2
2020-03-08,RhodeIsland,Providence County,Grocery,104.0,84.0,104.0,3
2020-03-08,RhodeIsland,Providence County,Nightlife Spots,41.0,34.0,41.0,4
2020-03-08,RhodeIsland,Providence County,Arts & Entertainment,73.0,67.0,73.0,5
2020-03-08,RhodeIsland,Providence County,Outdoors & Recreation,37.0,34.0,37.0,6
2020-03-08,RhodeIsland,Providence County,Drug Store,106.0,"",107.0,7
2020-03-08,RhodeIsland,Providence County,Colleges & Universities,42.0,"",42.0,8
2020-03-08,RhodeIsland,Providence County,Fast Food Restaurants,115.0,"",115.0,9
2020-03-08,RhodeIsland,Providence County,Gas Stations,103.0,"",104.0,10
2020-03-08,RhodeIsland,Providence County,Medical,50.0,"",50.0,11
2020-03-08,RhodeIsland,Providence County,Big Box Stores,116.0,"",116.0,12
2020-03-08,RhodeIsland,Providence County,Professional & Other Places,15.0,"",15.0,13
2020-03-08,RhodeIsland,Providence County,School,60.0,"",60.0,14
2020-03-08,RhodeIsland,Providence County,Convenience Store,95.0,"",95.0,15
2020-03-08,RhodeIsland,Providence County,Fitness Center,67.0,"",67.0,16
2020-03-08,RhodeIsland,Providence County,Alcohol,111.0,"",111.0,17
2020-03-08,RhodeIsland,Providence County,Residences,118.0,"",118.0,18
2020-03-08,RhodeIsland,Providence County,Hardware Stores,120.0,"",121.0,19
2020-03-08,RhodeIsland,Providence County,Banks,110.0,"",110.0,20
2020-03-08,RhodeIsland,Providence County,Sports,31.0,"",31.0,21
2020-03-08,RhodeIsland,Providence County,Discount Stores,107.0,"",107.0,21
2020-03-08,RhodeIsland,Providence County,Government,62.0,"",62.0,22
2020-03-08,RhodeIsland,Providence County,Hotel,73.0,"",74.0,23
2020-03-09,RhodeIsland,Washington County,Food,96.0,72.0,98.0,1
2020-03-09,RhodeIsland,Washington County,Shops & Services,103.0,108.0,103.0,2
2020-03-09,RhodeIsland,Washington County,Outdoors & Recreation,128.0,109.0,130.0,3
2020-03-09,RhodeIsland,Washington County,Grocery,113.0,"",114.0,4
2020-03-09,RhodeIsland,Washington County,Beach,131.0,"",135.0,5
2020-03-09,RhodeIsland,Newport County,Food,48.0,45.0,48.0,1
2020-03-09,RhodeIsland,Newport County,Shops & Services,26.0,23.0,26.0,2
2020-03-09,RhodeIsland,Newport County,Outdoors & Recreation,109.0,116.0,109.0,3
2020-03-09,RhodeIsland,Newport County,Nightlife Spots,94.0,"",94.0,4
2020-03-09,RhodeIsland,Newport County,Hotel,70.0,"",70.0,5
2020-03-09,RhodeIsland,Newport County,Grocery,132.0,"",133.0,6
2020-03-09,RhodeIsland,Bristol County,Food,101.0,"",100.0,1
2020-03-09,RhodeIsland,Kent County,Food,103.0,95.0,104.0,1
2020-03-09,RhodeIsland,Kent County,Shops & Services,78.0,75.0,79.0,2
2020-03-09,RhodeIsland,Kent County,Medical,61.0,56.0,62.0,3
2020-03-09,RhodeIsland,Kent County,Grocery,106.0,137.0,104.0,4
2020-03-09,RhodeIsland,Kent County,Outdoors & Recreation,41.0,41.0,41.0,5
2020-03-09,RhodeIsland,Kent County,Nightlife Spots,40.0,"",40.0,6
2020-03-09,RhodeIsland,Kent County,Airport,63.0,"",62.0,7
2020-03-09,RhodeIsland,Kent County,Gas Stations,133.0,"",131.0,8
2020-03-09,RhodeIsland,Kent County,Big Box Stores,91.0,"",91.0,9
2020-03-09,RhodeIsland,Kent County,Convenience Store,96.0,"",95.0,10
2020-03-09,RhodeIsland,Kent County,School,63.0,"",63.0,11
2020-03-09,RhodeIsland,Kent County,Professional & Other Places,18.0,"",18.0,12
2020-03-09,RhodeIsland,Kent County,Drug Store,121.0,"",122.0,13
2020-03-09,RhodeIsland,Kent County,Fitness Center,77.0,"",75.0,14
2020-03-09,RhodeIsland,Kent County,Office,91.0,"",91.0,15
2020-03-09,RhodeIsland,Kent County,Fast Food Restaurants,117.0,"",118.0,16
2020-03-09,RhodeIsland,Providence County,Food,46.0,46.0,46.0,1
2020-03-09,RhodeIsland,Providence County,Shops & Services,24.0,25.0,24.0,2
2020-03-09,RhodeIsland,Providence County,Medical,58.0,46.0,59.0,3
2020-03-09,RhodeIsland,Providence County,Grocery,101.0,86.0,102.0,4
2020-03-09,RhodeIsland,Providence County,Outdoors & Recreation,43.0,43.0,43.0,5
2020-03-09,RhodeIsland,Providence County,Nightlife Spots,44.0,39.0,44.0,6
2020-03-09,RhodeIsland,Providence County,Colleges & Universities,39.0,"",39.0,7
2020-03-09,RhodeIsland,Providence County,School,64.0,56.0,64.0,8
2020-03-09,RhodeIsland,Providence County,Arts & Entertainment,80.0,70.0,80.0,9
2020-03-09,RhodeIsland,Providence County,Professional & Other Places,14.0,14.0,14.0,10
2020-03-09,RhodeIsland,Providence County,Drug Store,113.0,114.0,113.0,11
2020-03-09,RhodeIsland,Providence County,Gas Stations,113.0,94.0,113.0,12
2020-03-09,RhodeIsland,Providence County,Office,103.0,"",103.0,13
2020-03-09,RhodeIsland,Providence County,Fitness Center,70.0,"",70.0,14
2020-03-09,RhodeIsland,Providence County,Convenience Store,111.0,121.0,111.0,14
2020-03-09,RhodeIsland,Providence County,Fast Food Restaurants,116.0,"",117.0,15
2020-03-09,RhodeIsland,Providence County,Banks,111.0,"",111.0,16
2020-03-09,RhodeIsland,Providence County,Government,67.0,"",67.0,17
2020-03-09,RhodeIsland,Providence County,Alcohol,116.0,"",115.0,18
2020-03-09,RhodeIsland,Providence County,Big Box Stores,107.0,"",108.0,19
2020-03-09,RhodeIsland,Providence County,Residences,116.0,"",116.0,20
2020-03-09,RhodeIsland,Providence County,Hardware Stores,106.0,"",106.0,21
2020-03-09,RhodeIsland,Providence County,Sports,25.0,"",25.0,22
2020-03-09,RhodeIsland,Providence County,Hotel,100.0,"",100.0,23
2020-03-09,RhodeIsland,Providence County,Travel & Transport,106.0,"",106.0,24
2020-03-09,RhodeIsland,Providence County,Discount Stores,80.0,"",81.0,25
2020-03-10,RhodeIsland,Providence County,Food,46.0,39.0,46.0,1
2020-03-10,RhodeIsland,Providence County,Shops & Services,25.0,23.0,25.0,2
2020-03-10,RhodeIsland,Providence County,Medical,49.0,38.0,49.0,3
2020-03-10,RhodeIsland,Providence County,Grocery,106.0,96.0,107.0,4
2020-03-10,RhodeIsland,Providence County,Colleges & Universities,42.0,43.0,42.0,5
2020-03-10,RhodeIsland,Providence County,Outdoors & Recreation,40.0,37.0,40.0,6
2020-03-10,RhodeIsland,Providence County,Nightlife Spots,42.0,37.0,42.0,7
2020-03-10,RhodeIsland,Providence County,School,63.0,60.0,63.0,8
2020-03-10,RhodeIsland,Providence County,Drug Store,109.0,116.0,109.0,9
2020-03-10,RhodeIsland,Providence County,Office,91.0,85.0,91.0,10
2020-03-10,RhodeIsland,Providence County,Professional & Other Places,11.0,10.0,12.0,11
2020-03-10,RhodeIsland,Providence County,Gas Stations,102.0,96.0,102.0,12
2020-03-10,RhodeIsland,Providence County,Arts & Entertainment,81.0,77.0,81.0,13
2020-03-10,RhodeIsland,Providence County,Fitness Center,66.0,53.0,66.0,14
2020-03-10,RhodeIsland,Providence County,Fast Food Restaurants,112.0,"",113.0,15
2020-03-10,RhodeIsland,Providence County,Convenience Store,94.0,"",94.0,16
2020-03-10,RhodeIsland,Providence County,Government,62.0,"",62.0,17
2020-03-10,RhodeIsland,Providence County,Banks,98.0,"",99.0,18
2020-03-10,RhodeIsland,Providence County,Alcohol,102.0,"",102.0,19
2020-03-10,RhodeIsland,Providence County,Big Box Stores,105.0,"",106.0,20
2020-03-10,RhodeIsland,Providence County,Residences,111.0,"",111.0,21
2020-03-10,RhodeIsland,Providence County,Sports,28.0,"",28.0,22
2020-03-10,RhodeIsland,Providence County,Hardware Stores,107.0,"",107.0,23
2020-03-10,RhodeIsland,Providence County,Discount Stores,117.0,"",117.0,24
2020-03-10,RhodeIsland,Providence County,Travel & Transport,110.0,"",111.0,25
2020-03-10,RhodeIsland,Providence County,Hotel,85.0,"",85.0,26
2020-03-10,RhodeIsland,Bristol County,Food,92.0,"",94.0,1
2020-03-10,RhodeIsland,Washington County,Food,98.0,75.0,100.0,1
2020-03-10,RhodeIsland,Washington County,Shops & Services,111.0,117.0,111.0,2
2020-03-10,RhodeIsland,Washington County,Outdoors & Recreation,102.0,"",104.0,3
2020-03-10,RhodeIsland,Washington County,Grocery,114.0,"",116.0,4
2020-03-10,RhodeIsland,Washington County,Medical,61.0,"",62.0,5
2020-03-10,RhodeIsland,Washington County,School,54.0,"",53.0,5
2020-03-10,RhodeIsland,Kent County,Food,98.0,97.0,98.0,1
2020-03-10,RhodeIsland,Kent County,Shops & Services,72.0,65.0,72.0,2
2020-03-10,RhodeIsland,Kent County,Medical,55.0,58.0,55.0,3
2020-03-10,RhodeIsland,Kent County,Grocery,97.0,96.0,97.0,4
2020-03-10,RhodeIsland,Kent County,Outdoors & Recreation,41.0,37.0,41.0,5
2020-03-10,RhodeIsland,Kent County,Nightlife Spots,41.0,"",41.0,6
2020-03-10,RhodeIsland,Kent County,Airport,62.0,77.0,61.0,7
2020-03-10,RhodeIsland,Kent County,Convenience Store,108.0,"",109.0,8
2020-03-10,RhodeIsland,Kent County,Big Box Stores,91.0,"",91.0,9
2020-03-10,RhodeIsland,Kent County,Professional & Other Places,16.0,"",16.0,10
2020-03-10,RhodeIsland,Kent County,School,54.0,"",54.0,11
2020-03-10,RhodeIsland,Kent County,Gas Stations,97.0,"",96.0,12
2020-03-10,RhodeIsland,Kent County,Fast Food Restaurants,121.0,"",120.0,13
2020-03-10,RhodeIsland,Kent County,Drug Store,92.0,"",91.0,14
2020-03-10,RhodeIsland,Kent County,Fitness Center,63.0,"",62.0,15
2020-03-10,RhodeIsland,Kent County,Office,73.0,"",73.0,16
2020-03-10,RhodeIsland,Newport County,Food,50.0,51.0,50.0,1
2020-03-10,RhodeIsland,Newport County,Shops & Services,25.0,28.0,25.0,2
2020-03-10,RhodeIsland,Newport County,Outdoors & Recreation,39.0,45.0,38.0,3
2020-03-10,RhodeIsland,Newport County,Hotel,68.0,"",67.0,4
2020-03-10,RhodeIsland,Newport County,Nightlife Spots,87.0,"",87.0,5
2020-03-11,RhodeIsland,Newport County,Food,51.0,48.0,51.0,1
2020-03-11,RhodeIsland,Newport County,Shops & Services,24.0,24.0,24.0,2
2020-03-11,RhodeIsland,Newport County,Outdoors & Recreation,36.0,"",36.0,3
2020-03-11,RhodeIsland,Newport County,Hotel,68.0,"",67.0,4
2020-03-11,RhodeIsland,Newport County,Nightlife Spots,86.0,"",87.0,5
2020-03-11,RhodeIsland,Washington County,Food,87.0,80.0,88.0,1
2020-03-11,RhodeIsland,Washington County,Shops & Services,102.0,95.0,102.0,2
2020-03-11,RhodeIsland,Washington County,Outdoors & Recreation,95.0,109.0,94.0,3
2020-03-11,RhodeIsland,Washington County,Grocery,105.0,89.0,107.0,4
2020-03-11,RhodeIsland,Washington County,School,53.0,"",52.0,5
2020-03-11,RhodeIsland,Washington County,Professional & Other Places,100.0,"",100.0,5
2020-03-11,RhodeIsland,Providence County,Food,46.0,42.0,46.0,1
2020-03-11,RhodeIsland,Providence County,Shops & Services,24.0,24.0,24.0,2
2020-03-11,RhodeIsland,Providence County,Medical,44.0,40.0,44.0,3
2020-03-11,RhodeIsland,Providence County,Grocery,107.0,98.0,108.0,4
2020-03-11,RhodeIsland,Providence County,Colleges & Universities,35.0,49.0,35.0,5
2020-03-11,RhodeIsland,Providence County,Nightlife Spots,41.0,37.0,41.0,6
2020-03-11,RhodeIsland,Providence County,Outdoors & Recreation,34.0,34.0,34.0,7
2020-03-11,RhodeIsland,Providence County,School,50.0,38.0,50.0,8
2020-03-11,RhodeIsland,Providence County,Gas Stations,103.0,93.0,103.0,9
2020-03-11,RhodeIsland,Providence County,Office,87.0,84.0,87.0,10
2020-03-11,RhodeIsland,Providence County,Drug Store,96.0,86.0,96.0,11
2020-03-11,RhodeIsland,Providence County,Arts & Entertainment,73.0,84.0,73.0,12
2020-03-11,RhodeIsland,Providence County,Professional & Other Places,10.0,10.0,10.0,13
2020-03-11,RhodeIsland,Providence County,Fast Food Restaurants,116.0,124.0,116.0,14
2020-03-11,RhodeIsland,Providence County,Fitness Center,64.0,"",64.0,15
2020-03-11,RhodeIsland,Providence County,Convenience Store,98.0,99.0,98.0,16
2020-03-11,RhodeIsland,Providence County,Government,54.0,"",54.0,17
2020-03-11,RhodeIsland,Providence County,Big Box Stores,110.0,"",111.0,18
2020-03-11,RhodeIsland,Providence County,Banks,93.0,"",93.0,19
2020-03-11,RhodeIsland,Providence County,Residences,112.0,"",113.0,20
2020-03-11,RhodeIsland,Providence County,Hardware Stores,123.0,"",122.0,21
2020-03-11,RhodeIsland,Providence County,Alcohol,90.0,"",89.0,22
2020-03-11,RhodeIsland,Providence County,Sports,28.0,"",28.0,23
2020-03-11,RhodeIsland,Providence County,Discount Stores,94.0,"",93.0,24
2020-03-11,RhodeIsland,Providence County,Hotel,75.0,"",74.0,25
2020-03-11,RhodeIsland,Providence County,Travel & Transport,92.0,"",93.0,26
2020-03-11,RhodeIsland,Bristol County,Food,95.0,"",94.0,1
2020-03-11,RhodeIsland,Kent County,Food,101.0,98.0,101.0,1
2020-03-11,RhodeIsland,Kent County,Shops & Services,78.0,73.0,78.0,2
2020-03-11,RhodeIsland,Kent County,Medical,62.0,55.0,63.0,3
2020-03-11,RhodeIsland,Kent County,Nightlife Spots,48.0,49.0,48.0,4
2020-03-11,RhodeIsland,Kent County,Grocery,97.0,103.0,97.0,5
2020-03-11,RhodeIsland,Kent County,Outdoors & Recreation,38.0,41.0,38.0,6
2020-03-11,RhodeIsland,Kent County,Big Box Stores,111.0,"",112.0,7
2020-03-11,RhodeIsland,Kent County,Airport,68.0,76.0,68.0,8
2020-03-11,RhodeIsland,Kent County,Convenience Store,104.0,"",104.0,9
2020-03-11,RhodeIsland,Kent County,School,60.0,"",60.0,10
2020-03-11,RhodeIsland,Kent County,Professional & Other Places,15.0,"",15.0,11
2020-03-11,RhodeIsland,Kent County,Gas Stations,106.0,"",107.0,12
2020-03-11,RhodeIsland,Kent County,Fitness Center,69.0,"",69.0,13
2020-03-11,RhodeIsland,Kent County,Drug Store,94.0,"",93.0,14
2020-03-11,RhodeIsland,Kent County,Office,75.0,"",74.0,14
2020-03-11,RhodeIsland,Kent County,Fast Food Restaurants,91.0,"",90.0,15
2020-03-12,RhodeIsland,Bristol County,Food,90.0,"",90.0,1
2020-03-12,RhodeIsland,Providence County,Food,42.0,45.0,42.0,1
2020-03-12,RhodeIsland,Providence County,Shops & Services,24.0,21.0,24.0,2
2020-03-12,RhodeIsland,Providence County,Medical,47.0,47.0,47.0,3
2020-03-12,RhodeIsland,Providence County,Grocery,119.0,93.0,120.0,4
2020-03-12,RhodeIsland,Providence County,Nightlife Spots,39.0,41.0,39.0,5
2020-03-12,RhodeIsland,Providence County,School,53.0,46.0,53.0,6
2020-03-12,RhodeIsland,Providence County,Outdoors & Recreation,32.0,34.0,31.0,7
2020-03-12,RhodeIsland,Providence County,Colleges & Universities,31.0,"",31.0,8
2020-03-12,RhodeIsland,Providence County,Drug Store,98.0,93.0,98.0,9
2020-03-12,RhodeIsland,Providence County,Gas Stations,97.0,116.0,97.0,10
2020-03-12,RhodeIsland,Providence County,Office,79.0,93.0,79.0,11
2020-03-12,RhodeIsland,Providence County,Arts & Entertainment,60.0,67.0,60.0,12
2020-03-12,RhodeIsland,Providence County,Professional & Other Places,10.0,9.0,10.0,13
2020-03-12,RhodeIsland,Providence County,Convenience Store,98.0,98.0,98.0,14
2020-03-12,RhodeIsland,Providence County,Fast Food Restaurants,93.0,"",93.0,15
2020-03-12,RhodeIsland,Providence County,Fitness Center,60.0,"",61.0,16
2020-03-12,RhodeIsland,Providence County,Government,59.0,79.0,58.0,17
2020-03-12,RhodeIsland,Providence County,Banks,99.0,"",99.0,18
2020-03-12,RhodeIsland,Providence County,Big Box Stores,106.0,"",107.0,19
2020-03-12,RhodeIsland,Providence County,Alcohol,110.0,150.0,109.0,20
2020-03-12,RhodeIsland,Providence County,Residences,107.0,"",107.0,21
2020-03-12,RhodeIsland,Providence County,Hardware Stores,119.0,"",121.0,22
2020-03-12,RhodeIsland,Providence County,Sports,27.0,"",27.0,23
2020-03-12,RhodeIsland,Providence County,Discount Stores,117.0,"",116.0,24
2020-03-12,RhodeIsland,Providence County,Travel & Transport,113.0,"",112.0,25
2020-03-12,RhodeIsland,Washington County,Food,103.0,90.0,104.0,1
2020-03-12,RhodeIsland,Washington County,Shops & Services,104.0,108.0,104.0,2
2020-03-12,RhodeIsland,Washington County,Outdoors & Recreation,107.0,"",109.0,3
2020-03-12,RhodeIsland,Washington County,Grocery,115.0,138.0,113.0,4
2020-03-12,RhodeIsland,Newport County,Food,54.0,64.0,54.0,1
2020-03-12,RhodeIsland,Newport County,Shops & Services,26.0,25.0,27.0,2
2020-03-12,RhodeIsland,Newport County,Nightlife Spots,116.0,"",118.0,3
2020-03-12,RhodeIsland,Newport County,Outdoors & Recreation,32.0,"",33.0,4
2020-03-12,RhodeIsland,Newport County,Grocery,127.0,"",129.0,5
2020-03-12,RhodeIsland,Newport County,Hotel,77.0,"",77.0,6
2020-03-12,RhodeIsland,Kent County,Food,89.0,82.0,90.0,1
2020-03-12,RhodeIsland,Kent County,Shops & Services,71.0,66.0,71.0,2
2020-03-12,RhodeIsland,Kent County,Grocery,117.0,125.0,116.0,3
2020-03-12,RhodeIsland,Kent County,Big Box Stores,121.0,"",122.0,4
2020-03-12,RhodeIsland,Kent County,Medical,51.0,46.0,52.0,5
2020-03-12,RhodeIsland,Kent County,Nightlife Spots,39.0,"",39.0,6
2020-03-12,RhodeIsland,Kent County,Outdoors & Recreation,35.0,"",35.0,7
2020-03-12,RhodeIsland,Kent County,Convenience Store,104.0,"",103.0,8
2020-03-12,RhodeIsland,Kent County,Airport,49.0,"",49.0,9
2020-03-12,RhodeIsland,Kent County,Gas Stations,105.0,"",106.0,10
2020-03-12,RhodeIsland,Kent County,Professional & Other Places,15.0,"",15.0,11
2020-03-12,RhodeIsland,Kent County,School,53.0,"",53.0,12
2020-03-12,RhodeIsland,Kent County,Drug Store,111.0,"",110.0,13
2020-03-12,RhodeIsland,Kent County,Fast Food Restaurants,107.0,"",106.0,14
2020-03-12,RhodeIsland,Kent County,Hardware Stores,136.0,"",136.0,15
2020-03-13,RhodeIsland,Providence County,Food,41.0,38.0,42.0,1
2020-03-13,RhodeIsland,Providence County,Shops & Services,23.0,22.0,23.0,2
2020-03-13,RhodeIsland,Providence County,Grocery,149.0,125.0,150.0,3
2020-03-13,RhodeIsland,Providence County,Medical,47.0,42.0,47.0,4
2020-03-13,RhodeIsland,Providence County,Nightlife Spots,38.0,41.0,38.0,5
2020-03-13,RhodeIsland,Providence County,Drug Store,119.0,119.0,119.0,6
2020-03-13,RhodeIsland,Providence County,School,57.0,44.0,57.0,7
2020-03-13,RhodeIsland,Providence County,Outdoors & Recreation,31.0,30.0,31.0,8
2020-03-13,RhodeIsland,Providence County,Colleges & Universities,32.0,"",32.0,9
2020-03-13,RhodeIsland,Providence County,Gas Stations,92.0,101.0,92.0,10
2020-03-13,RhodeIsland,Providence County,Fast Food Restaurants,108.0,"",109.0,11
2020-03-13,RhodeIsland,Providence County,Professional & Other Places,10.0,11.0,10.0,12
2020-03-13,RhodeIsland,Providence County,Convenience Store,97.0,95.0,97.0,13
2020-03-13,RhodeIsland,Providence County,Arts & Entertainment,53.0,52.0,53.0,14
2020-03-13,RhodeIsland,Providence County,Office,78.0,"",78.0,15
2020-03-13,RhodeIsland,Providence County,Banks,101.0,"",101.0,16
2020-03-13,RhodeIsland,Providence County,Alcohol,121.0,124.0,121.0,17
2020-03-13,RhodeIsland,Providence County,Fitness Center,57.0,"",57.0,18
2020-03-13,RhodeIsland,Providence County,Big Box Stores,121.0,"",122.0,19
2020-03-13,RhodeIsland,Providence County,Government,52.0,"",52.0,20
2020-03-13,RhodeIsland,Providence County,Hardware Stores,131.0,"",131.0,21
2020-03-13,RhodeIsland,Providence County,Discount Stores,126.0,"",126.0,22
2020-03-13,RhodeIsland,Providence County,Residences,85.0,"",85.0,23
2020-03-13,RhodeIsland,Providence County,Sports,22.0,"",22.0,24
2020-03-13,RhodeIsland,Washington County,Food,87.0,79.0,88.0,1
2020-03-13,RhodeIsland,Washington County,Shops & Services,117.0,108.0,118.0,2
2020-03-13,RhodeIsland,Washington County,Grocery,155.0,129.0,157.0,3
2020-03-13,RhodeIsland,Washington County,Outdoors & Recreation,88.0,104.0,87.0,4
2020-03-13,RhodeIsland,Washington County,Big Box Stores,139.0,"",142.0,5
2020-03-13,RhodeIsland,Washington County,School,62.0,"",63.0,6
2020-03-13,RhodeIsland,Newport County,Food,47.0,39.0,47.0,1
2020-03-13,RhodeIsland,Newport County,Shops & Services,28.0,29.0,27.0,2
2020-03-13,RhodeIsland,Newport County,Grocery,157.0,"",162.0,3
2020-03-13,RhodeIsland,Newport County,Nightlife Spots,54.0,"",54.0,4
2020-03-13,RhodeIsland,Newport County,Hotel,66.0,"",66.0,5
2020-03-13,RhodeIsland,Newport County,Outdoors & Recreation,28.0,"",28.0,6
2020-03-13,RhodeIsland,Kent County,Food,45.0,36.0,45.0,1
2020-03-13,RhodeIsland,Kent County,Shops & Services,74.0,66.0,74.0,2
2020-03-13,RhodeIsland,Kent County,Grocery,162.0,131.0,163.0,3
2020-03-13,RhodeIsland,Kent County,Big Box Stores,151.0,148.0,151.0,4
2020-03-13,RhodeIsland,Kent County,Nightlife Spots,40.0,"",41.0,5
2020-03-13,RhodeIsland,Kent County,Outdoors & Recreation,33.0,"",34.0,6
2020-03-13,RhodeIsland,Kent County,Convenience Store,104.0,"",104.0,7
2020-03-13,RhodeIsland,Kent County,Medical,47.0,"",47.0,8
2020-03-13,RhodeIsland,Kent County,Airport,55.0,"",55.0,9
2020-03-13,RhodeIsland,Kent County,Drug Store,109.0,"",111.0,10
2020-03-13,RhodeIsland,Kent County,Gas Stations,95.0,"",95.0,11
2020-03-13,RhodeIsland,Kent County,Professional & Other Places,16.0,"",16.0,11
2020-03-13,RhodeIsland,Kent County,School,47.0,"",47.0,12
2020-03-13,RhodeIsland,Kent County,Fast Food Restaurants,97.0,"",97.0,13
2020-03-13,RhodeIsland,Kent County,Alcohol,161.0,"",161.0,14
2020-03-13,RhodeIsland,Kent County,Fitness Center,66.0,"",66.0,15
2020-03-13,RhodeIsland,Kent County,Hardware Stores,116.0,"",117.0,16
2020-03-13,RhodeIsland,Bristol County,Food,89.0,"",89.0,1
2020-03-14,RhodeIsland,Newport County,Food,46.0,32.0,46.0,1
2020-03-14,RhodeIsland,Newport County,Shops & Services,27.0,21.0,27.0,2
2020-03-14,RhodeIsland,Newport County,Nightlife Spots,78.0,"",78.0,3
2020-03-14,RhodeIsland,Newport County,Outdoors & Recreation,40.0,"",40.0,4
2020-03-14,RhodeIsland,Newport County,Hotel,62.0,"",63.0,5
2020-03-14,RhodeIsland,Newport County,Grocery,130.0,"",130.0,6
2020-03-14,RhodeIsland,Newport County,Beach,136.0,"",136.0,7
2020-03-14,RhodeIsland,Kent County,Food,37.0,43.0,37.0,1
2020-03-14,RhodeIsland,Kent County,Shops & Services,62.0,66.0,62.0,2
2020-03-14,RhodeIsland,Kent County,Grocery,133.0,112.0,134.0,3
2020-03-14,RhodeIsland,Kent County,Big Box Stores,113.0,"",113.0,4
2020-03-14,RhodeIsland,Kent County,Nightlife Spots,44.0,"",44.0,5
2020-03-14,RhodeIsland,Kent County,Outdoors & Recreation,37.0,"",37.0,6
2020-03-14,RhodeIsland,Kent County,Convenience Store,90.0,"",90.0,7
2020-03-14,RhodeIsland,Kent County,Hardware Stores,130.0,"",133.0,8
2020-03-14,RhodeIsland,Kent County,Gas Stations,93.0,"",94.0,9
2020-03-14,RhodeIsland,Kent County,Airport,43.0,"",44.0,10
2020-03-14,RhodeIsland,Kent County,Drug Store,103.0,"",102.0,11
2020-03-14,RhodeIsland,Kent County,Professional & Other Places,21.0,"",21.0,12
2020-03-14,RhodeIsland,Kent County,Medical,60.0,"",61.0,13
2020-03-14,RhodeIsland,Kent County,Fast Food Restaurants,78.0,"",78.0,14
2020-03-14,RhodeIsland,Washington County,Food,87.0,84.0,87.0,1
2020-03-14,RhodeIsland,Washington County,Shops & Services,99.0,99.0,99.0,2
2020-03-14,RhodeIsland,Washington County,Grocery,111.0,99.0,112.0,3
2020-03-14,RhodeIsland,Washington County,Outdoors & Recreation,106.0,92.0,107.0,4
2020-03-14,RhodeIsland,Washington County,Beach,153.0,"",152.0,5
2020-03-14,RhodeIsland,Washington County,Nightlife Spots,62.0,"",63.0,6
2020-03-14,RhodeIsland,Providence County,Food,37.0,35.0,37.0,1
2020-03-14,RhodeIsland,Providence County,Shops & Services,22.0,17.0,22.0,2
2020-03-14,RhodeIsland,Providence County,Grocery,132.0,105.0,133.0,3
2020-03-14,RhodeIsland,Providence County,Nightlife Spots,33.0,31.0,33.0,4
2020-03-14,RhodeIsland,Providence County,Outdoors & Recreation,35.0,37.0,35.0,5
2020-03-14,RhodeIsland,Providence County,Drug Store,114.0,102.0,114.0,6
2020-03-14,RhodeIsland,Providence County,Gas Stations,96.0,101.0,96.0,7
2020-03-14,RhodeIsland,Providence County,Medical,43.0,41.0,43.0,8
2020-03-14,RhodeIsland,Providence County,Big Box Stores,113.0,"",114.0,9
2020-03-14,RhodeIsland,Providence County,Fast Food Restaurants,81.0,"",81.0,10
2020-03-14,RhodeIsland,Providence County,Colleges & Universities,30.0,"",30.0,11
2020-03-14,RhodeIsland,Providence County,Convenience Store,88.0,"",89.0,12
2020-03-14,RhodeIsland,Providence County,Arts & Entertainment,28.0,"",28.0,13
2020-03-14,RhodeIsland,Providence County,Professional & Other Places,12.0,"",12.0,14
2020-03-14,RhodeIsland,Providence County,Alcohol,100.0,"",101.0,15
2020-03-14,RhodeIsland,Providence County,School,42.0,"",42.0,16
2020-03-14,RhodeIsland,Providence County,Fitness Center,44.0,"",45.0,17
2020-03-14,RhodeIsland,Providence County,Hardware Stores,116.0,"",117.0,18
2020-03-14,RhodeIsland,Providence County,Banks,79.0,"",79.0,19
2020-03-14,RhodeIsland,Providence County,Residences,96.0,"",97.0,20
2020-03-14,RhodeIsland,Providence County,Discount Stores,101.0,"",101.0,21
2020-03-14,RhodeIsland,Providence County,Sports,25.0,"",25.0,22
2020-03-14,RhodeIsland,Providence County,Office,80.0,"",79.0,23
2020-03-14,RhodeIsland,Providence County,Government,49.0,"",49.0,24
2020-03-14,RhodeIsland,Bristol County,Food,92.0,"",92.0,1
2020-03-15,RhodeIsland,Kent County,Food,37.0,39.0,37.0,1
2020-03-15,RhodeIsland,Kent County,Shops & Services,52.0,46.0,52.0,2
2020-03-15,RhodeIsland,Kent County,Grocery,96.0,107.0,96.0,3
2020-03-15,RhodeIsland,Kent County,Nightlife Spots,37.0,"",37.0,4
2020-03-15,RhodeIsland,Kent County,Big Box Stores,87.0,"",87.0,5
2020-03-15,RhodeIsland,Kent County,Outdoors & Recreation,38.0,"",38.0,6
2020-03-15,RhodeIsland,Kent County,Airport,61.0,"",63.0,7
2020-03-15,RhodeIsland,Kent County,Convenience Store,103.0,"",104.0,8
2020-03-15,RhodeIsland,Kent County,Gas Stations,90.0,"",90.0,9
2020-03-15,RhodeIsland,Kent County,Drug Store,110.0,"",110.0,10
2020-03-15,RhodeIsland,Kent County,Fast Food Restaurants,97.0,"",98.0,11
2020-03-15,RhodeIsland,Washington County,Food,79.0,73.0,79.0,1
2020-03-15,RhodeIsland,Washington County,Shops & Services,86.0,77.0,87.0,2
2020-03-15,RhodeIsland,Washington County,Beach,144.0,"",144.0,3
2020-03-15,RhodeIsland,Washington County,Grocery,98.0,"",99.0,4
2020-03-15,RhodeIsland,Washington County,Outdoors & Recreation,85.0,"",86.0,5
2020-03-15,RhodeIsland,Providence County,Food,31.0,24.0,31.0,1
2020-03-15,RhodeIsland,Providence County,Shops & Services,42.0,35.0,42.0,2
2020-03-15,RhodeIsland,Providence County,Grocery,98.0,104.0,98.0,3
2020-03-15,RhodeIsland,Providence County,Nightlife Spots,25.0,26.0,25.0,4
2020-03-15,RhodeIsland,Providence County,Outdoors & Recreation,33.0,23.0,33.0,5
2020-03-15,RhodeIsland,Providence County,Drug Store,101.0,98.0,101.0,6
2020-03-15,RhodeIsland,Providence County,Gas Stations,98.0,"",98.0,7
2020-03-15,RhodeIsland,Providence County,Fast Food Restaurants,91.0,"",90.0,8
2020-03-15,RhodeIsland,Providence County,Convenience Store,91.0,"",91.0,9
2020-03-15,RhodeIsland,Providence County,Medical,35.0,"",35.0,10
2020-03-15,RhodeIsland,Providence County,Colleges & Universities,27.0,"",27.0,11
2020-03-15,RhodeIsland,Providence County,School,47.0,"",47.0,12
2020-03-15,RhodeIsland,Providence County,Big Box Stores,73.0,"",73.0,13
2020-03-15,RhodeIsland,Providence County,Alcohol,101.0,"",101.0,14
2020-03-15,RhodeIsland,Providence County,Residences,113.0,"",114.0,15
2020-03-15,RhodeIsland,Providence County,Arts & Entertainment,20.0,"",20.0,16
2020-03-15,RhodeIsland,Providence County,Hardware Stores,121.0,"",121.0,17
2020-03-15,RhodeIsland,Providence County,Professional & Other Places,8.0,"",8.0,18
2020-03-15,RhodeIsland,Providence County,Fitness Center,44.0,"",44.0,19
2020-03-15,RhodeIsland,Providence County,Discount Stores,92.0,"",93.0,20
2020-03-15,RhodeIsland,Providence County,Sports,27.0,"",27.0,21
2020-03-15,RhodeIsland,Providence County,Banks,76.0,"",77.0,22
2020-03-15,RhodeIsland,Newport County,Food,39.0,27.0,39.0,1
2020-03-15,RhodeIsland,Newport County,Outdoors & Recreation,35.0,39.0,34.0,2
2020-03-15,RhodeIsland,Newport County,Grocery,136.0,"",135.0,3
2020-03-15,RhodeIsland,Newport County,Shops & Services,18.0,"",19.0,4
2020-03-15,RhodeIsland,Newport County,Hotel,60.0,"",62.0,5
2020-03-15,RhodeIsland,Newport County,Nightlife Spots,51.0,"",52.0,6
2020-03-15,RhodeIsland,Bristol County,Food,87.0,"",86.0,1
2020-03-16,RhodeIsland,Bristol County,Food,91.0,"",92.0,1
2020-03-16,RhodeIsland,Newport County,Food,41.0,35.0,41.0,1
2020-03-16,RhodeIsland,Newport County,Shops & Services,25.0,25.0,24.0,2
2020-03-16,RhodeIsland,Newport County,Outdoors & Recreation,26.0,"",26.0,3
2020-03-16,RhodeIsland,Newport County,Grocery,138.0,"",139.0,4
2020-03-16,RhodeIsland,Kent County,Shops & Services,68.0,58.0,68.0,1
2020-03-16,RhodeIsland,Kent County,Food,76.0,59.0,76.0,2
2020-03-16,RhodeIsland,Kent County,Grocery,155.0,139.0,156.0,3
2020-03-16,RhodeIsland,Kent County,Big Box Stores,110.0,"",111.0,4
2020-03-16,RhodeIsland,Kent County,Medical,45.0,43.0,45.0,5
2020-03-16,RhodeIsland,Kent County,Airport,57.0,"",58.0,6
2020-03-16,RhodeIsland,Kent County,Nightlife Spots,33.0,"",33.0,7
2020-03-16,RhodeIsland,Kent County,Outdoors & Recreation,30.0,"",29.0,8
2020-03-16,RhodeIsland,Kent County,Convenience Store,94.0,"",94.0,9
2020-03-16,RhodeIsland,Kent County,Drug Store,138.0,"",141.0,10
2020-03-16,RhodeIsland,Kent County,Professional & Other Places,16.0,"",15.0,11
2020-03-16,RhodeIsland,Kent County,Gas Stations,101.0,"",101.0,12
2020-03-16,RhodeIsland,Providence County,Food,35.0,33.0,35.0,1
2020-03-16,RhodeIsland,Providence County,Shops & Services,20.0,18.0,20.0,2
2020-03-16,RhodeIsland,Providence County,Grocery,127.0,111.0,127.0,3
2020-03-16,RhodeIsland,Providence County,Medical,42.0,31.0,43.0,4
2020-03-16,RhodeIsland,Providence County,Outdoors & Recreation,32.0,30.0,32.0,5
2020-03-16,RhodeIsland,Providence County,Nightlife Spots,31.0,24.0,31.0,6
2020-03-16,RhodeIsland,Providence County,Drug Store,118.0,92.0,119.0,7
2020-03-16,RhodeIsland,Providence County,Gas Stations,90.0,"",91.0,8
2020-03-16,RhodeIsland,Providence County,Professional & Other Places,9.0,9.0,9.0,9
2020-03-16,RhodeIsland,Providence County,Convenience Store,90.0,"",90.0,10
2020-03-16,RhodeIsland,Providence County,Colleges & Universities,18.0,"",18.0,11
2020-03-16,RhodeIsland,Providence County,Fast Food Restaurants,87.0,"",87.0,12
2020-03-16,RhodeIsland,Providence County,Office,63.0,"",63.0,13
2020-03-16,RhodeIsland,Providence County,Banks,107.0,"",107.0,14
2020-03-16,RhodeIsland,Providence County,School,25.0,"",25.0,15
2020-03-16,RhodeIsland,Providence County,Big Box Stores,112.0,"",112.0,16
2020-03-16,RhodeIsland,Providence County,Alcohol,104.0,"",103.0,17
2020-03-16,RhodeIsland,Providence County,Fitness Center,38.0,"",38.0,18
2020-03-16,RhodeIsland,Providence County,Government,52.0,"",52.0,19
2020-03-16,RhodeIsland,Providence County,Arts & Entertainment,34.0,"",34.0,20
2020-03-16,RhodeIsland,Providence County,Hardware Stores,117.0,"",118.0,21
2020-03-16,RhodeIsland,Providence County,Residences,87.0,"",88.0,22
2020-03-16,RhodeIsland,Providence County,Discount Stores,100.0,"",100.0,23
2020-03-16,RhodeIsland,Providence County,Sports,20.0,"",20.0,24
2020-03-16,RhodeIsland,Washington County,Food,84.0,72.0,85.0,1
2020-03-16,RhodeIsland,Washington County,Shops & Services,93.0,78.0,94.0,2
2020-03-16,RhodeIsland,Washington County,Grocery,141.0,156.0,140.0,3
2020-03-16,RhodeIsland,Washington County,Outdoors & Recreation,92.0,"",92.0,4
2020-03-16,RhodeIsland,Washington County,Beach,103.0,"",105.0,5
2020-03-17,RhodeIsland,Washington County,Food,54.0,49.0,54.0,1
2020-03-17,RhodeIsland,Washington County,Shops & Services,68.0,56.0,68.0,2
2020-03-17,RhodeIsland,Washington County,Grocery,113.0,96.0,115.0,3
2020-03-17,RhodeIsland,Washington County,Outdoors & Recreation,76.0,"",78.0,4
2020-03-17,RhodeIsland,Kent County,Shops & Services,19.0,16.0,19.0,1
2020-03-17,RhodeIsland,Kent County,Food,56.0,51.0,56.0,2
2020-03-17,RhodeIsland,Kent County,Grocery,96.0,84.0,97.0,3
2020-03-17,RhodeIsland,Kent County,Medical,42.0,38.0,43.0,4
2020-03-17,RhodeIsland,Kent County,Big Box Stores,108.0,"",109.0,5
2020-03-17,RhodeIsland,Kent County,Nightlife Spots,31.0,"",31.0,6
2020-03-17,RhodeIsland,Kent County,Outdoors & Recreation,26.0,"",26.0,7
2020-03-17,RhodeIsland,Kent County,Convenience Store,71.0,"",72.0,8
2020-03-17,RhodeIsland,Kent County,Airport,39.0,"",37.0,9
2020-03-17,RhodeIsland,Kent County,Professional & Other Places,12.0,"",12.0,10
2020-03-17,RhodeIsland,Kent County,Drug Store,88.0,"",88.0,11
2020-03-17,RhodeIsland,Newport County,Food,27.0,27.0,27.0,1
2020-03-17,RhodeIsland,Newport County,Shops & Services,15.0,"",15.0,2
2020-03-17,RhodeIsland,Newport County,Grocery,112.0,"",114.0,3
2020-03-17,RhodeIsland,Providence County,Food,27.0,24.0,28.0,1
2020-03-17,RhodeIsland,Providence County,Shops & Services,15.0,14.0,15.0,2
2020-03-17,RhodeIsland,Providence County,Grocery,115.0,91.0,116.0,3
2020-03-17,RhodeIsland,Providence County,Medical,34.0,27.0,34.0,4
2020-03-17,RhodeIsland,Providence County,Drug Store,94.0,"",96.0,5
2020-03-17,RhodeIsland,Providence County,Outdoors & Recreation,22.0,20.0,22.0,6
2020-03-17,RhodeIsland,Providence County,Nightlife Spots,24.0,22.0,24.0,7
2020-03-17,RhodeIsland,Providence County,Gas Stations,86.0,76.0,86.0,8
2020-03-17,RhodeIsland,Providence County,Colleges & Universities,30.0,"",30.0,9
2020-03-17,RhodeIsland,Providence County,Convenience Store,79.0,"",80.0,10
2020-03-17,RhodeIsland,Providence County,Office,51.0,"",51.0,11
2020-03-17,RhodeIsland,Providence County,Professional & Other Places,6.0,"",6.0,12
2020-03-17,RhodeIsland,Providence County,School,23.0,"",23.0,13
2020-03-17,RhodeIsland,Providence County,Fast Food Restaurants,70.0,"",70.0,14
2020-03-17,RhodeIsland,Providence County,Arts & Entertainment,37.0,"",37.0,15
2020-03-17,RhodeIsland,Providence County,Alcohol,86.0,"",87.0,16
2020-03-17,RhodeIsland,Providence County,Big Box Stores,87.0,"",88.0,17
2020-03-17,RhodeIsland,Providence County,Banks,63.0,"",63.0,18
2020-03-17,RhodeIsland,Providence County,Government,36.0,"",36.0,19
2020-03-17,RhodeIsland,Providence County,Hardware Stores,99.0,"",100.0,20
2020-03-17,RhodeIsland,Providence County,Residences,75.0,"",76.0,21
2020-03-17,RhodeIsland,Providence County,Fitness Center,23.0,"",23.0,22
2020-03-17,RhodeIsland,Providence County,Discount Stores,95.0,"",95.0,23
2020-03-18,RhodeIsland,Newport County,Food,28.0,28.0,28.0,1
2020-03-18,RhodeIsland,Newport County,Shops & Services,17.0,17.0,17.0,2
2020-03-18,RhodeIsland,Newport County,Outdoors & Recreation,33.0,"",33.0,3
2020-03-18,RhodeIsland,Kent County,Food,59.0,53.0,60.0,1
2020-03-18,RhodeIsland,Kent County,Shops & Services,49.0,45.0,49.0,2
2020-03-18,RhodeIsland,Kent County,Grocery,98.0,"",99.0,3
2020-03-18,RhodeIsland,Kent County,Outdoors & Recreation,35.0,44.0,34.0,4
2020-03-18,RhodeIsland,Kent County,Medical,37.0,"",37.0,5
2020-03-18,RhodeIsland,Kent County,Nightlife Spots,29.0,"",29.0,6
2020-03-18,RhodeIsland,Kent County,Convenience Store,83.0,"",83.0,6
2020-03-18,RhodeIsland,Kent County,Big Box Stores,75.0,"",75.0,7
2020-03-18,RhodeIsland,Kent County,Airport,47.0,"",47.0,8
2020-03-18,RhodeIsland,Kent County,Professional & Other Places,13.0,"",13.0,9
2020-03-18,RhodeIsland,Kent County,Gas Stations,91.0,"",90.0,10
2020-03-18,RhodeIsland,Kent County,Drug Store,96.0,"",96.0,11
2020-03-18,RhodeIsland,Washington County,Food,61.0,70.0,60.0,1
2020-03-18,RhodeIsland,Washington County,Shops & Services,88.0,63.0,90.0,2
2020-03-18,RhodeIsland,Washington County,Outdoors & Recreation,115.0,106.0,116.0,3
2020-03-18,RhodeIsland,Washington County,Beach,157.0,"",161.0,4
2020-03-18,RhodeIsland,Washington County,Grocery,96.0,"",98.0,5
2020-03-18,RhodeIsland,Washington County,Professional & Other Places,18.0,"",18.0,6
2020-03-18,RhodeIsland,Providence County,Food,28.0,25.0,28.0,1
2020-03-18,RhodeIsland,Providence County,Shops & Services,16.0,17.0,16.0,2
2020-03-18,RhodeIsland,Providence County,Grocery,104.0,87.0,104.0,3
2020-03-18,RhodeIsland,Providence County,Medical,31.0,22.0,31.0,4
2020-03-18,RhodeIsland,Providence County,Outdoors & Recreation,33.0,30.0,33.0,5
2020-03-18,RhodeIsland,Providence County,Drug Store,94.0,86.0,94.0,6
2020-03-18,RhodeIsland,Providence County,Nightlife Spots,22.0,24.0,22.0,7
2020-03-18,RhodeIsland,Providence County,Gas Stations,84.0,84.0,84.0,8
2020-03-18,RhodeIsland,Providence County,Professional & Other Places,8.0,9.0,8.0,9
2020-03-18,RhodeIsland,Providence County,Colleges & Universities,16.0,"",16.0,10
2020-03-18,RhodeIsland,Providence County,Convenience Store,77.0,"",77.0,11
2020-03-18,RhodeIsland,Providence County,Fast Food Restaurants,79.0,"",78.0,12
2020-03-18,RhodeIsland,Providence County,School,22.0,"",22.0,13
2020-03-18,RhodeIsland,Providence County,Office,48.0,"",49.0,14
2020-03-18,RhodeIsland,Providence County,Arts & Entertainment,40.0,"",40.0,15
2020-03-18,RhodeIsland,Providence County,Alcohol,95.0,"",94.0,16
2020-03-18,RhodeIsland,Providence County,Big Box Stores,91.0,"",91.0,17
2020-03-18,RhodeIsland,Providence County,Hardware Stores,118.0,"",118.0,18
2020-03-18,RhodeIsland,Providence County,Banks,72.0,"",72.0,19
2020-03-18,RhodeIsland,Providence County,Residences,85.0,"",85.0,20
2020-03-18,RhodeIsland,Providence County,Sports,23.0,"",23.0,21
2020-03-18,RhodeIsland,Providence County,Fitness Center,24.0,"",24.0,22
2020-03-18,RhodeIsland,Providence County,Government,30.0,"",30.0,23
2020-03-18,RhodeIsland,Providence County,Discount Stores,90.0,"",91.0,24
2020-03-19,RhodeIsland,Kent County,Shops & Services,43.0,35.0,44.0,1
2020-03-19,RhodeIsland,Kent County,Food,44.0,37.0,45.0,2
2020-03-19,RhodeIsland,Kent County,Grocery,90.0,84.0,91.0,3
2020-03-19,RhodeIsland,Kent County,Medical,31.0,"",32.0,4
2020-03-19,RhodeIsland,Kent County,Big Box Stores,66.0,"",67.0,5
2020-03-19,RhodeIsland,Kent County,Outdoors & Recreation,22.0,"",22.0,6
2020-03-19,RhodeIsland,Kent County,Drug Store,93.0,"",95.0,7
2020-03-19,RhodeIsland,Kent County,Airport,31.0,"",32.0,8
2020-03-19,RhodeIsland,Kent County,Nightlife Spots,21.0,"",21.0,8
2020-03-19,RhodeIsland,Newport County,Food,27.0,"",27.0,1
2020-03-19,RhodeIsland,Newport County,Shops & Services,16.0,"",16.0,2
2020-03-19,RhodeIsland,Newport County,Grocery,112.0,"",113.0,3
2020-03-19,RhodeIsland,Washington County,Food,52.0,65.0,51.0,1
2020-03-19,RhodeIsland,Washington County,Shops & Services,69.0,64.0,69.0,2
2020-03-19,RhodeIsland,Washington County,Grocery,122.0,117.0,122.0,3
2020-03-19,RhodeIsland,Washington County,Outdoors & Recreation,86.0,"",86.0,4
2020-03-19,RhodeIsland,Providence County,Food,25.0,22.0,25.0,1
2020-03-19,RhodeIsland,Providence County,Shops & Services,14.0,12.0,14.0,2
2020-03-19,RhodeIsland,Providence County,Grocery,101.0,87.0,102.0,3
2020-03-19,RhodeIsland,Providence County,Medical,31.0,23.0,31.0,4
2020-03-19,RhodeIsland,Providence County,Drug Store,87.0,80.0,87.0,5
2020-03-19,RhodeIsland,Providence County,Outdoors & Recreation,23.0,23.0,23.0,6
2020-03-19,RhodeIsland,Providence County,Gas Stations,71.0,89.0,71.0,7
2020-03-19,RhodeIsland,Providence County,Nightlife Spots,17.0,"",17.0,8
2020-03-19,RhodeIsland,Providence County,School,21.0,"",21.0,9
2020-03-19,RhodeIsland,Providence County,Fast Food Restaurants,64.0,"",65.0,10
2020-03-19,RhodeIsland,Providence County,Colleges & Universities,14.0,"",14.0,11
2020-03-19,RhodeIsland,Providence County,Office,45.0,"",45.0,12
2020-03-19,RhodeIsland,Providence County,Professional & Other Places,6.0,"",6.0,13
2020-03-19,RhodeIsland,Providence County,Convenience Store,57.0,"",57.0,14
2020-03-19,RhodeIsland,Providence County,Big Box Stores,83.0,"",83.0,15
2020-03-19,RhodeIsland,Providence County,Arts & Entertainment,31.0,"",31.0,16
2020-03-19,RhodeIsland,Providence County,Alcohol,78.0,"",78.0,17
2020-03-19,RhodeIsland,Providence County,Banks,66.0,"",66.0,18
2020-03-19,RhodeIsland,Providence County,Hardware Stores,89.0,"",89.0,19
2020-03-19,RhodeIsland,Providence County,Government,31.0,"",31.0,20
2020-03-19,RhodeIsland,Providence County,Fitness Center,24.0,"",25.0,21
2020-03-19,RhodeIsland,Providence County,Discount Stores,91.0,"",91.0,22
2020-03-20,RhodeIsland,Providence County,Food,26.0,23.0,26.0,1
2020-03-20,RhodeIsland,Providence County,Shops & Services,15.0,15.0,15.0,2
2020-03-20,RhodeIsland,Providence County,Grocery,117.0,104.0,117.0,3
2020-03-20,RhodeIsland,Providence County,Medical,33.0,25.0,33.0,4
2020-03-20,RhodeIsland,Providence County,Outdoors & Recreation,31.0,30.0,31.0,5
2020-03-20,RhodeIsland,Providence County,Drug Store,91.0,73.0,92.0,6
2020-03-20,RhodeIsland,Providence County,Gas Stations,76.0,75.0,76.0,7
2020-03-20,RhodeIsland,Providence County,Nightlife Spots,18.0,"",18.0,8
2020-03-20,RhodeIsland,Providence County,Convenience Store,73.0,"",73.0,9
2020-03-20,RhodeIsland,Providence County,Fast Food Restaurants,73.0,"",73.0,10
2020-03-20,RhodeIsland,Providence County,Professional & Other Places,7.0,"",7.0,11
2020-03-20,RhodeIsland,Providence County,Alcohol,100.0,"",100.0,12
2020-03-20,RhodeIsland,Providence County,Banks,80.0,"",80.0,13
2020-03-20,RhodeIsland,Providence County,School,24.0,"",24.0,14
2020-03-20,RhodeIsland,Providence County,Big Box Stores,100.0,"",100.0,15
2020-03-20,RhodeIsland,Providence County,Colleges & Universities,16.0,"",16.0,16
2020-03-20,RhodeIsland,Providence County,Office,47.0,"",47.0,17
2020-03-20,RhodeIsland,Providence County,Arts & Entertainment,33.0,"",33.0,18
2020-03-20,RhodeIsland,Providence County,Hardware Stores,124.0,"",124.0,19
2020-03-20,RhodeIsland,Providence County,Sports,25.0,"",25.0,20
2020-03-20,RhodeIsland,Providence County,Fitness Center,27.0,"",27.0,21
2020-03-20,RhodeIsland,Providence County,Government,33.0,"",33.0,22
2020-03-20,RhodeIsland,Providence County,Residences,60.0,"",60.0,23
2020-03-20,RhodeIsland,Providence County,Discount Stores,73.0,"",73.0,24
2020-03-20,RhodeIsland,Kent County,Shops & Services,18.0,16.0,18.0,1
2020-03-20,RhodeIsland,Kent County,Food,25.0,22.0,25.0,2
2020-03-20,RhodeIsland,Kent County,Grocery,126.0,121.0,126.0,3
2020-03-20,RhodeIsland,Kent County,Big Box Stores,96.0,"",96.0,4
2020-03-20,RhodeIsland,Kent County,Outdoors & Recreation,32.0,50.0,31.0,5
2020-03-20,RhodeIsland,Kent County,Nightlife Spots,25.0,"",25.0,6
2020-03-20,RhodeIsland,Kent County,Medical,38.0,"",38.0,7
2020-03-20,RhodeIsland,Kent County,Convenience Store,74.0,"",75.0,8
2020-03-20,RhodeIsland,Kent County,Drug Store,93.0,"",94.0,9
2020-03-20,RhodeIsland,Kent County,Gas Stations,78.0,"",78.0,10
2020-03-20,RhodeIsland,Kent County,Professional & Other Places,12.0,"",11.0,11
2020-03-20,RhodeIsland,Newport County,Food,28.0,31.0,28.0,1
2020-03-20,RhodeIsland,Newport County,Shops & Services,18.0,18.0,18.0,2
2020-03-20,RhodeIsland,Newport County,Grocery,139.0,"",145.0,3
2020-03-20,RhodeIsland,Newport County,Outdoors & Recreation,28.0,35.0,28.0,4
2020-03-20,RhodeIsland,Washington County,Food,60.0,58.0,61.0,1
2020-03-20,RhodeIsland,Washington County,Shops & Services,79.0,61.0,80.0,2
2020-03-20,RhodeIsland,Washington County,Outdoors & Recreation,89.0,103.0,88.0,3
2020-03-20,RhodeIsland,Washington County,Grocery,96.0,"",98.0,4
2020-03-20,RhodeIsland,Washington County,Beach,148.0,"",151.0,5
2020-03-20,RhodeIsland,Bristol County,Food,59.0,"",59.0,1
2020-03-21,RhodeIsland,Washington County,Food,52.0,48.0,52.0,1
2020-03-21,RhodeIsland,Washington County,Shops & Services,73.0,71.0,74.0,2
2020-03-21,RhodeIsland,Washington County,Beach,203.0,240.0,202.0,3
2020-03-21,RhodeIsland,Washington County,Outdoors & Recreation,117.0,120.0,117.0,4
2020-03-21,RhodeIsland,Washington County,Grocery,118.0,"",121.0,5
2020-03-21,RhodeIsland,Bristol County,Food,55.0,"",56.0,1
2020-03-21,RhodeIsland,Newport County,Food,19.0,20.0,19.0,1
2020-03-21,RhodeIsland,Newport County,Outdoors & Recreation,93.0,"",93.0,2
2020-03-21,RhodeIsland,Newport County,Shops & Services,16.0,"",15.0,3
2020-03-21,RhodeIsland,Newport County,Beach,142.0,"",144.0,4
2020-03-21,RhodeIsland,Providence County,Food,20.0,20.0,20.0,1
2020-03-21,RhodeIsland,Providence County,Shops & Services,15.0,15.0,15.0,2
2020-03-21,RhodeIsland,Providence County,Grocery,96.0,77.0,96.0,3
2020-03-21,RhodeIsland,Providence County,Outdoors & Recreation,29.0,29.0,29.0,4
2020-03-21,RhodeIsland,Providence County,Drug Store,83.0,87.0,83.0,5
2020-03-21,RhodeIsland,Providence County,Gas Stations,80.0,"",80.0,6
2020-03-21,RhodeIsland,Providence County,Nightlife Spots,13.0,"",13.0,7
2020-03-21,RhodeIsland,Providence County,Medical,34.0,"",34.0,8
2020-03-21,RhodeIsland,Providence County,Big Box Stores,83.0,"",83.0,9
2020-03-21,RhodeIsland,Providence County,Fast Food Restaurants,61.0,"",61.0,10
2020-03-21,RhodeIsland,Providence County,Alcohol,95.0,"",95.0,11
2020-03-21,RhodeIsland,Providence County,Hardware Stores,122.0,"",123.0,12
2020-03-21,RhodeIsland,Providence County,School,35.0,"",35.0,13
2020-03-21,RhodeIsland,Providence County,Convenience Store,59.0,"",59.0,14
2020-03-21,RhodeIsland,Providence County,Professional & Other Places,8.0,"",8.0,15
2020-03-21,RhodeIsland,Providence County,Banks,69.0,"",69.0,16
2020-03-21,RhodeIsland,Providence County,Arts & Entertainment,15.0,"",15.0,17
2020-03-21,RhodeIsland,Providence County,Sports,23.0,"",23.0,18
2020-03-21,RhodeIsland,Providence County,Colleges & Universities,24.0,"",24.0,19
2020-03-21,RhodeIsland,Providence County,Discount Stores,71.0,"",70.0,20
2020-03-21,RhodeIsland,Providence County,Fitness Center,23.0,"",23.0,21
2020-03-21,RhodeIsland,Providence County,Residences,55.0,"",55.0,22
2020-03-21,RhodeIsland,Kent County,Shops & Services,14.0,13.0,14.0,1
2020-03-21,RhodeIsland,Kent County,Food,21.0,19.0,21.0,2
2020-03-21,RhodeIsland,Kent County,Grocery,88.0,"",89.0,3
2020-03-21,RhodeIsland,Kent County,Big Box Stores,69.0,"",70.0,4
2020-03-21,RhodeIsland,Kent County,Outdoors & Recreation,30.0,"",29.0,5
2020-03-21,RhodeIsland,Kent County,Nightlife Spots,21.0,"",21.0,6
2020-03-21,RhodeIsland,Kent County,Drug Store,114.0,"",115.0,7
2020-03-21,RhodeIsland,Kent County,Hardware Stores,121.0,"",124.0,8
2020-03-21,RhodeIsland,Kent County,Convenience Store,77.0,"",77.0,9
2020-03-21,RhodeIsland,Kent County,Fast Food Restaurants,81.0,"",81.0,10
2020-03-21,RhodeIsland,Kent County,Gas Stations,73.0,"",73.0,11
2020-03-22,RhodeIsland,Providence County,Food,18.0,15.0,18.0,1
2020-03-22,RhodeIsland,Providence County,Grocery,75.0,71.0,75.0,2
2020-03-22,RhodeIsland,Providence County,Shops & Services,12.0,10.0,12.0,3
2020-03-22,RhodeIsland,Providence County,Outdoors & Recreation,28.0,28.0,28.0,4
2020-03-22,RhodeIsland,Providence County,Drug Store,76.0,"",76.0,5
2020-03-22,RhodeIsland,Providence County,Nightlife Spots,10.0,"",10.0,6
2020-03-22,RhodeIsland,Providence County,Gas Stations,67.0,"",67.0,7
2020-03-22,RhodeIsland,Providence County,Medical,30.0,"",30.0,8
2020-03-22,RhodeIsland,Providence County,Big Box Stores,68.0,"",68.0,9
2020-03-22,RhodeIsland,Providence County,Convenience Store,64.0,"",64.0,10
2020-03-22,RhodeIsland,Providence County,Fast Food Restaurants,55.0,"",56.0,11
2020-03-22,RhodeIsland,Providence County,School,35.0,"",36.0,12
2020-03-22,RhodeIsland,Providence County,Alcohol,76.0,"",75.0,13
2020-03-22,RhodeIsland,Providence County,Hardware Stores,96.0,"",97.0,14
2020-03-22,RhodeIsland,Providence County,Professional & Other Places,7.0,"",7.0,15
2020-03-22,RhodeIsland,Providence County,Arts & Entertainment,14.0,"",14.0,16
2020-03-22,RhodeIsland,Providence County,Discount Stores,80.0,"",81.0,17
2020-03-22,RhodeIsland,Newport County,Food,38.0,"",38.0,1
2020-03-22,RhodeIsland,Newport County,Outdoors & Recreation,81.0,"",83.0,2
2020-03-22,RhodeIsland,Washington County,Food,45.0,51.0,45.0,1
2020-03-22,RhodeIsland,Washington County,Grocery,93.0,"",96.0,2
2020-03-22,RhodeIsland,Washington County,Outdoors & Recreation,96.0,"",96.0,3
2020-03-22,RhodeIsland,Washington County,Beach,102.0,"",103.0,4
2020-03-22,RhodeIsland,Washington County,Shops & Services,56.0,"",57.0,5
2020-03-22,RhodeIsland,Kent County,Food,38.0,44.0,38.0,1
2020-03-22,RhodeIsland,Kent County,Shops & Services,30.0,31.0,30.0,2
2020-03-22,RhodeIsland,Kent County,Grocery,71.0,84.0,71.0,3
2020-03-22,RhodeIsland,Kent County,Outdoors & Recreation,32.0,"",31.0,4
2020-03-22,RhodeIsland,Kent County,Big Box Stores,61.0,"",61.0,5
2020-03-22,RhodeIsland,Kent County,Nightlife Spots,17.0,"",17.0,6
2020-03-23,RhodeIsland,Newport County,Food,21.0,24.0,21.0,1
2020-03-23,RhodeIsland,Newport County,Shops & Services,15.0,"",15.0,2
2020-03-23,RhodeIsland,Providence County,Food,22.0,21.0,22.0,1
2020-03-23,RhodeIsland,Providence County,Shops & Services,13.0,12.0,13.0,2
2020-03-23,RhodeIsland,Providence County,Grocery,82.0,86.0,82.0,3
2020-03-23,RhodeIsland,Providence County,Medical,30.0,21.0,31.0,4
2020-03-23,RhodeIsland,Providence County,Outdoors & Recreation,19.0,21.0,19.0,5
2020-03-23,RhodeIsland,Providence County,Drug Store,76.0,"",76.0,6
2020-03-23,RhodeIsland,Providence County,Gas Stations,74.0,"",74.0,7
2020-03-23,RhodeIsland,Providence County,Nightlife Spots,16.0,"",16.0,8
2020-03-23,RhodeIsland,Providence County,School,23.0,"",23.0,9
2020-03-23,RhodeIsland,Providence County,Professional & Other Places,6.0,"",6.0,10
2020-03-23,RhodeIsland,Providence County,Convenience Store,63.0,"",63.0,11
2020-03-23,RhodeIsland,Providence County,Fast Food Restaurants,59.0,"",59.0,12
2020-03-23,RhodeIsland,Providence County,Office,43.0,"",43.0,13
2020-03-23,RhodeIsland,Providence County,Big Box Stores,83.0,"",83.0,14
2020-03-23,RhodeIsland,Providence County,Alcohol,83.0,"",83.0,15
2020-03-23,RhodeIsland,Providence County,Colleges & Universities,10.0,"",9.0,16
2020-03-23,RhodeIsland,Providence County,Arts & Entertainment,28.0,"",28.0,17
2020-03-23,RhodeIsland,Providence County,Government,36.0,"",36.0,18
2020-03-23,RhodeIsland,Providence County,Banks,56.0,"",57.0,19
2020-03-23,RhodeIsland,Providence County,Hardware Stores,82.0,"",83.0,20
2020-03-23,RhodeIsland,Providence County,Fitness Center,22.0,"",22.0,21
2020-03-23,RhodeIsland,Providence County,Residences,62.0,"",62.0,22
2020-03-23,RhodeIsland,Washington County,Food,53.0,50.0,53.0,1
2020-03-23,RhodeIsland,Washington County,Shops & Services,70.0,74.0,70.0,2
2020-03-23,RhodeIsland,Washington County,Grocery,99.0,"",100.0,3
2020-03-23,RhodeIsland,Washington County,Outdoors & Recreation,74.0,"",74.0,4
2020-03-23,RhodeIsland,Kent County,Shops & Services,41.0,33.0,41.0,1
2020-03-23,RhodeIsland,Kent County,Food,22.0,17.0,22.0,2
2020-03-23,RhodeIsland,Kent County,Grocery,93.0,105.0,93.0,3
2020-03-23,RhodeIsland,Kent County,Big Box Stores,78.0,"",79.0,4
2020-03-23,RhodeIsland,Kent County,Medical,31.0,"",31.0,5
2020-03-23,RhodeIsland,Kent County,Outdoors & Recreation,20.0,"",20.0,6
2020-03-24,RhodeIsland,Newport County,Food,25.0,32.0,25.0,1
2020-03-24,RhodeIsland,Newport County,Outdoors & Recreation,38.0,"",37.0,2
2020-03-24,RhodeIsland,Newport County,Shops & Services,15.0,"",15.0,3
2020-03-24,RhodeIsland,Washington County,Food,57.0,64.0,56.0,1
2020-03-24,RhodeIsland,Washington County,Outdoors & Recreation,94.0,85.0,95.0,2
2020-03-24,RhodeIsland,Washington County,Shops & Services,60.0,73.0,59.0,3
2020-03-24,RhodeIsland,Washington County,Grocery,96.0,"",97.0,4
2020-03-24,RhodeIsland,Washington County,Beach,160.0,"",162.0,5
2020-03-24,RhodeIsland,Providence County,Food,23.0,20.0,23.0,1
2020-03-24,RhodeIsland,Providence County,Shops & Services,12.0,11.0,12.0,2
2020-03-24,RhodeIsland,Providence County,Grocery,82.0,83.0,82.0,3
2020-03-24,RhodeIsland,Providence County,Medical,26.0,18.0,26.0,4
2020-03-24,RhodeIsland,Providence County,Outdoors & Recreation,25.0,20.0,25.0,5
2020-03-24,RhodeIsland,Providence County,Drug Store,71.0,72.0,71.0,6
2020-03-24,RhodeIsland,Providence County,Gas Stations,70.0,"",70.0,7
2020-03-24,RhodeIsland,Providence County,Nightlife Spots,18.0,"",18.0,8
2020-03-24,RhodeIsland,Providence County,School,23.0,"",23.0,9
2020-03-24,RhodeIsland,Providence County,Professional & Other Places,6.0,"",6.0,10
2020-03-24,RhodeIsland,Providence County,Fast Food Restaurants,61.0,"",61.0,11
2020-03-24,RhodeIsland,Providence County,Colleges & Universities,11.0,"",11.0,12
2020-03-24,RhodeIsland,Providence County,Office,37.0,"",37.0,13
2020-03-24,RhodeIsland,Providence County,Big Box Stores,85.0,"",85.0,14
2020-03-24,RhodeIsland,Providence County,Convenience Store,50.0,"",50.0,14
2020-03-24,RhodeIsland,Providence County,Alcohol,77.0,"",77.0,15
2020-03-24,RhodeIsland,Providence County,Arts & Entertainment,31.0,"",31.0,16
2020-03-24,RhodeIsland,Providence County,Banks,60.0,"",60.0,17
2020-03-24,RhodeIsland,Providence County,Hardware Stores,102.0,"",103.0,18
2020-03-24,RhodeIsland,Providence County,Government,26.0,"",26.0,19
2020-03-24,RhodeIsland,Providence County,Residences,60.0,"",61.0,20
2020-03-24,RhodeIsland,Providence County,Fitness Center,19.0,"",19.0,20
2020-03-24,RhodeIsland,Kent County,Food,48.0,54.0,48.0,1
2020-03-24,RhodeIsland,Kent County,Shops & Services,37.0,34.0,37.0,2
2020-03-24,RhodeIsland,Kent County,Grocery,77.0,"",78.0,3
2020-03-24,RhodeIsland,Kent County,Big Box Stores,89.0,"",89.0,4
2020-03-24,RhodeIsland,Kent County,Outdoors & Recreation,26.0,"",26.0,5
2020-03-24,RhodeIsland,Kent County,Medical,23.0,"",23.0,6
2020-03-24,RhodeIsland,Kent County,Nightlife Spots,23.0,"",23.0,7
2020-03-25,RhodeIsland,Providence County,Food,21.0,18.0,21.0,1
2020-03-25,RhodeIsland,Providence County,Shops & Services,12.0,11.0,12.0,2
2020-03-25,RhodeIsland,Providence County,Grocery,85.0,87.0,85.0,3
2020-03-25,RhodeIsland,Providence County,Medical,25.0,21.0,25.0,4
2020-03-25,RhodeIsland,Providence County,Outdoors & Recreation,21.0,23.0,21.0,5
2020-03-25,RhodeIsland,Providence County,Drug Store,72.0,64.0,73.0,6
2020-03-25,RhodeIsland,Providence County,Gas Stations,71.0,"",71.0,7
2020-03-25,RhodeIsland,Providence County,Nightlife Spots,17.0,"",17.0,8
2020-03-25,RhodeIsland,Providence County,Professional & Other Places,5.0,"",5.0,9
2020-03-25,RhodeIsland,Providence County,School,18.0,"",18.0,10
2020-03-25,RhodeIsland,Providence County,Fast Food Restaurants,56.0,"",56.0,11
2020-03-25,RhodeIsland,Providence County,Office,36.0,"",36.0,12
2020-03-25,RhodeIsland,Providence County,Convenience Store,48.0,"",48.0,13
2020-03-25,RhodeIsland,Providence County,Colleges & Universities,9.0,"",9.0,14
2020-03-25,RhodeIsland,Providence County,Big Box Stores,76.0,"",77.0,14
2020-03-25,RhodeIsland,Providence County,Hardware Stores,95.0,"",96.0,15
2020-03-25,RhodeIsland,Providence County,Alcohol,66.0,"",66.0,16
2020-03-25,RhodeIsland,Providence County,Arts & Entertainment,23.0,"",23.0,17
2020-03-25,RhodeIsland,Providence County,Banks,50.0,"",51.0,18
2020-03-25,RhodeIsland,Providence County,Government,24.0,"",24.0,19
2020-03-25,RhodeIsland,Kent County,Food,47.0,40.0,48.0,1
2020-03-25,RhodeIsland,Kent County,Shops & Services,38.0,39.0,38.0,2
2020-03-25,RhodeIsland,Kent County,Grocery,86.0,"",87.0,3
2020-03-25,RhodeIsland,Kent County,Big Box Stores,77.0,"",78.0,4
2020-03-25,RhodeIsland,Kent County,Outdoors & Recreation,23.0,"",23.0,5
2020-03-25,RhodeIsland,Kent County,Medical,28.0,"",28.0,6
2020-03-25,RhodeIsland,Kent County,Nightlife Spots,22.0,"",22.0,7
2020-03-25,RhodeIsland,Newport County,Food,20.0,"",20.0,1
2020-03-25,RhodeIsland,Newport County,Outdoors & Recreation,95.0,"",97.0,2
2020-03-25,RhodeIsland,Washington County,Food,52.0,54.0,51.0,1
2020-03-25,RhodeIsland,Washington County,Shops & Services,66.0,"",68.0,2
2020-03-25,RhodeIsland,Washington County,Grocery,102.0,"",106.0,3
2020-03-25,RhodeIsland,Washington County,Outdoors & Recreation,81.0,"",81.0,4
2020-03-26,RhodeIsland,Kent County,Food,24.0,21.0,24.0,1
2020-03-26,RhodeIsland,Kent County,Shops & Services,40.0,44.0,40.0,2
2020-03-26,RhodeIsland,Kent County,Grocery,90.0,121.0,89.0,3
2020-03-26,RhodeIsland,Kent County,Outdoors & Recreation,38.0,40.0,38.0,4
2020-03-26,RhodeIsland,Kent County,Big Box Stores,69.0,"",70.0,5
2020-03-26,RhodeIsland,Kent County,Medical,28.0,"",28.0,6
2020-03-26,RhodeIsland,Kent County,Nightlife Spots,23.0,"",23.0,7
2020-03-26,RhodeIsland,Kent County,Convenience Store,65.0,"",64.0,8
2020-03-26,RhodeIsland,Providence County,Food,24.0,20.0,24.0,1
2020-03-26,RhodeIsland,Providence County,Shops & Services,13.0,11.0,13.0,2
2020-03-26,RhodeIsland,Providence County,Grocery,83.0,62.0,84.0,3
2020-03-26,RhodeIsland,Providence County,Medical,28.0,24.0,28.0,4
2020-03-26,RhodeIsland,Providence County,Outdoors & Recreation,30.0,29.0,30.0,5
2020-03-26,RhodeIsland,Providence County,Drug Store,74.0,74.0,74.0,6
2020-03-26,RhodeIsland,Providence County,Gas Stations,74.0,"",74.0,7
2020-03-26,RhodeIsland,Providence County,Nightlife Spots,17.0,23.0,16.0,8
2020-03-26,RhodeIsland,Providence County,Professional & Other Places,7.0,"",7.0,9
2020-03-26,RhodeIsland,Providence County,Convenience Store,67.0,"",67.0,10
2020-03-26,RhodeIsland,Providence County,School,22.0,"",22.0,11
2020-03-26,RhodeIsland,Providence County,Fast Food Restaurants,60.0,"",60.0,12
2020-03-26,RhodeIsland,Providence County,Colleges & Universities,11.0,"",11.0,13
2020-03-26,RhodeIsland,Providence County,Office,38.0,"",39.0,14
2020-03-26,RhodeIsland,Providence County,Arts & Entertainment,30.0,"",30.0,15
2020-03-26,RhodeIsland,Providence County,Big Box Stores,80.0,"",80.0,16
2020-03-26,RhodeIsland,Providence County,Hardware Stores,99.0,"",100.0,17
2020-03-26,RhodeIsland,Providence County,Sports,24.0,"",24.0,18
2020-03-26,RhodeIsland,Providence County,Alcohol,70.0,"",71.0,19
2020-03-26,RhodeIsland,Providence County,Government,29.0,"",29.0,20
2020-03-26,RhodeIsland,Providence County,Banks,50.0,"",50.0,21
2020-03-26,RhodeIsland,Providence County,Fitness Center,21.0,"",21.0,22
2020-03-26,RhodeIsland,Providence County,Residences,55.0,"",55.0,23
2020-03-26,RhodeIsland,Washington County,Food,58.0,54.0,58.0,1
2020-03-26,RhodeIsland,Washington County,Shops & Services,75.0,85.0,74.0,2
2020-03-26,RhodeIsland,Washington County,Outdoors & Recreation,117.0,114.0,118.0,3
2020-03-26,RhodeIsland,Washington County,Grocery,112.0,"",113.0,4
2020-03-26,RhodeIsland,Washington County,Beach,164.0,"",167.0,5
2020-03-26,RhodeIsland,Newport County,Food,32.0,25.0,32.0,1
2020-03-26,RhodeIsland,Newport County,Outdoors & Recreation,38.0,"",39.0,2
2020-03-26,RhodeIsland,Newport County,Shops & Services,12.0,"",12.0,3
2020-03-27,RhodeIsland,Newport County,Food,22.0,20.0,22.0,1
2020-03-27,RhodeIsland,Newport County,Outdoors & Recreation,35.0,"",36.0,2
2020-03-27,RhodeIsland,Newport County,Shops & Services,15.0,"",15.0,3
2020-03-27,RhodeIsland,Bristol County,Food,32.0,"",32.0,1
2020-03-27,RhodeIsland,Kent County,Food,48.0,54.0,48.0,1
2020-03-27,RhodeIsland,Kent County,Shops & Services,37.0,32.0,37.0,2
2020-03-27,RhodeIsland,Kent County,Outdoors & Recreation,35.0,43.0,35.0,3
2020-03-27,RhodeIsland,Kent County,Grocery,75.0,77.0,75.0,4
2020-03-27,RhodeIsland,Kent County,Big Box Stores,67.0,"",67.0,5
2020-03-27,RhodeIsland,Kent County,Medical,32.0,"",32.0,6
2020-03-27,RhodeIsland,Kent County,Convenience Store,69.0,"",69.0,7
2020-03-27,RhodeIsland,Kent County,Nightlife Spots,33.0,"",32.0,8
2020-03-27,RhodeIsland,Kent County,Gas Stations,64.0,"",65.0,9
2020-03-27,RhodeIsland,Providence County,Food,23.0,20.0,23.0,1
2020-03-27,RhodeIsland,Providence County,Shops & Services,12.0,13.0,12.0,2
2020-03-27,RhodeIsland,Providence County,Grocery,80.0,81.0,80.0,3
2020-03-27,RhodeIsland,Providence County,Outdoors & Recreation,33.0,32.0,33.0,4
2020-03-27,RhodeIsland,Providence County,Medical,28.0,21.0,28.0,5
2020-03-27,RhodeIsland,Providence County,Nightlife Spots,18.0,21.0,18.0,6
2020-03-27,RhodeIsland,Providence County,Drug Store,69.0,67.0,69.0,7
2020-03-27,RhodeIsland,Providence County,Gas Stations,67.0,"",67.0,8
2020-03-27,RhodeIsland,Providence County,Fast Food Restaurants,76.0,"",76.0,9
2020-03-27,RhodeIsland,Providence County,Professional & Other Places,7.0,"",7.0,10
2020-03-27,RhodeIsland,Providence County,School,23.0,"",23.0,11
2020-03-27,RhodeIsland,Providence County,Convenience Store,57.0,"",57.0,12
2020-03-27,RhodeIsland,Providence County,Alcohol,82.0,"",82.0,13
2020-03-27,RhodeIsland,Providence County,Banks,56.0,"",56.0,14
2020-03-27,RhodeIsland,Providence County,Hardware Stores,116.0,"",117.0,14
2020-03-27,RhodeIsland,Providence County,Colleges & Universities,12.0,"",12.0,15
2020-03-27,RhodeIsland,Providence County,Office,38.0,"",38.0,16
2020-03-27,RhodeIsland,Providence County,Arts & Entertainment,27.0,"",27.0,17
2020-03-27,RhodeIsland,Providence County,Big Box Stores,67.0,"",67.0,18
2020-03-27,RhodeIsland,Providence County,Sports,23.0,"",23.0,19
2020-03-27,RhodeIsland,Providence County,Residences,71.0,"",71.0,20
2020-03-27,RhodeIsland,Providence County,Fitness Center,23.0,"",23.0,21
2020-03-27,RhodeIsland,Providence County,Government,30.0,"",30.0,22
2020-03-27,RhodeIsland,Providence County,Discount Stores,73.0,"",72.0,23
2020-03-27,RhodeIsland,Washington County,Food,56.0,47.0,57.0,1
2020-03-27,RhodeIsland,Washington County,Shops & Services,81.0,61.0,83.0,2
2020-03-27,RhodeIsland,Washington County,Outdoors & Recreation,118.0,124.0,118.0,3
2020-03-27,RhodeIsland,Washington County,Beach,199.0,"",203.0,4
2020-03-27,RhodeIsland,Washington County,Grocery,79.0,"",80.0,5
2020-03-28,RhodeIsland,Providence County,Food,20.0,19.0,20.0,1
2020-03-28,RhodeIsland,Providence County,Shops & Services,10.0,8.0,10.0,2
2020-03-28,RhodeIsland,Providence County,Grocery,78.0,67.0,78.0,3
2020-03-28,RhodeIsland,Providence County,Outdoors & Recreation,28.0,24.0,28.0,4
2020-03-28,RhodeIsland,Providence County,Drug Store,75.0,84.0,75.0,5
2020-03-28,RhodeIsland,Providence County,Nightlife Spots,12.0,"",12.0,6
2020-03-28,RhodeIsland,Providence County,Gas Stations,63.0,"",64.0,7
2020-03-28,RhodeIsland,Providence County,Medical,29.0,"",29.0,8
2020-03-28,RhodeIsland,Providence County,Hardware Stores,128.0,"",129.0,9
2020-03-28,RhodeIsland,Providence County,Fast Food Restaurants,59.0,"",59.0,9
2020-03-28,RhodeIsland,Providence County,Alcohol,77.0,"",77.0,10
2020-03-28,RhodeIsland,Providence County,Convenience Store,54.0,"",54.0,11
2020-03-28,RhodeIsland,Providence County,School,31.0,"",31.0,12
2020-03-28,RhodeIsland,Providence County,Professional & Other Places,7.0,"",7.0,13
2020-03-28,RhodeIsland,Providence County,Big Box Stores,54.0,"",54.0,14
2020-03-28,RhodeIsland,Providence County,Sports,24.0,"",24.0,15
2020-03-28,RhodeIsland,Providence County,Arts & Entertainment,13.0,"",14.0,16
2020-03-28,RhodeIsland,Providence County,Banks,47.0,"",47.0,17
2020-03-28,RhodeIsland,Providence County,Residences,63.0,"",64.0,18
2020-03-28,RhodeIsland,Providence County,Colleges & Universities,11.0,"",11.0,19
2020-03-28,RhodeIsland,Newport County,Food,17.0,"",17.0,1
2020-03-28,RhodeIsland,Newport County,Outdoors & Recreation,27.0,"",27.0,2
2020-03-28,RhodeIsland,Newport County,Shops & Services,12.0,"",13.0,3
2020-03-28,RhodeIsland,Kent County,Food,40.0,36.0,40.0,1
2020-03-28,RhodeIsland,Kent County,Shops & Services,28.0,22.0,28.0,2
2020-03-28,RhodeIsland,Kent County,Grocery,68.0,"",69.0,3
2020-03-28,RhodeIsland,Kent County,Big Box Stores,64.0,"",64.0,4
2020-03-28,RhodeIsland,Kent County,Outdoors & Recreation,28.0,"",28.0,5
2020-03-28,RhodeIsland,Kent County,Hardware Stores,114.0,"",116.0,6
2020-03-28,RhodeIsland,Kent County,Nightlife Spots,25.0,"",25.0,7
2020-03-28,RhodeIsland,Kent County,Gas Stations,69.0,"",70.0,8
2020-03-28,RhodeIsland,Washington County,Food,52.0,56.0,51.0,1
2020-03-28,RhodeIsland,Washington County,Shops & Services,57.0,"",57.0,2
2020-03-28,RhodeIsland,Washington County,Outdoors & Recreation,94.0,"",94.0,3
2020-03-28,RhodeIsland,Washington County,Grocery,87.0,"",88.0,4
2020-03-28,RhodeIsland,Washington County,Beach,132.0,"",133.0,5
2020-03-28,RhodeIsland,Bristol County,Food,57.0,"",57.0,1
2020-03-29,RhodeIsland,Washington County,Food,33.0,"",33.0,1
2020-03-29,RhodeIsland,Washington County,Grocery,66.0,"",69.0,2
2020-03-29,RhodeIsland,Providence County,Food,12.0,12.0,12.0,1
2020-03-29,RhodeIsland,Providence County,Grocery,57.0,50.0,57.0,2
2020-03-29,RhodeIsland,Providence County,Shops & Services,7.0,7.0,7.0,3
2020-03-29,RhodeIsland,Providence County,Outdoors & Recreation,13.0,"",13.0,4
2020-03-29,RhodeIsland,Providence County,Drug Store,49.0,"",49.0,5
2020-03-29,RhodeIsland,Providence County,Medical,23.0,"",23.0,6
2020-03-29,RhodeIsland,Providence County,Big Box Stores,55.0,"",55.0,7
2020-03-29,RhodeIsland,Providence County,Gas Stations,44.0,"",44.0,7
2020-03-29,RhodeIsland,Providence County,Fast Food Restaurants,42.0,"",42.0,8
2020-03-29,RhodeIsland,Providence County,Nightlife Spots,5.0,"",5.0,9
2020-03-29,RhodeIsland,Providence County,Convenience Store,41.0,"",40.0,10
2020-03-29,RhodeIsland,Providence County,Hardware Stores,72.0,"",73.0,11
2020-03-29,RhodeIsland,Kent County,Food,28.0,"",29.0,1
2020-03-29,RhodeIsland,Kent County,Shops & Services,24.0,35.0,24.0,2
2020-03-29,RhodeIsland,Kent County,Grocery,51.0,"",51.0,3
2020-03-29,RhodeIsland,Kent County,Big Box Stores,55.0,"",55.0,4
2020-03-30,RhodeIsland,Newport County,Food,19.0,"",19.0,1
2020-03-30,RhodeIsland,Newport County,Outdoors & Recreation,21.0,"",21.0,2
2020-03-30,RhodeIsland,Providence County,Food,19.0,18.0,19.0,1
2020-03-30,RhodeIsland,Providence County,Shops & Services,10.0,10.0,10.0,2
2020-03-30,RhodeIsland,Providence County,Grocery,72.0,79.0,72.0,3
2020-03-30,RhodeIsland,Providence County,Medical,24.0,18.0,24.0,4
2020-03-30,RhodeIsland,Providence County,Outdoors & Recreation,17.0,"",17.0,5
2020-03-30,RhodeIsland,Providence County,Drug Store,66.0,"",67.0,6
2020-03-30,RhodeIsland,Providence County,Nightlife Spots,15.0,"",15.0,7
2020-03-30,RhodeIsland,Providence County,Gas Stations,60.0,"",61.0,8
2020-03-30,RhodeIsland,Providence County,Professional & Other Places,6.0,"",7.0,9
2020-03-30,RhodeIsland,Providence County,Office,43.0,"",43.0,10
2020-03-30,RhodeIsland,Providence County,Convenience Store,51.0,"",51.0,11
2020-03-30,RhodeIsland,Providence County,School,19.0,"",19.0,12
2020-03-30,RhodeIsland,Providence County,Fast Food Restaurants,52.0,"",52.0,13
2020-03-30,RhodeIsland,Providence County,Colleges & Universities,9.0,"",9.0,14
2020-03-30,RhodeIsland,Providence County,Banks,58.0,"",58.0,15
2020-03-30,RhodeIsland,Providence County,Arts & Entertainment,24.0,"",25.0,16
2020-03-30,RhodeIsland,Providence County,Alcohol,59.0,"",58.0,17
2020-03-30,RhodeIsland,Providence County,Big Box Stores,57.0,"",57.0,18
2020-03-30,RhodeIsland,Providence County,Hardware Stores,73.0,"",73.0,19
2020-03-30,RhodeIsland,Washington County,Food,47.0,37.0,48.0,1
2020-03-30,RhodeIsland,Washington County,Shops & Services,58.0,"",59.0,2
2020-03-30,RhodeIsland,Washington County,Grocery,84.0,"",86.0,3
2020-03-30,RhodeIsland,Kent County,Shops & Services,36.0,37.0,36.0,1
2020-03-30,RhodeIsland,Kent County,Food,34.0,33.0,35.0,2
2020-03-30,RhodeIsland,Kent County,Grocery,65.0,"",64.0,3
2020-03-30,RhodeIsland,Kent County,Medical,26.0,"",27.0,4
2020-03-30,RhodeIsland,Kent County,Big Box Stores,58.0,"",58.0,5
2020-03-30,RhodeIsland,Kent County,Outdoors & Recreation,19.0,"",19.0,6
2020-03-31,RhodeIsland,Kent County,Food,21.0,19.0,21.0,1
2020-03-31,RhodeIsland,Kent County,Shops & Services,36.0,35.0,36.0,2
2020-03-31,RhodeIsland,Kent County,Grocery,67.0,77.0,66.0,3
2020-03-31,RhodeIsland,Kent County,Outdoors & Recreation,85.0,"",84.0,4
2020-03-31,RhodeIsland,Kent County,Medical,23.0,"",23.0,5
2020-03-31,RhodeIsland,Kent County,Nightlife Spots,40.0,"",40.0,6
2020-03-31,RhodeIsland,Providence County,Food,21.0,21.0,21.0,1
2020-03-31,RhodeIsland,Providence County,Shops & Services,11.0,10.0,11.0,2
2020-03-31,RhodeIsland,Providence County,Grocery,73.0,69.0,73.0,3
2020-03-31,RhodeIsland,Providence County,Outdoors & Recreation,23.0,25.0,23.0,4
2020-03-31,RhodeIsland,Providence County,Medical,20.0,13.0,20.0,5
2020-03-31,RhodeIsland,Providence County,Drug Store,70.0,73.0,69.0,6
2020-03-31,RhodeIsland,Providence County,Gas Stations,63.0,"",63.0,7
2020-03-31,RhodeIsland,Providence County,Nightlife Spots,16.0,"",16.0,8
2020-03-31,RhodeIsland,Providence County,Professional & Other Places,5.0,"",5.0,9
2020-03-31,RhodeIsland,Providence County,Colleges & Universities,21.0,"",20.0,10
2020-03-31,RhodeIsland,Providence County,Fast Food Restaurants,59.0,"",60.0,11
2020-03-31,RhodeIsland,Providence County,Convenience Store,50.0,"",50.0,12
2020-03-31,RhodeIsland,Providence County,School,18.0,"",18.0,13
2020-03-31,RhodeIsland,Providence County,Office,32.0,"",32.0,14
2020-03-31,RhodeIsland,Providence County,Banks,61.0,"",61.0,15
2020-03-31,RhodeIsland,Providence County,Big Box Stores,70.0,"",70.0,16
2020-03-31,RhodeIsland,Providence County,Hardware Stores,93.0,"",94.0,17
2020-03-31,RhodeIsland,Providence County,Arts & Entertainment,25.0,"",26.0,18
2020-03-31,RhodeIsland,Providence County,Alcohol,55.0,"",55.0,19
2020-03-31,RhodeIsland,Providence County,Discount Stores,90.0,"",90.0,20
2020-03-31,RhodeIsland,Providence County,Government,24.0,"",24.0,21
2020-03-31,RhodeIsland,Washington County,Food,48.0,"",50.0,1
2020-03-31,RhodeIsland,Washington County,Shops & Services,68.0,57.0,68.0,2
2020-03-31,RhodeIsland,Washington County,Outdoors & Recreation,75.0,"",77.0,3
2020-03-31,RhodeIsland,Washington County,Grocery,88.0,"",90.0,4
2020-03-31,RhodeIsland,Newport County,Food,18.0,"",18.0,1
2020-04-01,RhodeIsland,Newport County,Food,19.0,"",20.0,1
2020-04-01,RhodeIsland,Newport County,Outdoors & Recreation,25.0,"",25.0,2
2020-04-01,RhodeIsland,Providence County,Food,23.0,19.0,23.0,1
2020-04-01,RhodeIsland,Providence County,Shops & Services,12.0,11.0,12.0,2
2020-04-01,RhodeIsland,Providence County,Grocery,86.0,81.0,86.0,3
2020-04-01,RhodeIsland,Providence County,Medical,22.0,15.0,23.0,4
2020-04-01,RhodeIsland,Providence County,Outdoors & Recreation,23.0,23.0,23.0,5
2020-04-01,RhodeIsland,Providence County,Drug Store,69.0,67.0,69.0,6
2020-04-01,RhodeIsland,Providence County,Gas Stations,67.0,"",67.0,7
2020-04-01,RhodeIsland,Providence County,Nightlife Spots,17.0,"",17.0,8
2020-04-01,RhodeIsland,Providence County,Fast Food Restaurants,68.0,"",68.0,9
2020-04-01,RhodeIsland,Providence County,Convenience Store,60.0,"",60.0,10
2020-04-01,RhodeIsland,Providence County,Professional & Other Places,6.0,"",6.0,11
2020-04-01,RhodeIsland,Providence County,School,17.0,"",17.0,12
2020-04-01,RhodeIsland,Providence County,Banks,67.0,"",68.0,13
2020-04-01,RhodeIsland,Providence County,Colleges & Universities,9.0,"",9.0,14
2020-04-01,RhodeIsland,Providence County,Hardware Stores,101.0,"",102.0,14
2020-04-01,RhodeIsland,Providence County,Office,32.0,"",32.0,15
2020-04-01,RhodeIsland,Providence County,Arts & Entertainment,26.0,"",26.0,16
2020-04-01,RhodeIsland,Providence County,Alcohol,69.0,"",68.0,17
2020-04-01,RhodeIsland,Providence County,Big Box Stores,66.0,"",67.0,18
2020-04-01,RhodeIsland,Kent County,Food,45.0,38.0,45.0,1
2020-04-01,RhodeIsland,Kent County,Shops & Services,37.0,33.0,37.0,2
2020-04-01,RhodeIsland,Kent County,Grocery,75.0,75.0,75.0,3
2020-04-01,RhodeIsland,Kent County,Outdoors & Recreation,24.0,"",24.0,4
2020-04-01,RhodeIsland,Kent County,Big Box Stores,67.0,"",67.0,5
2020-04-01,RhodeIsland,Kent County,Nightlife Spots,22.0,"",22.0,6
2020-04-01,RhodeIsland,Washington County,Food,44.0,38.0,44.0,1
2020-04-01,RhodeIsland,Washington County,Shops & Services,59.0,"",61.0,2
2020-04-01,RhodeIsland,Washington County,Outdoors & Recreation,78.0,83.0,78.0,3
2020-04-01,RhodeIsland,Washington County,Grocery,91.0,"",94.0,4
