2020-03-01,Idaho,Twin Falls County,Food,44.0,"",45.0,1
2020-03-01,Idaho,Twin Falls County,Shops & Services,31.0,"",31.0,2
2020-03-01,Idaho,Twin Falls County,Grocery,118.0,"",117.0,3
2020-03-01,Idaho,Bonner County,Food,48.0,"",48.0,1
2020-03-01,Idaho,Bonneville County,Shops & Services,28.0,25.0,28.0,1
2020-03-01,Idaho,Bonneville County,Food,51.0,44.0,52.0,2
2020-03-01,Idaho,Bonneville County,Grocery,99.0,"",98.0,3
2020-03-01,Idaho,Bonneville County,Big Box Stores,111.0,"",111.0,4
2020-03-01,Idaho,Bonneville County,Gas Stations,100.0,"",100.0,5
2020-03-01,Idaho,Bonneville County,Fast Food Restaurants,127.0,"",129.0,6
2020-03-01,Idaho,Kootenai County,Food,48.0,44.0,48.0,1
2020-03-01,Idaho,Kootenai County,Shops & Services,113.0,127.0,112.0,2
2020-03-01,Idaho,Kootenai County,Grocery,86.0,85.0,86.0,3
2020-03-01,Idaho,Kootenai County,Outdoors & Recreation,39.0,33.0,39.0,4
2020-03-01,Idaho,Kootenai County,Big Box Stores,98.0,80.0,100.0,4
2020-03-01,Idaho,Kootenai County,Gas Stations,109.0,123.0,108.0,5
2020-03-01,Idaho,Kootenai County,Nightlife Spots,72.0,"",72.0,6
2020-03-01,Idaho,Kootenai County,Fast Food Restaurants,106.0,"",105.0,7
2020-03-01,Idaho,Kootenai County,Arts & Entertainment,95.0,"",95.0,8
2020-03-01,Idaho,Ada County,Food,44.0,48.0,44.0,1
2020-03-01,Idaho,Ada County,Shops & Services,58.0,58.0,58.0,2
2020-03-01,Idaho,Ada County,Grocery,98.0,92.0,98.0,3
2020-03-01,Idaho,Ada County,Nightlife Spots,65.0,65.0,65.0,4
2020-03-01,Idaho,Ada County,Outdoors & Recreation,41.0,34.0,41.0,5
2020-03-01,Idaho,Ada County,Gas Stations,121.0,123.0,121.0,6
2020-03-01,Idaho,Ada County,Fast Food Restaurants,105.0,"",106.0,7
2020-03-01,Idaho,Ada County,Arts & Entertainment,81.0,"",81.0,8
2020-03-01,Idaho,Ada County,Big Box Stores,109.0,"",110.0,9
2020-03-01,Idaho,Ada County,Airport,64.0,72.0,64.0,10
2020-03-01,Idaho,Ada County,School,51.0,"",51.0,11
2020-03-01,Idaho,Ada County,Colleges & Universities,61.0,"",62.0,12
2020-03-01,Idaho,Ada County,Hotel,114.0,"",114.0,13
2020-03-01,Idaho,Ada County,Medical,54.0,"",54.0,14
2020-03-01,Idaho,Ada County,Hardware Stores,104.0,"",104.0,15
2020-03-01,Idaho,Ada County,Professional & Other Places,93.0,"",94.0,16
2020-03-01,Idaho,Ada County,Fitness Center,64.0,"",64.0,17
2020-03-01,Idaho,Ada County,Residences,103.0,"",105.0,18
2020-03-01,Idaho,Nez Perce County,Food,48.0,"",47.0,1
2020-03-01,Idaho,Canyon County,Food,46.0,46.0,46.0,1
2020-03-01,Idaho,Canyon County,Shops & Services,24.0,20.0,24.0,2
2020-03-01,Idaho,Canyon County,Grocery,95.0,100.0,95.0,3
2020-03-01,Idaho,Canyon County,Gas Stations,97.0,"",98.0,4
2020-03-01,Idaho,Canyon County,Big Box Stores,90.0,"",89.0,5
2020-03-01,Idaho,Canyon County,Outdoors & Recreation,122.0,"",123.0,6
2020-03-01,Idaho,Canyon County,Fast Food Restaurants,98.0,"",98.0,7
2020-03-01,Idaho,Canyon County,Hardware Stores,117.0,"",118.0,8
2020-03-01,Idaho,Canyon County,School,47.0,"",48.0,9
2020-03-01,Idaho,Canyon County,Arts & Entertainment,102.0,"",102.0,9
2020-03-01,Idaho,Bannock County,Shops & Services,58.0,"",58.0,1
2020-03-01,Idaho,Bannock County,Food,92.0,"",94.0,2
2020-03-01,Idaho,Bannock County,Grocery,89.0,"",90.0,3
2020-03-01,Idaho,Bannock County,Gas Stations,112.0,"",112.0,4
2020-03-02,Idaho,Canyon County,Food,43.0,44.0,43.0,1
2020-03-02,Idaho,Canyon County,Shops & Services,25.0,27.0,24.0,2
2020-03-02,Idaho,Canyon County,Gas Stations,118.0,"",118.0,3
2020-03-02,Idaho,Canyon County,Grocery,100.0,123.0,98.0,4
2020-03-02,Idaho,Canyon County,School,67.0,"",67.0,5
2020-03-02,Idaho,Canyon County,Medical,61.0,76.0,60.0,6
2020-03-02,Idaho,Canyon County,Big Box Stores,95.0,"",97.0,7
2020-03-02,Idaho,Canyon County,Outdoors & Recreation,41.0,"",41.0,8
2020-03-02,Idaho,Canyon County,Fast Food Restaurants,106.0,"",105.0,9
2020-03-02,Idaho,Canyon County,Hardware Stores,123.0,"",123.0,10
2020-03-02,Idaho,Bannock County,Shops & Services,71.0,59.0,72.0,1
2020-03-02,Idaho,Bannock County,Food,39.0,"",39.0,2
2020-03-02,Idaho,Bonneville County,Shops & Services,30.0,27.0,30.0,1
2020-03-02,Idaho,Bonneville County,Food,44.0,44.0,44.0,2
2020-03-02,Idaho,Bonneville County,Gas Stations,106.0,"",107.0,3
2020-03-02,Idaho,Bonneville County,Grocery,123.0,"",123.0,4
2020-03-02,Idaho,Bonneville County,Big Box Stores,108.0,"",109.0,5
2020-03-02,Idaho,Bonneville County,Medical,69.0,"",69.0,6
2020-03-02,Idaho,Bonneville County,Fast Food Restaurants,122.0,"",123.0,7
2020-03-02,Idaho,Kootenai County,Food,43.0,44.0,43.0,1
2020-03-02,Idaho,Kootenai County,Shops & Services,87.0,86.0,87.0,2
2020-03-02,Idaho,Kootenai County,Grocery,110.0,121.0,109.0,3
2020-03-02,Idaho,Kootenai County,Outdoors & Recreation,35.0,34.0,35.0,4
2020-03-02,Idaho,Kootenai County,Gas Stations,98.0,97.0,98.0,5
2020-03-02,Idaho,Kootenai County,Medical,51.0,64.0,50.0,6
2020-03-02,Idaho,Kootenai County,Big Box Stores,103.0,113.0,102.0,7
2020-03-02,Idaho,Kootenai County,Nightlife Spots,70.0,105.0,68.0,8
2020-03-02,Idaho,Kootenai County,Fast Food Restaurants,113.0,"",114.0,9
2020-03-02,Idaho,Ada County,Food,86.0,79.0,86.0,1
2020-03-02,Idaho,Ada County,Shops & Services,62.0,59.0,62.0,2
2020-03-02,Idaho,Ada County,Grocery,93.0,82.0,93.0,3
2020-03-02,Idaho,Ada County,Medical,58.0,46.0,59.0,4
2020-03-02,Idaho,Ada County,Outdoors & Recreation,38.0,34.0,38.0,5
2020-03-02,Idaho,Ada County,Nightlife Spots,70.0,59.0,70.0,6
2020-03-02,Idaho,Ada County,Gas Stations,95.0,88.0,95.0,7
2020-03-02,Idaho,Ada County,School,66.0,72.0,65.0,8
2020-03-02,Idaho,Ada County,Airport,70.0,77.0,70.0,9
2020-03-02,Idaho,Ada County,Fast Food Restaurants,94.0,"",95.0,10
2020-03-02,Idaho,Ada County,Colleges & Universities,69.0,"",69.0,11
2020-03-02,Idaho,Ada County,Office,86.0,"",86.0,12
2020-03-02,Idaho,Ada County,Big Box Stores,108.0,"",110.0,13
2020-03-02,Idaho,Ada County,Professional & Other Places,11.0,"",11.0,14
2020-03-02,Idaho,Ada County,Arts & Entertainment,82.0,"",83.0,15
2020-03-02,Idaho,Ada County,Fitness Center,72.0,"",73.0,16
2020-03-02,Idaho,Ada County,Hardware Stores,96.0,"",95.0,17
2020-03-02,Idaho,Ada County,Hotel,79.0,"",78.0,18
2020-03-02,Idaho,Ada County,Sports,35.0,50.0,34.0,19
2020-03-02,Idaho,Ada County,Government,73.0,"",75.0,20
2020-03-02,Idaho,Ada County,Residences,97.0,"",97.0,21
2020-03-02,Idaho,Madison County,Colleges & Universities,129.0,"",129.0,1
2020-03-02,Idaho,Twin Falls County,Food,48.0,46.0,48.0,1
2020-03-02,Idaho,Twin Falls County,Shops & Services,28.0,33.0,28.0,2
2020-03-02,Idaho,Twin Falls County,Grocery,110.0,"",111.0,3
2020-03-02,Idaho,Twin Falls County,Gas Stations,122.0,"",119.0,4
2020-03-02,Idaho,Nez Perce County,Shops & Services,116.0,"",115.0,1
2020-03-03,Idaho,Kootenai County,Food,45.0,42.0,45.0,1
2020-03-03,Idaho,Kootenai County,Shops & Services,103.0,110.0,103.0,2
2020-03-03,Idaho,Kootenai County,Grocery,93.0,111.0,91.0,3
2020-03-03,Idaho,Kootenai County,Outdoors & Recreation,35.0,34.0,35.0,4
2020-03-03,Idaho,Kootenai County,Gas Stations,98.0,100.0,98.0,5
2020-03-03,Idaho,Kootenai County,Big Box Stores,103.0,105.0,102.0,6
2020-03-03,Idaho,Kootenai County,Medical,46.0,47.0,46.0,7
2020-03-03,Idaho,Kootenai County,Nightlife Spots,72.0,77.0,72.0,8
2020-03-03,Idaho,Kootenai County,Fast Food Restaurants,97.0,"",98.0,9
2020-03-03,Idaho,Kootenai County,School,43.0,"",42.0,10
2020-03-03,Idaho,Bannock County,Shops & Services,26.0,29.0,25.0,1
2020-03-03,Idaho,Bannock County,Food,44.0,50.0,44.0,2
2020-03-03,Idaho,Bannock County,Gas Stations,107.0,"",107.0,3
2020-03-03,Idaho,Bannock County,Grocery,102.0,"",102.0,4
2020-03-03,Idaho,Nez Perce County,Shops & Services,112.0,"",116.0,1
2020-03-03,Idaho,Nez Perce County,Food,50.0,57.0,50.0,2
2020-03-03,Idaho,Canyon County,Food,42.0,33.0,43.0,1
2020-03-03,Idaho,Canyon County,Shops & Services,23.0,22.0,23.0,2
2020-03-03,Idaho,Canyon County,Gas Stations,107.0,90.0,108.0,3
2020-03-03,Idaho,Canyon County,Grocery,112.0,96.0,113.0,4
2020-03-03,Idaho,Canyon County,Medical,60.0,"",61.0,5
2020-03-03,Idaho,Canyon County,School,48.0,"",48.0,6
2020-03-03,Idaho,Canyon County,Outdoors & Recreation,43.0,"",43.0,7
2020-03-03,Idaho,Canyon County,Big Box Stores,88.0,"",87.0,8
2020-03-03,Idaho,Canyon County,Fast Food Restaurants,89.0,"",90.0,9
2020-03-03,Idaho,Canyon County,Professional & Other Places,109.0,"",109.0,10
2020-03-03,Idaho,Canyon County,Arts & Entertainment,81.0,"",80.0,11
2020-03-03,Idaho,Bonneville County,Shops & Services,29.0,26.0,29.0,1
2020-03-03,Idaho,Bonneville County,Food,41.0,40.0,41.0,2
2020-03-03,Idaho,Bonneville County,Gas Stations,112.0,"",112.0,3
2020-03-03,Idaho,Bonneville County,Big Box Stores,127.0,"",127.0,4
2020-03-03,Idaho,Bonneville County,Grocery,100.0,"",100.0,5
2020-03-03,Idaho,Bonneville County,Fast Food Restaurants,109.0,"",110.0,6
2020-03-03,Idaho,Bonneville County,Medical,46.0,"",45.0,7
2020-03-03,Idaho,Bonneville County,School,42.0,"",42.0,8
2020-03-03,Idaho,Ada County,Food,39.0,37.0,39.0,1
2020-03-03,Idaho,Ada County,Shops & Services,25.0,27.0,24.0,2
2020-03-03,Idaho,Ada County,Grocery,108.0,112.0,108.0,3
2020-03-03,Idaho,Ada County,Medical,58.0,67.0,57.0,4
2020-03-03,Idaho,Ada County,Nightlife Spots,65.0,58.0,66.0,5
2020-03-03,Idaho,Ada County,Outdoors & Recreation,34.0,32.0,34.0,6
2020-03-03,Idaho,Ada County,Gas Stations,95.0,86.0,96.0,7
2020-03-03,Idaho,Ada County,School,51.0,59.0,51.0,8
2020-03-03,Idaho,Ada County,Fast Food Restaurants,108.0,93.0,108.0,9
2020-03-03,Idaho,Ada County,Airport,67.0,85.0,66.0,10
2020-03-03,Idaho,Ada County,Office,80.0,"",80.0,11
2020-03-03,Idaho,Ada County,Colleges & Universities,52.0,"",51.0,12
2020-03-03,Idaho,Ada County,Professional & Other Places,10.0,"",11.0,13
2020-03-03,Idaho,Ada County,Big Box Stores,100.0,"",100.0,14
2020-03-03,Idaho,Ada County,Arts & Entertainment,90.0,"",91.0,15
2020-03-03,Idaho,Ada County,Fitness Center,68.0,"",68.0,16
2020-03-03,Idaho,Ada County,Hotel,91.0,"",91.0,17
2020-03-03,Idaho,Ada County,Hardware Stores,96.0,"",96.0,18
2020-03-03,Idaho,Ada County,Residences,130.0,"",132.0,19
2020-03-03,Idaho,Ada County,Sports,30.0,"",30.0,20
2020-03-03,Idaho,Ada County,Government,66.0,"",67.0,21
2020-03-03,Idaho,Madison County,Colleges & Universities,92.0,"",92.0,1
2020-03-03,Idaho,Jerome County,Gas Stations,117.0,"",115.0,1
2020-03-03,Idaho,Twin Falls County,Food,47.0,38.0,47.0,1
2020-03-03,Idaho,Twin Falls County,Shops & Services,27.0,25.0,27.0,2
2020-03-03,Idaho,Twin Falls County,Grocery,101.0,"",101.0,3
2020-03-03,Idaho,Twin Falls County,Gas Stations,117.0,"",118.0,4
2020-03-04,Idaho,Madison County,Colleges & Universities,94.0,"",94.0,1
2020-03-04,Idaho,Twin Falls County,Food,103.0,89.0,104.0,1
2020-03-04,Idaho,Twin Falls County,Shops & Services,25.0,"",25.0,2
2020-03-04,Idaho,Twin Falls County,Grocery,104.0,"",104.0,3
2020-03-04,Idaho,Twin Falls County,Gas Stations,117.0,"",113.0,4
2020-03-04,Idaho,Kootenai County,Food,45.0,44.0,45.0,1
2020-03-04,Idaho,Kootenai County,Shops & Services,107.0,93.0,109.0,2
2020-03-04,Idaho,Kootenai County,Grocery,100.0,102.0,100.0,3
2020-03-04,Idaho,Kootenai County,Outdoors & Recreation,39.0,32.0,39.0,4
2020-03-04,Idaho,Kootenai County,Gas Stations,96.0,106.0,95.0,5
2020-03-04,Idaho,Kootenai County,Medical,51.0,56.0,50.0,6
2020-03-04,Idaho,Kootenai County,Big Box Stores,116.0,122.0,115.0,7
2020-03-04,Idaho,Kootenai County,Nightlife Spots,69.0,56.0,70.0,8
2020-03-04,Idaho,Kootenai County,Fast Food Restaurants,97.0,"",98.0,9
2020-03-04,Idaho,Kootenai County,School,46.0,"",45.0,10
2020-03-04,Idaho,Bonneville County,Shops & Services,30.0,41.0,30.0,1
2020-03-04,Idaho,Bonneville County,Food,44.0,56.0,43.0,2
2020-03-04,Idaho,Bonneville County,Gas Stations,107.0,"",107.0,3
2020-03-04,Idaho,Bonneville County,Big Box Stores,106.0,"",105.0,4
2020-03-04,Idaho,Bonneville County,Grocery,104.0,"",102.0,5
2020-03-04,Idaho,Bonneville County,Medical,52.0,"",52.0,6
2020-03-04,Idaho,Bonneville County,School,54.0,"",54.0,7
2020-03-04,Idaho,Bonneville County,Fast Food Restaurants,101.0,"",101.0,8
2020-03-04,Idaho,Bonneville County,Outdoors & Recreation,102.0,"",103.0,9
2020-03-04,Idaho,Canyon County,Food,46.0,48.0,46.0,1
2020-03-04,Idaho,Canyon County,Shops & Services,24.0,23.0,24.0,2
2020-03-04,Idaho,Canyon County,Gas Stations,102.0,85.0,103.0,3
2020-03-04,Idaho,Canyon County,Grocery,106.0,100.0,106.0,4
2020-03-04,Idaho,Canyon County,School,54.0,"",54.0,5
2020-03-04,Idaho,Canyon County,Medical,56.0,53.0,56.0,6
2020-03-04,Idaho,Canyon County,Big Box Stores,116.0,"",117.0,7
2020-03-04,Idaho,Canyon County,Outdoors & Recreation,43.0,"",43.0,8
2020-03-04,Idaho,Canyon County,Fast Food Restaurants,109.0,"",109.0,9
2020-03-04,Idaho,Canyon County,Arts & Entertainment,109.0,"",109.0,10
2020-03-04,Idaho,Canyon County,Colleges & Universities,120.0,231.0,114.0,11
2020-03-04,Idaho,Canyon County,Hardware Stores,135.0,"",136.0,12
2020-03-04,Idaho,Canyon County,Professional & Other Places,11.0,"",12.0,13
2020-03-04,Idaho,Bingham County,Shops & Services,164.0,"",169.0,1
2020-03-04,Idaho,Ada County,Food,43.0,41.0,43.0,1
2020-03-04,Idaho,Ada County,Shops & Services,26.0,25.0,26.0,2
2020-03-04,Idaho,Ada County,Grocery,105.0,93.0,105.0,3
2020-03-04,Idaho,Ada County,Nightlife Spots,78.0,76.0,78.0,4
2020-03-04,Idaho,Ada County,Medical,55.0,61.0,54.0,5
2020-03-04,Idaho,Ada County,Outdoors & Recreation,38.0,36.0,38.0,6
2020-03-04,Idaho,Ada County,Gas Stations,107.0,97.0,108.0,7
2020-03-04,Idaho,Ada County,School,51.0,51.0,51.0,8
2020-03-04,Idaho,Ada County,Fast Food Restaurants,105.0,112.0,105.0,9
2020-03-04,Idaho,Ada County,Colleges & Universities,45.0,"",45.0,10
2020-03-04,Idaho,Ada County,Office,79.0,"",80.0,11
2020-03-04,Idaho,Ada County,Big Box Stores,118.0,"",119.0,12
2020-03-04,Idaho,Ada County,Arts & Entertainment,93.0,"",93.0,13
2020-03-04,Idaho,Ada County,Fitness Center,73.0,"",73.0,14
2020-03-04,Idaho,Ada County,Professional & Other Places,10.0,"",10.0,15
2020-03-04,Idaho,Ada County,Airport,54.0,"",55.0,16
2020-03-04,Idaho,Ada County,Hardware Stores,121.0,"",123.0,17
2020-03-04,Idaho,Ada County,Hotel,74.0,"",74.0,18
2020-03-04,Idaho,Ada County,Sports,32.0,43.0,31.0,19
2020-03-04,Idaho,Ada County,Government,66.0,"",67.0,20
2020-03-04,Idaho,Ada County,Residences,90.0,"",90.0,21
2020-03-04,Idaho,Bannock County,Shops & Services,78.0,82.0,77.0,1
2020-03-04,Idaho,Bannock County,Food,46.0,43.0,46.0,2
2020-03-04,Idaho,Bannock County,Gas Stations,118.0,"",117.0,3
2020-03-04,Idaho,Bannock County,Grocery,98.0,"",99.0,4
2020-03-04,Idaho,Bannock County,Medical,61.0,"",61.0,5
2020-03-04,Idaho,Nez Perce County,Shops & Services,138.0,170.0,135.0,1
2020-03-04,Idaho,Nez Perce County,Food,45.0,"",46.0,2
2020-03-05,Idaho,Madison County,Colleges & Universities,98.0,"",98.0,1
2020-03-05,Idaho,Twin Falls County,Food,46.0,47.0,46.0,1
2020-03-05,Idaho,Twin Falls County,Shops & Services,28.0,26.0,29.0,2
2020-03-05,Idaho,Twin Falls County,Grocery,103.0,"",104.0,3
2020-03-05,Idaho,Twin Falls County,Gas Stations,102.0,"",102.0,4
2020-03-05,Idaho,Minidoka County,Food,127.0,"",129.0,1
2020-03-05,Idaho,Jerome County,Gas Stations,131.0,"",132.0,1
2020-03-05,Idaho,Canyon County,Food,43.0,40.0,43.0,1
2020-03-05,Idaho,Canyon County,Shops & Services,24.0,26.0,24.0,2
2020-03-05,Idaho,Canyon County,Gas Stations,102.0,93.0,102.0,3
2020-03-05,Idaho,Canyon County,Grocery,115.0,76.0,118.0,4
2020-03-05,Idaho,Canyon County,School,58.0,"",58.0,5
2020-03-05,Idaho,Canyon County,Medical,56.0,"",57.0,6
2020-03-05,Idaho,Canyon County,Big Box Stores,105.0,"",105.0,7
2020-03-05,Idaho,Canyon County,Outdoors & Recreation,40.0,"",40.0,8
2020-03-05,Idaho,Canyon County,Fast Food Restaurants,98.0,"",98.0,9
2020-03-05,Idaho,Canyon County,Hardware Stores,112.0,"",113.0,10
2020-03-05,Idaho,Bannock County,Shops & Services,78.0,82.0,78.0,1
2020-03-05,Idaho,Bannock County,Food,47.0,50.0,47.0,2
2020-03-05,Idaho,Bannock County,Gas Stations,137.0,"",137.0,3
2020-03-05,Idaho,Bannock County,Grocery,116.0,"",114.0,4
2020-03-05,Idaho,Bannock County,Medical,64.0,"",62.0,5
2020-03-05,Idaho,Kootenai County,Food,43.0,46.0,42.0,1
2020-03-05,Idaho,Kootenai County,Shops & Services,104.0,119.0,102.0,2
2020-03-05,Idaho,Kootenai County,Grocery,99.0,106.0,99.0,3
2020-03-05,Idaho,Kootenai County,Outdoors & Recreation,105.0,115.0,104.0,4
2020-03-05,Idaho,Kootenai County,Nightlife Spots,76.0,72.0,76.0,5
2020-03-05,Idaho,Kootenai County,Gas Stations,95.0,108.0,94.0,6
2020-03-05,Idaho,Kootenai County,Big Box Stores,108.0,137.0,106.0,7
2020-03-05,Idaho,Kootenai County,Medical,53.0,42.0,54.0,8
2020-03-05,Idaho,Kootenai County,Fast Food Restaurants,106.0,"",106.0,9
2020-03-05,Idaho,Kootenai County,School,50.0,"",50.0,10
2020-03-05,Idaho,Ada County,Food,88.0,81.0,88.0,1
2020-03-05,Idaho,Ada County,Shops & Services,25.0,23.0,25.0,2
2020-03-05,Idaho,Ada County,Grocery,99.0,90.0,100.0,3
2020-03-05,Idaho,Ada County,Nightlife Spots,73.0,95.0,72.0,4
2020-03-05,Idaho,Ada County,Medical,57.0,48.0,58.0,5
2020-03-05,Idaho,Ada County,Outdoors & Recreation,37.0,33.0,37.0,6
2020-03-05,Idaho,Ada County,Gas Stations,107.0,99.0,107.0,7
2020-03-05,Idaho,Ada County,School,53.0,52.0,53.0,8
2020-03-05,Idaho,Ada County,Fast Food Restaurants,96.0,96.0,96.0,9
2020-03-05,Idaho,Ada County,Office,83.0,"",83.0,10
2020-03-05,Idaho,Ada County,Colleges & Universities,49.0,"",49.0,11
2020-03-05,Idaho,Ada County,Airport,52.0,"",52.0,12
2020-03-05,Idaho,Ada County,Arts & Entertainment,90.0,"",90.0,13
2020-03-05,Idaho,Ada County,Big Box Stores,106.0,"",106.0,14
2020-03-05,Idaho,Ada County,Professional & Other Places,93.0,"",93.0,15
2020-03-05,Idaho,Ada County,Hotel,87.0,"",86.0,16
2020-03-05,Idaho,Ada County,Fitness Center,67.0,"",67.0,17
2020-03-05,Idaho,Ada County,Hardware Stores,109.0,"",110.0,18
2020-03-05,Idaho,Ada County,Sports,33.0,48.0,32.0,19
2020-03-05,Idaho,Ada County,Residences,123.0,"",123.0,20
2020-03-05,Idaho,Ada County,Government,70.0,"",71.0,21
2020-03-05,Idaho,Bonneville County,Shops & Services,31.0,31.0,31.0,1
2020-03-05,Idaho,Bonneville County,Food,42.0,44.0,42.0,2
2020-03-05,Idaho,Bonneville County,Gas Stations,107.0,"",108.0,3
2020-03-05,Idaho,Bonneville County,Grocery,108.0,"",107.0,4
2020-03-05,Idaho,Bonneville County,Big Box Stores,97.0,"",98.0,5
2020-03-05,Idaho,Bonneville County,School,54.0,"",54.0,6
2020-03-05,Idaho,Bonneville County,Medical,53.0,"",53.0,7
2020-03-05,Idaho,Bonneville County,Fast Food Restaurants,100.0,"",100.0,8
2020-03-05,Idaho,Bonneville County,Outdoors & Recreation,107.0,"",106.0,9
2020-03-05,Idaho,Nez Perce County,Shops & Services,109.0,"",109.0,1
2020-03-05,Idaho,Nez Perce County,Food,47.0,"",49.0,2
2020-03-06,Idaho,Kootenai County,Food,44.0,45.0,44.0,1
2020-03-06,Idaho,Kootenai County,Shops & Services,107.0,126.0,106.0,2
2020-03-06,Idaho,Kootenai County,Grocery,98.0,99.0,98.0,3
2020-03-06,Idaho,Kootenai County,Outdoors & Recreation,35.0,28.0,36.0,4
2020-03-06,Idaho,Kootenai County,Gas Stations,91.0,86.0,91.0,5
2020-03-06,Idaho,Kootenai County,Nightlife Spots,75.0,68.0,75.0,6
2020-03-06,Idaho,Kootenai County,Big Box Stores,99.0,95.0,99.0,7
2020-03-06,Idaho,Kootenai County,Medical,45.0,46.0,45.0,8
2020-03-06,Idaho,Kootenai County,Fast Food Restaurants,98.0,"",99.0,9
2020-03-06,Idaho,Kootenai County,School,44.0,"",45.0,10
2020-03-06,Idaho,Kootenai County,Arts & Entertainment,113.0,"",115.0,11
2020-03-06,Idaho,Minidoka County,Food,121.0,"",124.0,1
2020-03-06,Idaho,Nez Perce County,Shops & Services,112.0,143.0,110.0,1
2020-03-06,Idaho,Nez Perce County,Food,49.0,"",49.0,2
2020-03-06,Idaho,Bonner County,Food,49.0,"",49.0,1
2020-03-06,Idaho,Canyon County,Food,39.0,40.0,39.0,1
2020-03-06,Idaho,Canyon County,Shops & Services,21.0,23.0,21.0,2
2020-03-06,Idaho,Canyon County,Gas Stations,106.0,106.0,106.0,3
2020-03-06,Idaho,Canyon County,Grocery,108.0,86.0,110.0,4
2020-03-06,Idaho,Canyon County,School,58.0,"",58.0,5
2020-03-06,Idaho,Canyon County,Big Box Stores,96.0,"",96.0,6
2020-03-06,Idaho,Canyon County,Fast Food Restaurants,103.0,"",102.0,7
2020-03-06,Idaho,Canyon County,Medical,49.0,58.0,49.0,8
2020-03-06,Idaho,Canyon County,Outdoors & Recreation,40.0,"",40.0,9
2020-03-06,Idaho,Canyon County,Hardware Stores,136.0,"",134.0,10
2020-03-06,Idaho,Canyon County,Arts & Entertainment,112.0,"",113.0,11
2020-03-06,Idaho,Canyon County,Professional & Other Places,12.0,"",12.0,12
2020-03-06,Idaho,Bonneville County,Shops & Services,27.0,24.0,27.0,1
2020-03-06,Idaho,Bonneville County,Food,39.0,37.0,39.0,2
2020-03-06,Idaho,Bonneville County,Gas Stations,83.0,"",83.0,3
2020-03-06,Idaho,Bonneville County,Fast Food Restaurants,118.0,"",116.0,4
2020-03-06,Idaho,Bonneville County,Big Box Stores,94.0,"",95.0,5
2020-03-06,Idaho,Bonneville County,Grocery,89.0,"",90.0,6
2020-03-06,Idaho,Bonneville County,Medical,56.0,"",55.0,7
2020-03-06,Idaho,Bonneville County,School,45.0,"",45.0,8
2020-03-06,Idaho,Jerome County,Gas Stations,108.0,"",108.0,1
2020-03-06,Idaho,Twin Falls County,Food,40.0,40.0,40.0,1
2020-03-06,Idaho,Twin Falls County,Shops & Services,26.0,20.0,26.0,2
2020-03-06,Idaho,Twin Falls County,Grocery,89.0,"",90.0,3
2020-03-06,Idaho,Twin Falls County,Gas Stations,96.0,"",96.0,4
2020-03-06,Idaho,Ada County,Food,42.0,44.0,42.0,1
2020-03-06,Idaho,Ada County,Shops & Services,26.0,26.0,26.0,2
2020-03-06,Idaho,Ada County,Grocery,93.0,83.0,93.0,3
2020-03-06,Idaho,Ada County,Nightlife Spots,72.0,51.0,73.0,4
2020-03-06,Idaho,Ada County,Outdoors & Recreation,39.0,45.0,39.0,5
2020-03-06,Idaho,Ada County,Gas Stations,101.0,112.0,100.0,6
2020-03-06,Idaho,Ada County,Medical,54.0,54.0,54.0,7
2020-03-06,Idaho,Ada County,School,56.0,49.0,56.0,8
2020-03-06,Idaho,Ada County,Fast Food Restaurants,99.0,112.0,98.0,9
2020-03-06,Idaho,Ada County,Arts & Entertainment,99.0,"",99.0,10
2020-03-06,Idaho,Ada County,Colleges & Universities,57.0,"",57.0,11
2020-03-06,Idaho,Ada County,Big Box Stores,104.0,117.0,103.0,12
2020-03-06,Idaho,Ada County,Airport,64.0,"",64.0,13
2020-03-06,Idaho,Ada County,Office,85.0,"",85.0,14
2020-03-06,Idaho,Ada County,Professional & Other Places,98.0,105.0,97.0,15
2020-03-06,Idaho,Ada County,Hotel,90.0,"",91.0,16
2020-03-06,Idaho,Ada County,Sports,39.0,55.0,38.0,17
2020-03-06,Idaho,Ada County,Fitness Center,64.0,"",64.0,18
2020-03-06,Idaho,Ada County,Hardware Stores,107.0,"",107.0,19
2020-03-06,Idaho,Ada County,Residences,108.0,"",109.0,20
2020-03-06,Idaho,Ada County,Government,79.0,"",79.0,21
2020-03-06,Idaho,Madison County,Colleges & Universities,96.0,"",96.0,1
2020-03-06,Idaho,Bannock County,Shops & Services,28.0,27.0,28.0,1
2020-03-06,Idaho,Bannock County,Food,39.0,43.0,39.0,2
2020-03-06,Idaho,Bannock County,Gas Stations,87.0,"",87.0,3
2020-03-06,Idaho,Bannock County,Grocery,94.0,"",93.0,4
2020-03-07,Idaho,Minidoka County,Food,114.0,"",115.0,1
2020-03-07,Idaho,Blaine County,Food,97.0,"",95.0,1
2020-03-07,Idaho,Latah County,Food,105.0,"",105.0,1
2020-03-07,Idaho,Bonneville County,Shops & Services,29.0,36.0,29.0,1
2020-03-07,Idaho,Bonneville County,Food,40.0,39.0,41.0,2
2020-03-07,Idaho,Bonneville County,Gas Stations,107.0,"",108.0,3
2020-03-07,Idaho,Bonneville County,Big Box Stores,97.0,"",97.0,4
2020-03-07,Idaho,Bonneville County,Grocery,96.0,"",95.0,5
2020-03-07,Idaho,Bonneville County,Fast Food Restaurants,80.0,"",80.0,6
2020-03-07,Idaho,Bonneville County,Nightlife Spots,96.0,"",96.0,7
2020-03-07,Idaho,Bonneville County,Outdoors & Recreation,109.0,"",107.0,8
2020-03-07,Idaho,Nez Perce County,Shops & Services,90.0,"",88.0,1
2020-03-07,Idaho,Nez Perce County,Food,83.0,"",83.0,2
2020-03-07,Idaho,Jerome County,Gas Stations,125.0,"",126.0,1
2020-03-07,Idaho,Twin Falls County,Shops & Services,30.0,25.0,30.0,1
2020-03-07,Idaho,Twin Falls County,Food,45.0,"",46.0,2
2020-03-07,Idaho,Twin Falls County,Grocery,100.0,"",100.0,3
2020-03-07,Idaho,Twin Falls County,Fast Food Restaurants,116.0,"",118.0,4
2020-03-07,Idaho,Twin Falls County,Big Box Stores,106.0,"",106.0,5
2020-03-07,Idaho,Canyon County,Food,41.0,42.0,41.0,1
2020-03-07,Idaho,Canyon County,Shops & Services,23.0,25.0,23.0,2
2020-03-07,Idaho,Canyon County,Grocery,112.0,112.0,112.0,3
2020-03-07,Idaho,Canyon County,Gas Stations,97.0,"",98.0,4
2020-03-07,Idaho,Canyon County,Big Box Stores,101.0,"",101.0,5
2020-03-07,Idaho,Canyon County,School,63.0,"",63.0,6
2020-03-07,Idaho,Canyon County,Fast Food Restaurants,110.0,"",110.0,7
2020-03-07,Idaho,Canyon County,Outdoors & Recreation,41.0,"",41.0,8
2020-03-07,Idaho,Canyon County,Arts & Entertainment,125.0,"",124.0,9
2020-03-07,Idaho,Canyon County,Hardware Stores,91.0,"",92.0,10
2020-03-07,Idaho,Bannock County,Shops & Services,67.0,48.0,68.0,1
2020-03-07,Idaho,Bannock County,Food,43.0,47.0,43.0,2
2020-03-07,Idaho,Bannock County,Grocery,98.0,"",97.0,3
2020-03-07,Idaho,Bannock County,Gas Stations,105.0,"",104.0,4
2020-03-07,Idaho,Elmore County,Gas Stations,140.0,"",141.0,1
2020-03-07,Idaho,Ada County,Food,83.0,80.0,83.0,1
2020-03-07,Idaho,Ada County,Shops & Services,60.0,45.0,60.0,2
2020-03-07,Idaho,Ada County,Grocery,101.0,102.0,101.0,3
2020-03-07,Idaho,Ada County,Nightlife Spots,76.0,67.0,77.0,4
2020-03-07,Idaho,Ada County,Outdoors & Recreation,38.0,39.0,38.0,5
2020-03-07,Idaho,Ada County,Arts & Entertainment,102.0,104.0,102.0,6
2020-03-07,Idaho,Ada County,Fast Food Restaurants,96.0,104.0,96.0,7
2020-03-07,Idaho,Ada County,Gas Stations,89.0,79.0,90.0,8
2020-03-07,Idaho,Ada County,School,75.0,84.0,75.0,9
2020-03-07,Idaho,Ada County,Big Box Stores,97.0,"",97.0,10
2020-03-07,Idaho,Ada County,Airport,63.0,"",64.0,11
2020-03-07,Idaho,Ada County,Hotel,100.0,"",101.0,12
2020-03-07,Idaho,Ada County,Professional & Other Places,101.0,"",102.0,13
2020-03-07,Idaho,Ada County,Colleges & Universities,63.0,"",63.0,14
2020-03-07,Idaho,Ada County,Medical,46.0,"",46.0,14
2020-03-07,Idaho,Ada County,Hardware Stores,93.0,"",93.0,15
2020-03-07,Idaho,Ada County,Fitness Center,68.0,"",67.0,16
2020-03-07,Idaho,Ada County,Sports,37.0,"",37.0,16
2020-03-07,Idaho,Ada County,Residences,102.0,"",100.0,17
2020-03-07,Idaho,Ada County,Drug Store,113.0,"",113.0,18
2020-03-07,Idaho,Kootenai County,Food,42.0,37.0,42.0,1
2020-03-07,Idaho,Kootenai County,Shops & Services,88.0,95.0,87.0,2
2020-03-07,Idaho,Kootenai County,Grocery,89.0,93.0,89.0,3
2020-03-07,Idaho,Kootenai County,Big Box Stores,93.0,102.0,93.0,4
2020-03-07,Idaho,Kootenai County,Outdoors & Recreation,32.0,30.0,32.0,5
2020-03-07,Idaho,Kootenai County,Nightlife Spots,69.0,59.0,69.0,6
2020-03-07,Idaho,Kootenai County,Gas Stations,86.0,"",86.0,7
2020-03-07,Idaho,Kootenai County,Fast Food Restaurants,104.0,"",104.0,8
2020-03-07,Idaho,Kootenai County,Arts & Entertainment,89.0,"",89.0,9
2020-03-07,Idaho,Kootenai County,Hardware Stores,114.0,"",112.0,10
2020-03-08,Idaho,Madison County,Colleges & Universities,107.0,"",107.0,1
2020-03-08,Idaho,Twin Falls County,Food,44.0,"",44.0,1
2020-03-08,Idaho,Twin Falls County,Shops & Services,30.0,"",30.0,2
2020-03-08,Idaho,Twin Falls County,Grocery,115.0,"",115.0,3
2020-03-08,Idaho,Jerome County,Gas Stations,132.0,"",133.0,1
2020-03-08,Idaho,Bannock County,Shops & Services,23.0,"",23.0,1
2020-03-08,Idaho,Bannock County,Food,44.0,"",45.0,2
2020-03-08,Idaho,Bannock County,Grocery,105.0,"",106.0,3
2020-03-08,Idaho,Bannock County,Gas Stations,100.0,"",101.0,4
2020-03-08,Idaho,Ada County,Food,92.0,102.0,91.0,1
2020-03-08,Idaho,Ada County,Shops & Services,58.0,50.0,59.0,2
2020-03-08,Idaho,Ada County,Grocery,100.0,97.0,100.0,3
2020-03-08,Idaho,Ada County,Nightlife Spots,66.0,56.0,66.0,4
2020-03-08,Idaho,Ada County,Outdoors & Recreation,46.0,40.0,46.0,5
2020-03-08,Idaho,Ada County,Arts & Entertainment,103.0,"",103.0,6
2020-03-08,Idaho,Ada County,Gas Stations,104.0,129.0,103.0,7
2020-03-08,Idaho,Ada County,Fast Food Restaurants,104.0,"",105.0,8
2020-03-08,Idaho,Ada County,Big Box Stores,116.0,"",117.0,9
2020-03-08,Idaho,Ada County,Airport,64.0,81.0,64.0,10
2020-03-08,Idaho,Ada County,School,52.0,"",52.0,11
2020-03-08,Idaho,Ada County,Hardware Stores,127.0,"",126.0,12
2020-03-08,Idaho,Ada County,Hotel,98.0,"",99.0,13
2020-03-08,Idaho,Ada County,Medical,46.0,"",46.0,14
2020-03-08,Idaho,Ada County,Professional & Other Places,111.0,"",111.0,15
2020-03-08,Idaho,Ada County,Sports,40.0,"",40.0,16
2020-03-08,Idaho,Ada County,Colleges & Universities,41.0,"",41.0,17
2020-03-08,Idaho,Ada County,Fitness Center,72.0,"",72.0,18
2020-03-08,Idaho,Ada County,Residences,108.0,"",107.0,19
2020-03-08,Idaho,Bonner County,Food,47.0,"",48.0,1
2020-03-08,Idaho,Kootenai County,Food,45.0,45.0,45.0,1
2020-03-08,Idaho,Kootenai County,Shops & Services,96.0,86.0,97.0,2
2020-03-08,Idaho,Kootenai County,Grocery,92.0,87.0,92.0,3
2020-03-08,Idaho,Kootenai County,Big Box Stores,109.0,"",112.0,4
2020-03-08,Idaho,Kootenai County,Outdoors & Recreation,35.0,31.0,36.0,5
2020-03-08,Idaho,Kootenai County,Nightlife Spots,76.0,"",77.0,6
2020-03-08,Idaho,Kootenai County,Gas Stations,104.0,"",104.0,6
2020-03-08,Idaho,Kootenai County,Fast Food Restaurants,113.0,"",115.0,7
2020-03-08,Idaho,Kootenai County,Arts & Entertainment,111.0,"",112.0,8
2020-03-08,Idaho,Canyon County,Food,45.0,40.0,45.0,1
2020-03-08,Idaho,Canyon County,Shops & Services,63.0,45.0,63.0,2
2020-03-08,Idaho,Canyon County,Grocery,94.0,86.0,94.0,3
2020-03-08,Idaho,Canyon County,Big Box Stores,108.0,"",108.0,4
2020-03-08,Idaho,Canyon County,Gas Stations,100.0,"",100.0,5
2020-03-08,Idaho,Canyon County,Outdoors & Recreation,111.0,"",111.0,6
2020-03-08,Idaho,Canyon County,School,64.0,"",65.0,7
2020-03-08,Idaho,Canyon County,Fast Food Restaurants,103.0,"",103.0,8
2020-03-08,Idaho,Canyon County,Arts & Entertainment,114.0,"",115.0,9
2020-03-08,Idaho,Canyon County,Hardware Stores,105.0,"",107.0,10
2020-03-08,Idaho,Bonneville County,Shops & Services,24.0,"",24.0,1
2020-03-08,Idaho,Bonneville County,Food,106.0,117.0,105.0,2
2020-03-08,Idaho,Bonneville County,Big Box Stores,108.0,"",108.0,3
2020-03-08,Idaho,Bonneville County,Grocery,90.0,"",90.0,4
2020-03-08,Idaho,Bonneville County,Gas Stations,89.0,"",90.0,5
2020-03-09,Idaho,Bonneville County,Shops & Services,29.0,29.0,29.0,1
2020-03-09,Idaho,Bonneville County,Food,94.0,90.0,94.0,2
2020-03-09,Idaho,Bonneville County,Gas Stations,104.0,"",104.0,3
2020-03-09,Idaho,Bonneville County,Grocery,108.0,"",106.0,4
2020-03-09,Idaho,Bonneville County,Big Box Stores,96.0,"",95.0,5
2020-03-09,Idaho,Bonneville County,Medical,56.0,"",56.0,6
2020-03-09,Idaho,Bonneville County,School,68.0,"",68.0,7
2020-03-09,Idaho,Bonneville County,Fast Food Restaurants,100.0,"",98.0,8
2020-03-09,Idaho,Canyon County,Shops & Services,22.0,21.0,22.0,1
2020-03-09,Idaho,Canyon County,Food,35.0,32.0,35.0,2
2020-03-09,Idaho,Canyon County,Gas Stations,108.0,"",109.0,3
2020-03-09,Idaho,Canyon County,Grocery,98.0,81.0,99.0,4
2020-03-09,Idaho,Canyon County,Big Box Stores,103.0,"",104.0,5
2020-03-09,Idaho,Canyon County,Medical,59.0,"",60.0,6
2020-03-09,Idaho,Canyon County,School,60.0,"",60.0,7
2020-03-09,Idaho,Canyon County,Outdoors & Recreation,38.0,"",39.0,8
2020-03-09,Idaho,Canyon County,Fast Food Restaurants,97.0,"",98.0,9
2020-03-09,Idaho,Canyon County,Hardware Stores,131.0,"",131.0,10
2020-03-09,Idaho,Canyon County,Arts & Entertainment,109.0,"",107.0,11
2020-03-09,Idaho,Madison County,Colleges & Universities,93.0,"",93.0,1
2020-03-09,Idaho,Twin Falls County,Food,47.0,46.0,47.0,1
2020-03-09,Idaho,Twin Falls County,Shops & Services,30.0,29.0,30.0,2
2020-03-09,Idaho,Twin Falls County,Grocery,112.0,"",112.0,3
2020-03-09,Idaho,Kootenai County,Food,45.0,48.0,45.0,1
2020-03-09,Idaho,Kootenai County,Shops & Services,94.0,90.0,94.0,2
2020-03-09,Idaho,Kootenai County,Grocery,96.0,92.0,96.0,3
2020-03-09,Idaho,Kootenai County,Outdoors & Recreation,101.0,87.0,103.0,4
2020-03-09,Idaho,Kootenai County,Gas Stations,104.0,122.0,103.0,5
2020-03-09,Idaho,Kootenai County,Big Box Stores,106.0,99.0,107.0,6
2020-03-09,Idaho,Kootenai County,Nightlife Spots,78.0,86.0,77.0,7
2020-03-09,Idaho,Kootenai County,Medical,46.0,46.0,46.0,8
2020-03-09,Idaho,Kootenai County,School,64.0,"",64.0,9
2020-03-09,Idaho,Kootenai County,Fast Food Restaurants,90.0,"",91.0,10
2020-03-09,Idaho,Bannock County,Shops & Services,28.0,24.0,28.0,1
2020-03-09,Idaho,Bannock County,Food,41.0,"",42.0,2
2020-03-09,Idaho,Bannock County,Gas Stations,127.0,"",128.0,3
2020-03-09,Idaho,Bannock County,Grocery,125.0,"",128.0,4
2020-03-09,Idaho,Ada County,Food,41.0,43.0,40.0,1
2020-03-09,Idaho,Ada County,Shops & Services,25.0,23.0,25.0,2
2020-03-09,Idaho,Ada County,Grocery,108.0,112.0,108.0,3
2020-03-09,Idaho,Ada County,Medical,57.0,56.0,57.0,4
2020-03-09,Idaho,Ada County,Outdoors & Recreation,39.0,35.0,39.0,5
2020-03-09,Idaho,Ada County,Nightlife Spots,72.0,70.0,72.0,6
2020-03-09,Idaho,Ada County,Gas Stations,98.0,106.0,98.0,7
2020-03-09,Idaho,Ada County,School,65.0,75.0,64.0,8
2020-03-09,Idaho,Ada County,Fast Food Restaurants,94.0,"",95.0,9
2020-03-09,Idaho,Ada County,Airport,55.0,106.0,53.0,10
2020-03-09,Idaho,Ada County,Office,83.0,"",83.0,11
2020-03-09,Idaho,Ada County,Professional & Other Places,12.0,"",12.0,12
2020-03-09,Idaho,Ada County,Arts & Entertainment,93.0,"",93.0,13
2020-03-09,Idaho,Ada County,Big Box Stores,105.0,"",107.0,14
2020-03-09,Idaho,Ada County,Colleges & Universities,51.0,"",51.0,15
2020-03-09,Idaho,Ada County,Fitness Center,80.0,"",79.0,16
2020-03-09,Idaho,Ada County,Hotel,98.0,"",99.0,17
2020-03-09,Idaho,Ada County,Hardware Stores,107.0,135.0,105.0,18
2020-03-09,Idaho,Ada County,Residences,120.0,"",122.0,19
2020-03-09,Idaho,Ada County,Sports,36.0,"",35.0,20
2020-03-09,Idaho,Ada County,Government,66.0,"",66.0,21
2020-03-10,Idaho,Nez Perce County,Shops & Services,105.0,"",107.0,1
2020-03-10,Idaho,Nez Perce County,Food,52.0,"",52.0,2
2020-03-10,Idaho,Bannock County,Shops & Services,25.0,20.0,25.0,1
2020-03-10,Idaho,Bannock County,Food,38.0,"",39.0,2
2020-03-10,Idaho,Bannock County,Gas Stations,118.0,"",119.0,3
2020-03-10,Idaho,Bannock County,Grocery,116.0,"",118.0,4
2020-03-10,Idaho,Bonner County,Food,46.0,"",46.0,1
2020-03-10,Idaho,Kootenai County,Food,45.0,41.0,45.0,1
2020-03-10,Idaho,Kootenai County,Shops & Services,97.0,92.0,97.0,2
2020-03-10,Idaho,Kootenai County,Grocery,93.0,102.0,92.0,3
2020-03-10,Idaho,Kootenai County,Outdoors & Recreation,113.0,123.0,112.0,4
2020-03-10,Idaho,Kootenai County,Gas Stations,96.0,83.0,97.0,5
2020-03-10,Idaho,Kootenai County,Nightlife Spots,80.0,63.0,82.0,6
2020-03-10,Idaho,Kootenai County,Big Box Stores,97.0,101.0,97.0,7
2020-03-10,Idaho,Kootenai County,Medical,42.0,36.0,42.0,8
2020-03-10,Idaho,Kootenai County,School,53.0,"",53.0,9
2020-03-10,Idaho,Kootenai County,Fast Food Restaurants,91.0,"",94.0,10
2020-03-10,Idaho,Ada County,Food,43.0,40.0,43.0,1
2020-03-10,Idaho,Ada County,Shops & Services,25.0,22.0,25.0,2
2020-03-10,Idaho,Ada County,Grocery,107.0,101.0,107.0,3
2020-03-10,Idaho,Ada County,Outdoors & Recreation,42.0,40.0,42.0,4
2020-03-10,Idaho,Ada County,Medical,56.0,55.0,56.0,5
2020-03-10,Idaho,Ada County,Nightlife Spots,69.0,72.0,69.0,6
2020-03-10,Idaho,Ada County,School,62.0,83.0,62.0,7
2020-03-10,Idaho,Ada County,Gas Stations,101.0,118.0,101.0,8
2020-03-10,Idaho,Ada County,Fast Food Restaurants,107.0,109.0,107.0,9
2020-03-10,Idaho,Ada County,Office,80.0,"",79.0,10
2020-03-10,Idaho,Ada County,Colleges & Universities,48.0,"",49.0,11
2020-03-10,Idaho,Ada County,Professional & Other Places,11.0,"",11.0,12
2020-03-10,Idaho,Ada County,Arts & Entertainment,91.0,"",91.0,13
2020-03-10,Idaho,Ada County,Big Box Stores,97.0,"",98.0,14
2020-03-10,Idaho,Ada County,Fitness Center,72.0,"",73.0,14
2020-03-10,Idaho,Ada County,Airport,51.0,"",51.0,15
2020-03-10,Idaho,Ada County,Hotel,99.0,"",99.0,16
2020-03-10,Idaho,Ada County,Hardware Stores,112.0,"",112.0,17
2020-03-10,Idaho,Ada County,Government,78.0,"",78.0,18
2020-03-10,Idaho,Ada County,Sports,32.0,"",32.0,19
2020-03-10,Idaho,Ada County,Residences,132.0,"",133.0,20
2020-03-10,Idaho,Twin Falls County,Food,49.0,48.0,49.0,1
2020-03-10,Idaho,Twin Falls County,Shops & Services,28.0,23.0,28.0,2
2020-03-10,Idaho,Twin Falls County,Grocery,121.0,"",120.0,3
2020-03-10,Idaho,Twin Falls County,Gas Stations,105.0,"",105.0,4
2020-03-10,Idaho,Bonneville County,Shops & Services,29.0,32.0,29.0,1
2020-03-10,Idaho,Bonneville County,Food,40.0,45.0,39.0,2
2020-03-10,Idaho,Bonneville County,Gas Stations,97.0,"",97.0,3
2020-03-10,Idaho,Bonneville County,Grocery,103.0,"",103.0,4
2020-03-10,Idaho,Bonneville County,School,54.0,"",53.0,5
2020-03-10,Idaho,Bonneville County,Big Box Stores,99.0,"",97.0,6
2020-03-10,Idaho,Bonneville County,Fast Food Restaurants,100.0,"",101.0,7
2020-03-10,Idaho,Bonneville County,Medical,46.0,"",47.0,8
2020-03-10,Idaho,Canyon County,Shops & Services,24.0,19.0,24.0,1
2020-03-10,Idaho,Canyon County,Food,42.0,42.0,42.0,2
2020-03-10,Idaho,Canyon County,School,65.0,74.0,65.0,3
2020-03-10,Idaho,Canyon County,Gas Stations,96.0,79.0,97.0,4
2020-03-10,Idaho,Canyon County,Grocery,104.0,82.0,106.0,5
2020-03-10,Idaho,Canyon County,Medical,62.0,52.0,62.0,6
2020-03-10,Idaho,Canyon County,Big Box Stores,94.0,"",94.0,7
2020-03-10,Idaho,Canyon County,Outdoors & Recreation,38.0,"",38.0,8
2020-03-10,Idaho,Canyon County,Fast Food Restaurants,100.0,"",101.0,9
2020-03-10,Idaho,Canyon County,Arts & Entertainment,87.0,"",87.0,10
2020-03-10,Idaho,Madison County,Colleges & Universities,77.0,"",77.0,1
2020-03-11,Idaho,Ada County,Food,88.0,85.0,88.0,1
2020-03-11,Idaho,Ada County,Shops & Services,64.0,65.0,64.0,2
2020-03-11,Idaho,Ada County,Grocery,106.0,100.0,106.0,3
2020-03-11,Idaho,Ada County,Outdoors & Recreation,38.0,35.0,38.0,4
2020-03-11,Idaho,Ada County,Nightlife Spots,71.0,73.0,71.0,4
2020-03-11,Idaho,Ada County,Medical,53.0,45.0,54.0,5
2020-03-11,Idaho,Ada County,School,53.0,58.0,53.0,6
2020-03-11,Idaho,Ada County,Gas Stations,100.0,83.0,100.0,7
2020-03-11,Idaho,Ada County,Fast Food Restaurants,96.0,95.0,96.0,8
2020-03-11,Idaho,Ada County,Colleges & Universities,43.0,"",44.0,9
2020-03-11,Idaho,Ada County,Office,79.0,"",79.0,10
2020-03-11,Idaho,Ada County,Airport,66.0,"",67.0,11
2020-03-11,Idaho,Ada County,Professional & Other Places,10.0,"",10.0,12
2020-03-11,Idaho,Ada County,Arts & Entertainment,86.0,"",85.0,13
2020-03-11,Idaho,Ada County,Hotel,99.0,"",101.0,14
2020-03-11,Idaho,Ada County,Big Box Stores,106.0,"",107.0,15
2020-03-11,Idaho,Ada County,Fitness Center,65.0,"",64.0,16
2020-03-11,Idaho,Ada County,Hardware Stores,129.0,126.0,129.0,17
2020-03-11,Idaho,Ada County,Sports,37.0,43.0,37.0,18
2020-03-11,Idaho,Ada County,Residences,120.0,"",122.0,19
2020-03-11,Idaho,Kootenai County,Food,44.0,44.0,45.0,1
2020-03-11,Idaho,Kootenai County,Shops & Services,105.0,113.0,105.0,2
2020-03-11,Idaho,Kootenai County,Grocery,91.0,95.0,91.0,3
2020-03-11,Idaho,Kootenai County,Outdoors & Recreation,40.0,34.0,40.0,4
2020-03-11,Idaho,Kootenai County,Gas Stations,84.0,73.0,85.0,5
2020-03-11,Idaho,Kootenai County,Nightlife Spots,73.0,68.0,74.0,6
2020-03-11,Idaho,Kootenai County,Big Box Stores,105.0,113.0,105.0,7
2020-03-11,Idaho,Kootenai County,Medical,44.0,41.0,44.0,8
2020-03-11,Idaho,Kootenai County,School,54.0,"",53.0,9
2020-03-11,Idaho,Kootenai County,Fast Food Restaurants,106.0,107.0,106.0,10
2020-03-11,Idaho,Nez Perce County,Food,122.0,"",124.0,1
2020-03-11,Idaho,Nez Perce County,Shops & Services,119.0,"",120.0,1
2020-03-11,Idaho,Bonner County,Food,50.0,"",51.0,1
2020-03-11,Idaho,Twin Falls County,Food,46.0,43.0,46.0,1
2020-03-11,Idaho,Twin Falls County,Shops & Services,28.0,33.0,27.0,2
2020-03-11,Idaho,Twin Falls County,Grocery,102.0,"",103.0,3
2020-03-11,Idaho,Twin Falls County,Gas Stations,120.0,"",119.0,4
2020-03-11,Idaho,Twin Falls County,School,69.0,"",69.0,5
2020-03-11,Idaho,Canyon County,Food,43.0,40.0,44.0,1
2020-03-11,Idaho,Canyon County,Shops & Services,23.0,26.0,23.0,2
2020-03-11,Idaho,Canyon County,Grocery,113.0,105.0,113.0,3
2020-03-11,Idaho,Canyon County,Gas Stations,100.0,"",101.0,4
2020-03-11,Idaho,Canyon County,School,56.0,"",56.0,5
2020-03-11,Idaho,Canyon County,Medical,57.0,"",57.0,6
2020-03-11,Idaho,Canyon County,Fast Food Restaurants,103.0,"",104.0,7
2020-03-11,Idaho,Canyon County,Big Box Stores,95.0,"",95.0,8
2020-03-11,Idaho,Canyon County,Outdoors & Recreation,35.0,"",36.0,9
2020-03-11,Idaho,Canyon County,Arts & Entertainment,119.0,"",123.0,10
2020-03-11,Idaho,Canyon County,Professional & Other Places,13.0,"",13.0,11
2020-03-11,Idaho,Minidoka County,Food,63.0,"",63.0,1
2020-03-11,Idaho,Bonneville County,Shops & Services,31.0,37.0,31.0,1
2020-03-11,Idaho,Bonneville County,Food,43.0,48.0,43.0,2
2020-03-11,Idaho,Bonneville County,Gas Stations,90.0,"",90.0,3
2020-03-11,Idaho,Bonneville County,Grocery,108.0,"",108.0,4
2020-03-11,Idaho,Bonneville County,Medical,52.0,"",52.0,5
2020-03-11,Idaho,Bonneville County,Big Box Stores,98.0,"",97.0,6
2020-03-11,Idaho,Bonneville County,Fast Food Restaurants,104.0,"",103.0,7
2020-03-11,Idaho,Bonneville County,School,48.0,"",48.0,8
2020-03-11,Idaho,Bannock County,Shops & Services,26.0,31.0,26.0,1
2020-03-11,Idaho,Bannock County,Food,40.0,44.0,40.0,2
2020-03-11,Idaho,Bannock County,Gas Stations,130.0,"",133.0,3
2020-03-11,Idaho,Bannock County,Grocery,105.0,"",105.0,4
2020-03-11,Idaho,Madison County,Colleges & Universities,82.0,"",82.0,1
2020-03-12,Idaho,Madison County,Colleges & Universities,91.0,"",91.0,1
2020-03-12,Idaho,Twin Falls County,Food,46.0,60.0,45.0,1
2020-03-12,Idaho,Twin Falls County,Shops & Services,29.0,33.0,29.0,2
2020-03-12,Idaho,Twin Falls County,Grocery,112.0,"",112.0,3
2020-03-12,Idaho,Twin Falls County,Gas Stations,127.0,"",127.0,4
2020-03-12,Idaho,Kootenai County,Food,46.0,49.0,46.0,1
2020-03-12,Idaho,Kootenai County,Shops & Services,109.0,122.0,108.0,2
2020-03-12,Idaho,Kootenai County,Grocery,111.0,105.0,111.0,3
2020-03-12,Idaho,Kootenai County,Outdoors & Recreation,106.0,100.0,106.0,4
2020-03-12,Idaho,Kootenai County,Gas Stations,95.0,111.0,94.0,5
2020-03-12,Idaho,Kootenai County,Big Box Stores,107.0,145.0,104.0,6
2020-03-12,Idaho,Kootenai County,Medical,53.0,48.0,53.0,7
2020-03-12,Idaho,Kootenai County,Nightlife Spots,66.0,64.0,66.0,8
2020-03-12,Idaho,Kootenai County,School,51.0,"",51.0,9
2020-03-12,Idaho,Kootenai County,Fast Food Restaurants,87.0,"",87.0,10
2020-03-12,Idaho,Minidoka County,Food,111.0,"",113.0,1
2020-03-12,Idaho,Nez Perce County,Shops & Services,125.0,134.0,124.0,1
2020-03-12,Idaho,Nez Perce County,Food,117.0,"",118.0,2
2020-03-12,Idaho,Bonner County,Food,51.0,"",51.0,1
2020-03-12,Idaho,Bonner County,Shops & Services,29.0,"",29.0,2
2020-03-12,Idaho,Canyon County,Food,46.0,43.0,46.0,1
2020-03-12,Idaho,Canyon County,Shops & Services,21.0,21.0,21.0,2
2020-03-12,Idaho,Canyon County,Gas Stations,101.0,"",102.0,3
2020-03-12,Idaho,Canyon County,Grocery,112.0,115.0,112.0,4
2020-03-12,Idaho,Canyon County,School,56.0,"",56.0,5
2020-03-12,Idaho,Canyon County,Fast Food Restaurants,114.0,"",115.0,6
2020-03-12,Idaho,Canyon County,Medical,54.0,"",54.0,6
2020-03-12,Idaho,Canyon County,Big Box Stores,96.0,"",97.0,7
2020-03-12,Idaho,Canyon County,Outdoors & Recreation,39.0,"",39.0,8
2020-03-12,Idaho,Canyon County,Arts & Entertainment,107.0,"",109.0,9
2020-03-12,Idaho,Canyon County,Nightlife Spots,89.0,"",88.0,10
2020-03-12,Idaho,Jerome County,Gas Stations,107.0,"",107.0,1
2020-03-12,Idaho,Bannock County,Shops & Services,25.0,32.0,24.0,1
2020-03-12,Idaho,Bannock County,Food,39.0,"",39.0,2
2020-03-12,Idaho,Bannock County,Grocery,137.0,"",137.0,3
2020-03-12,Idaho,Bannock County,Gas Stations,106.0,"",106.0,4
2020-03-12,Idaho,Ada County,Food,42.0,44.0,42.0,1
2020-03-12,Idaho,Ada County,Shops & Services,24.0,22.0,24.0,2
2020-03-12,Idaho,Ada County,Grocery,118.0,95.0,120.0,3
2020-03-12,Idaho,Ada County,Outdoors & Recreation,39.0,35.0,39.0,4
2020-03-12,Idaho,Ada County,Nightlife Spots,62.0,86.0,61.0,5
2020-03-12,Idaho,Ada County,Medical,49.0,45.0,49.0,6
2020-03-12,Idaho,Ada County,Gas Stations,99.0,93.0,99.0,7
2020-03-12,Idaho,Ada County,School,50.0,47.0,50.0,8
2020-03-12,Idaho,Ada County,Fast Food Restaurants,92.0,91.0,92.0,9
2020-03-12,Idaho,Ada County,Office,77.0,"",78.0,10
2020-03-12,Idaho,Ada County,Arts & Entertainment,91.0,"",92.0,11
2020-03-12,Idaho,Ada County,Colleges & Universities,46.0,"",46.0,12
2020-03-12,Idaho,Ada County,Airport,50.0,71.0,49.0,13
2020-03-12,Idaho,Ada County,Hotel,97.0,"",98.0,14
2020-03-12,Idaho,Ada County,Big Box Stores,103.0,"",103.0,15
2020-03-12,Idaho,Ada County,Professional & Other Places,10.0,"",10.0,16
2020-03-12,Idaho,Ada County,Fitness Center,68.0,"",68.0,17
2020-03-12,Idaho,Ada County,Sports,39.0,43.0,38.0,18
2020-03-12,Idaho,Ada County,Hardware Stores,114.0,"",115.0,19
2020-03-12,Idaho,Ada County,Residences,135.0,"",134.0,20
2020-03-12,Idaho,Ada County,Government,55.0,"",55.0,21
2020-03-12,Idaho,Bonneville County,Shops & Services,27.0,29.0,27.0,1
2020-03-12,Idaho,Bonneville County,Food,41.0,40.0,41.0,2
2020-03-12,Idaho,Bonneville County,Gas Stations,88.0,"",88.0,3
2020-03-12,Idaho,Bonneville County,Grocery,118.0,"",117.0,4
2020-03-12,Idaho,Bonneville County,School,57.0,"",57.0,5
2020-03-12,Idaho,Bonneville County,Big Box Stores,85.0,"",85.0,6
2020-03-12,Idaho,Bonneville County,Medical,47.0,"",47.0,7
2020-03-12,Idaho,Bonneville County,Fast Food Restaurants,89.0,"",89.0,8
2020-03-13,Idaho,Kootenai County,Food,45.0,35.0,46.0,1
2020-03-13,Idaho,Kootenai County,Shops & Services,115.0,106.0,116.0,2
2020-03-13,Idaho,Kootenai County,Grocery,129.0,119.0,130.0,3
2020-03-13,Idaho,Kootenai County,Big Box Stores,140.0,140.0,140.0,4
2020-03-13,Idaho,Kootenai County,Outdoors & Recreation,106.0,88.0,108.0,5
2020-03-13,Idaho,Kootenai County,Gas Stations,99.0,102.0,99.0,6
2020-03-13,Idaho,Kootenai County,Nightlife Spots,75.0,55.0,77.0,7
2020-03-13,Idaho,Kootenai County,Medical,54.0,37.0,56.0,8
2020-03-13,Idaho,Kootenai County,School,63.0,"",64.0,9
2020-03-13,Idaho,Kootenai County,Fast Food Restaurants,97.0,"",98.0,10
2020-03-13,Idaho,Kootenai County,Hardware Stores,142.0,"",149.0,11
2020-03-13,Idaho,Kootenai County,Sports,124.0,"",128.0,12
2020-03-13,Idaho,Twin Falls County,Food,103.0,88.0,104.0,1
2020-03-13,Idaho,Twin Falls County,Shops & Services,29.0,27.0,29.0,2
2020-03-13,Idaho,Twin Falls County,Grocery,140.0,135.0,141.0,3
2020-03-13,Idaho,Twin Falls County,Gas Stations,100.0,"",101.0,4
2020-03-13,Idaho,Ada County,Food,87.0,79.0,87.0,1
2020-03-13,Idaho,Ada County,Shops & Services,25.0,23.0,25.0,2
2020-03-13,Idaho,Ada County,Grocery,128.0,117.0,128.0,3
2020-03-13,Idaho,Ada County,Nightlife Spots,65.0,60.0,65.0,4
2020-03-13,Idaho,Ada County,Outdoors & Recreation,36.0,32.0,36.0,5
2020-03-13,Idaho,Ada County,Medical,54.0,45.0,55.0,6
2020-03-13,Idaho,Ada County,Gas Stations,97.0,89.0,97.0,7
2020-03-13,Idaho,Ada County,School,54.0,46.0,55.0,8
2020-03-13,Idaho,Ada County,Fast Food Restaurants,96.0,84.0,96.0,9
2020-03-13,Idaho,Ada County,Big Box Stores,107.0,"",107.0,10
2020-03-13,Idaho,Ada County,Airport,66.0,103.0,65.0,11
2020-03-13,Idaho,Ada County,Arts & Entertainment,44.0,"",44.0,12
2020-03-13,Idaho,Ada County,Office,76.0,"",76.0,13
2020-03-13,Idaho,Ada County,Professional & Other Places,10.0,13.0,10.0,14
2020-03-13,Idaho,Ada County,Colleges & Universities,44.0,"",43.0,15
2020-03-13,Idaho,Ada County,Sports,40.0,51.0,40.0,16
2020-03-13,Idaho,Ada County,Hotel,83.0,"",83.0,16
2020-03-13,Idaho,Ada County,Fitness Center,68.0,"",68.0,17
2020-03-13,Idaho,Ada County,Hardware Stores,123.0,"",122.0,18
2020-03-13,Idaho,Ada County,Residences,108.0,"",109.0,19
2020-03-13,Idaho,Ada County,Drug Store,129.0,"",128.0,20
2020-03-13,Idaho,Ada County,Government,65.0,"",66.0,21
2020-03-13,Idaho,Bingham County,Shops & Services,137.0,"",139.0,1
2020-03-13,Idaho,Bannock County,Shops & Services,26.0,23.0,27.0,1
2020-03-13,Idaho,Bannock County,Food,42.0,"",43.0,2
2020-03-13,Idaho,Bannock County,Grocery,144.0,"",146.0,3
2020-03-13,Idaho,Bannock County,Gas Stations,105.0,"",107.0,4
2020-03-13,Idaho,Bannock County,Outdoors & Recreation,132.0,"",128.0,5
2020-03-13,Idaho,Bonner County,Food,48.0,"",48.0,1
2020-03-13,Idaho,Bonner County,Shops & Services,26.0,"",26.0,2
2020-03-13,Idaho,Bonneville County,Shops & Services,32.0,31.0,32.0,1
2020-03-13,Idaho,Bonneville County,Food,42.0,34.0,42.0,2
2020-03-13,Idaho,Bonneville County,Grocery,164.0,"",166.0,3
2020-03-13,Idaho,Bonneville County,Gas Stations,98.0,"",98.0,4
2020-03-13,Idaho,Bonneville County,Big Box Stores,122.0,"",121.0,5
2020-03-13,Idaho,Bonneville County,Fast Food Restaurants,113.0,"",114.0,6
2020-03-13,Idaho,Bonneville County,Medical,56.0,"",57.0,7
2020-03-13,Idaho,Bonneville County,Outdoors & Recreation,119.0,"",120.0,8
2020-03-13,Idaho,Bonneville County,School,38.0,"",39.0,9
2020-03-13,Idaho,Nez Perce County,Shops & Services,121.0,"",124.0,1
2020-03-13,Idaho,Nez Perce County,Food,50.0,"",51.0,2
2020-03-13,Idaho,Minidoka County,Food,113.0,"",114.0,1
2020-03-13,Idaho,Canyon County,Food,39.0,39.0,39.0,1
2020-03-13,Idaho,Canyon County,Shops & Services,22.0,19.0,22.0,2
2020-03-13,Idaho,Canyon County,Grocery,143.0,124.0,144.0,3
2020-03-13,Idaho,Canyon County,Gas Stations,109.0,107.0,110.0,4
2020-03-13,Idaho,Canyon County,Big Box Stores,118.0,"",120.0,5
2020-03-13,Idaho,Canyon County,School,53.0,70.0,52.0,6
2020-03-13,Idaho,Canyon County,Fast Food Restaurants,110.0,"",110.0,7
2020-03-13,Idaho,Canyon County,Medical,55.0,"",55.0,8
2020-03-13,Idaho,Canyon County,Outdoors & Recreation,107.0,"",105.0,9
2020-03-13,Idaho,Canyon County,Arts & Entertainment,97.0,"",98.0,10
2020-03-13,Idaho,Canyon County,Hardware Stores,118.0,"",117.0,11
2020-03-13,Idaho,Canyon County,Professional & Other Places,14.0,"",14.0,12
2020-03-13,Idaho,Canyon County,Nightlife Spots,81.0,"",82.0,13
2020-03-13,Idaho,Latah County,Food,122.0,"",120.0,1
2020-03-14,Idaho,Nez Perce County,Food,90.0,"",90.0,1
2020-03-14,Idaho,Ada County,Food,36.0,32.0,36.0,1
2020-03-14,Idaho,Ada County,Shops & Services,22.0,17.0,22.0,2
2020-03-14,Idaho,Ada County,Grocery,133.0,116.0,134.0,3
2020-03-14,Idaho,Ada County,Nightlife Spots,66.0,68.0,66.0,4
2020-03-14,Idaho,Ada County,Outdoors & Recreation,32.0,"",32.0,5
2020-03-14,Idaho,Ada County,Fast Food Restaurants,90.0,"",90.0,6
2020-03-14,Idaho,Ada County,Gas Stations,85.0,"",86.0,7
2020-03-14,Idaho,Ada County,Big Box Stores,106.0,"",106.0,8
2020-03-14,Idaho,Ada County,Arts & Entertainment,64.0,"",64.0,9
2020-03-14,Idaho,Ada County,School,47.0,"",47.0,10
2020-03-14,Idaho,Ada County,Hardware Stores,117.0,"",117.0,11
2020-03-14,Idaho,Ada County,Medical,54.0,"",54.0,12
2020-03-14,Idaho,Ada County,Airport,55.0,"",54.0,13
2020-03-14,Idaho,Ada County,Fitness Center,69.0,"",68.0,14
2020-03-14,Idaho,Ada County,Hotel,68.0,"",68.0,15
2020-03-14,Idaho,Ada County,Professional & Other Places,11.0,"",11.0,16
2020-03-14,Idaho,Ada County,Drug Store,141.0,"",141.0,17
2020-03-14,Idaho,Ada County,Residences,101.0,"",102.0,18
2020-03-14,Idaho,Ada County,Sports,28.0,"",29.0,19
2020-03-14,Idaho,Canyon County,Food,33.0,36.0,33.0,1
2020-03-14,Idaho,Canyon County,Shops & Services,21.0,21.0,21.0,2
2020-03-14,Idaho,Canyon County,Grocery,143.0,132.0,144.0,3
2020-03-14,Idaho,Canyon County,Big Box Stores,111.0,"",112.0,4
2020-03-14,Idaho,Canyon County,Gas Stations,95.0,"",94.0,5
2020-03-14,Idaho,Canyon County,Fast Food Restaurants,91.0,"",91.0,6
2020-03-14,Idaho,Canyon County,Hardware Stores,128.0,"",128.0,7
2020-03-14,Idaho,Canyon County,Outdoors & Recreation,35.0,"",35.0,8
2020-03-14,Idaho,Canyon County,School,37.0,"",37.0,9
2020-03-14,Idaho,Canyon County,Medical,57.0,"",57.0,10
2020-03-14,Idaho,Canyon County,Arts & Entertainment,76.0,"",77.0,11
2020-03-14,Idaho,Bannock County,Shops & Services,21.0,19.0,21.0,1
2020-03-14,Idaho,Bannock County,Food,35.0,"",35.0,2
2020-03-14,Idaho,Bannock County,Grocery,127.0,"",126.0,3
2020-03-14,Idaho,Bannock County,Gas Stations,82.0,"",83.0,4
2020-03-14,Idaho,Bonner County,Food,41.0,"",42.0,1
2020-03-14,Idaho,Kootenai County,Food,32.0,29.0,32.0,1
2020-03-14,Idaho,Kootenai County,Shops & Services,86.0,67.0,88.0,2
2020-03-14,Idaho,Kootenai County,Grocery,122.0,111.0,122.0,3
2020-03-14,Idaho,Kootenai County,Big Box Stores,109.0,88.0,110.0,4
2020-03-14,Idaho,Kootenai County,Gas Stations,92.0,83.0,92.0,5
2020-03-14,Idaho,Kootenai County,Outdoors & Recreation,71.0,"",72.0,6
2020-03-14,Idaho,Kootenai County,Nightlife Spots,54.0,"",56.0,7
2020-03-14,Idaho,Kootenai County,Fast Food Restaurants,71.0,"",70.0,8
2020-03-14,Idaho,Bonneville County,Shops & Services,29.0,24.0,30.0,1
2020-03-14,Idaho,Bonneville County,Food,37.0,37.0,37.0,2
2020-03-14,Idaho,Bonneville County,Grocery,156.0,"",157.0,3
2020-03-14,Idaho,Bonneville County,Big Box Stores,103.0,"",104.0,4
2020-03-14,Idaho,Bonneville County,Gas Stations,84.0,"",85.0,5
2020-03-14,Idaho,Bonneville County,Fast Food Restaurants,85.0,"",86.0,6
2020-03-14,Idaho,Bonneville County,Outdoors & Recreation,99.0,"",99.0,7
2020-03-14,Idaho,Minidoka County,Food,105.0,"",104.0,1
2020-03-14,Idaho,Twin Falls County,Food,46.0,39.0,47.0,1
2020-03-14,Idaho,Twin Falls County,Shops & Services,28.0,26.0,28.0,2
2020-03-14,Idaho,Twin Falls County,Grocery,147.0,"",147.0,3
2020-03-14,Idaho,Twin Falls County,Big Box Stores,121.0,"",121.0,4
2020-03-15,Idaho,Canyon County,Food,37.0,29.0,37.0,1
2020-03-15,Idaho,Canyon County,Grocery,123.0,94.0,124.0,2
2020-03-15,Idaho,Canyon County,Shops & Services,17.0,15.0,17.0,3
2020-03-15,Idaho,Canyon County,Gas Stations,102.0,"",101.0,4
2020-03-15,Idaho,Canyon County,Big Box Stores,91.0,"",91.0,5
2020-03-15,Idaho,Canyon County,Fast Food Restaurants,89.0,"",89.0,6
2020-03-15,Idaho,Canyon County,Outdoors & Recreation,86.0,"",87.0,7
2020-03-15,Idaho,Canyon County,Hardware Stores,107.0,"",109.0,8
2020-03-15,Idaho,Jerome County,Gas Stations,116.0,"",114.0,1
2020-03-15,Idaho,Bonneville County,Shops & Services,24.0,"",24.0,1
2020-03-15,Idaho,Bonneville County,Food,36.0,"",36.0,2
2020-03-15,Idaho,Bonneville County,Grocery,120.0,"",120.0,3
2020-03-15,Idaho,Bonneville County,Big Box Stores,86.0,"",85.0,4
2020-03-15,Idaho,Bonneville County,Gas Stations,81.0,"",82.0,5
2020-03-15,Idaho,Kootenai County,Food,33.0,27.0,34.0,1
2020-03-15,Idaho,Kootenai County,Grocery,129.0,132.0,129.0,2
2020-03-15,Idaho,Kootenai County,Shops & Services,98.0,103.0,98.0,3
2020-03-15,Idaho,Kootenai County,Big Box Stores,106.0,107.0,106.0,4
2020-03-15,Idaho,Kootenai County,Gas Stations,89.0,"",90.0,5
2020-03-15,Idaho,Kootenai County,Outdoors & Recreation,63.0,"",63.0,6
2020-03-15,Idaho,Kootenai County,Nightlife Spots,55.0,"",55.0,7
2020-03-15,Idaho,Kootenai County,Fast Food Restaurants,94.0,"",95.0,8
2020-03-15,Idaho,Bannock County,Shops & Services,17.0,"",17.0,1
2020-03-15,Idaho,Bannock County,Food,33.0,"",33.0,2
2020-03-15,Idaho,Bannock County,Grocery,100.0,"",100.0,3
2020-03-15,Idaho,Twin Falls County,Food,39.0,48.0,38.0,1
2020-03-15,Idaho,Twin Falls County,Shops & Services,23.0,"",23.0,2
2020-03-15,Idaho,Twin Falls County,Grocery,126.0,"",124.0,3
2020-03-15,Idaho,Ada County,Food,34.0,32.0,34.0,1
2020-03-15,Idaho,Ada County,Shops & Services,47.0,46.0,47.0,2
2020-03-15,Idaho,Ada County,Grocery,106.0,84.0,107.0,3
2020-03-15,Idaho,Ada County,Nightlife Spots,55.0,"",56.0,4
2020-03-15,Idaho,Ada County,Outdoors & Recreation,32.0,31.0,32.0,5
2020-03-15,Idaho,Ada County,Gas Stations,87.0,"",87.0,6
2020-03-15,Idaho,Ada County,Big Box Stores,98.0,"",98.0,7
2020-03-15,Idaho,Ada County,Fast Food Restaurants,77.0,"",78.0,8
2020-03-15,Idaho,Ada County,Arts & Entertainment,32.0,"",33.0,9
2020-03-15,Idaho,Ada County,Hardware Stores,115.0,"",115.0,10
2020-03-15,Idaho,Ada County,Airport,43.0,"",42.0,11
2020-03-15,Idaho,Ada County,School,34.0,"",35.0,12
2020-03-15,Idaho,Ada County,Medical,40.0,"",41.0,13
2020-03-15,Idaho,Ada County,Hotel,73.0,"",73.0,14
2020-03-15,Idaho,Ada County,Sports,33.0,"",33.0,15
2020-03-15,Idaho,Ada County,Professional & Other Places,81.0,"",81.0,16
2020-03-15,Idaho,Bonner County,Food,51.0,"",50.0,1
2020-03-16,Idaho,Nez Perce County,Shops & Services,114.0,"",116.0,1
2020-03-16,Idaho,Bannock County,Shops & Services,71.0,56.0,72.0,1
2020-03-16,Idaho,Bannock County,Food,42.0,54.0,42.0,2
2020-03-16,Idaho,Bannock County,Gas Stations,144.0,"",147.0,3
2020-03-16,Idaho,Bannock County,Grocery,119.0,"",120.0,4
2020-03-16,Idaho,Twin Falls County,Food,46.0,51.0,46.0,1
2020-03-16,Idaho,Twin Falls County,Shops & Services,29.0,28.0,30.0,2
2020-03-16,Idaho,Twin Falls County,Grocery,184.0,206.0,183.0,3
2020-03-16,Idaho,Twin Falls County,Gas Stations,113.0,"",112.0,4
2020-03-16,Idaho,Canyon County,Food,41.0,38.0,41.0,1
2020-03-16,Idaho,Canyon County,Shops & Services,22.0,20.0,22.0,2
2020-03-16,Idaho,Canyon County,Grocery,131.0,95.0,133.0,3
2020-03-16,Idaho,Canyon County,Gas Stations,121.0,"",123.0,4
2020-03-16,Idaho,Canyon County,Big Box Stores,110.0,"",111.0,5
2020-03-16,Idaho,Canyon County,Medical,61.0,"",62.0,6
2020-03-16,Idaho,Canyon County,School,60.0,"",60.0,7
2020-03-16,Idaho,Canyon County,Fast Food Restaurants,97.0,"",98.0,8
2020-03-16,Idaho,Canyon County,Outdoors & Recreation,34.0,"",34.0,9
2020-03-16,Idaho,Canyon County,Hardware Stores,124.0,"",127.0,10
2020-03-16,Idaho,Ada County,Food,75.0,63.0,76.0,1
2020-03-16,Idaho,Ada County,Shops & Services,23.0,24.0,23.0,2
2020-03-16,Idaho,Ada County,Grocery,132.0,122.0,133.0,3
2020-03-16,Idaho,Ada County,Outdoors & Recreation,42.0,30.0,43.0,4
2020-03-16,Idaho,Ada County,Medical,54.0,44.0,55.0,5
2020-03-16,Idaho,Ada County,Nightlife Spots,66.0,65.0,66.0,6
2020-03-16,Idaho,Ada County,Gas Stations,87.0,80.0,87.0,7
2020-03-16,Idaho,Ada County,Fast Food Restaurants,96.0,101.0,96.0,8
2020-03-16,Idaho,Ada County,Big Box Stores,107.0,"",108.0,9
2020-03-16,Idaho,Ada County,Office,72.0,"",73.0,10
2020-03-16,Idaho,Ada County,Professional & Other Places,11.0,"",11.0,11
2020-03-16,Idaho,Ada County,Arts & Entertainment,89.0,"",90.0,12
2020-03-16,Idaho,Ada County,Airport,42.0,"",43.0,13
2020-03-16,Idaho,Ada County,School,33.0,"",33.0,14
2020-03-16,Idaho,Ada County,Hardware Stores,102.0,"",104.0,15
2020-03-16,Idaho,Ada County,Sports,38.0,"",38.0,16
2020-03-16,Idaho,Ada County,Hotel,82.0,"",82.0,17
2020-03-16,Idaho,Ada County,Residences,115.0,"",116.0,18
2020-03-16,Idaho,Ada County,Colleges & Universities,36.0,"",36.0,19
2020-03-16,Idaho,Ada County,Fitness Center,57.0,"",57.0,20
2020-03-16,Idaho,Ada County,Government,64.0,"",65.0,21
2020-03-16,Idaho,Bonner County,Food,51.0,"",51.0,1
2020-03-16,Idaho,Bonner County,Shops & Services,28.0,"",27.0,2
2020-03-16,Idaho,Kootenai County,Food,46.0,45.0,46.0,1
2020-03-16,Idaho,Kootenai County,Shops & Services,108.0,95.0,109.0,2
2020-03-16,Idaho,Kootenai County,Grocery,146.0,133.0,147.0,3
2020-03-16,Idaho,Kootenai County,Big Box Stores,149.0,171.0,147.0,4
2020-03-16,Idaho,Kootenai County,Outdoors & Recreation,92.0,104.0,92.0,5
2020-03-16,Idaho,Kootenai County,Gas Stations,111.0,103.0,112.0,6
2020-03-16,Idaho,Kootenai County,Nightlife Spots,87.0,87.0,87.0,7
2020-03-16,Idaho,Kootenai County,Medical,39.0,33.0,39.0,8
2020-03-16,Idaho,Kootenai County,Fast Food Restaurants,86.0,"",85.0,9
2020-03-16,Idaho,Bonneville County,Shops & Services,30.0,30.0,30.0,1
2020-03-16,Idaho,Bonneville County,Food,38.0,44.0,37.0,2
2020-03-16,Idaho,Bonneville County,Gas Stations,100.0,"",101.0,3
2020-03-16,Idaho,Bonneville County,Grocery,143.0,"",141.0,4
2020-03-16,Idaho,Bonneville County,Big Box Stores,102.0,"",104.0,5
2020-03-16,Idaho,Bonneville County,School,77.0,"",77.0,6
2020-03-16,Idaho,Bonneville County,Outdoors & Recreation,140.0,"",140.0,7
2020-03-16,Idaho,Bonneville County,Medical,48.0,"",48.0,8
2020-03-17,Idaho,Twin Falls County,Shops & Services,25.0,28.0,25.0,1
2020-03-17,Idaho,Twin Falls County,Food,82.0,"",82.0,2
2020-03-17,Idaho,Twin Falls County,Grocery,148.0,161.0,147.0,3
2020-03-17,Idaho,Twin Falls County,Gas Stations,102.0,"",103.0,4
2020-03-17,Idaho,Canyon County,Shops & Services,22.0,17.0,22.0,1
2020-03-17,Idaho,Canyon County,Food,36.0,26.0,36.0,2
2020-03-17,Idaho,Canyon County,Grocery,149.0,131.0,151.0,3
2020-03-17,Idaho,Canyon County,Gas Stations,97.0,68.0,99.0,4
2020-03-17,Idaho,Canyon County,Big Box Stores,121.0,"",122.0,5
2020-03-17,Idaho,Canyon County,Medical,45.0,"",45.0,6
2020-03-17,Idaho,Canyon County,Outdoors & Recreation,36.0,"",36.0,7
2020-03-17,Idaho,Canyon County,Fast Food Restaurants,106.0,"",106.0,8
2020-03-17,Idaho,Canyon County,School,32.0,"",32.0,9
2020-03-17,Idaho,Canyon County,Hardware Stores,106.0,"",108.0,10
2020-03-17,Idaho,Nez Perce County,Shops & Services,97.0,"",99.0,1
2020-03-17,Idaho,Bannock County,Shops & Services,77.0,70.0,78.0,1
2020-03-17,Idaho,Bannock County,Food,40.0,"",41.0,2
2020-03-17,Idaho,Bannock County,Gas Stations,117.0,"",119.0,3
2020-03-17,Idaho,Bannock County,Grocery,121.0,"",122.0,4
2020-03-17,Idaho,Bonner County,Food,48.0,"",49.0,1
2020-03-17,Idaho,Bonneville County,Shops & Services,25.0,22.0,25.0,1
2020-03-17,Idaho,Bonneville County,Food,80.0,85.0,79.0,2
2020-03-17,Idaho,Bonneville County,Gas Stations,92.0,"",92.0,3
2020-03-17,Idaho,Bonneville County,Grocery,121.0,"",121.0,4
2020-03-17,Idaho,Bonneville County,Big Box Stores,110.0,"",110.0,5
2020-03-17,Idaho,Bonneville County,Medical,48.0,"",48.0,6
2020-03-17,Idaho,Bonneville County,Fast Food Restaurants,98.0,"",98.0,7
2020-03-17,Idaho,Kootenai County,Food,38.0,32.0,38.0,1
2020-03-17,Idaho,Kootenai County,Shops & Services,96.0,75.0,99.0,2
2020-03-17,Idaho,Kootenai County,Grocery,123.0,122.0,123.0,3
2020-03-17,Idaho,Kootenai County,Outdoors & Recreation,122.0,110.0,123.0,4
2020-03-17,Idaho,Kootenai County,Gas Stations,91.0,79.0,92.0,5
2020-03-17,Idaho,Kootenai County,Big Box Stores,109.0,77.0,112.0,6
2020-03-17,Idaho,Kootenai County,Nightlife Spots,76.0,73.0,76.0,7
2020-03-17,Idaho,Kootenai County,Medical,43.0,32.0,44.0,8
2020-03-17,Idaho,Kootenai County,Fast Food Restaurants,83.0,"",85.0,9
2020-03-17,Idaho,Kootenai County,Arts & Entertainment,127.0,"",124.0,10
2020-03-17,Idaho,Ada County,Food,68.0,51.0,69.0,1
2020-03-17,Idaho,Ada County,Shops & Services,22.0,17.0,22.0,2
2020-03-17,Idaho,Ada County,Grocery,126.0,113.0,127.0,3
2020-03-17,Idaho,Ada County,Outdoors & Recreation,36.0,22.0,37.0,4
2020-03-17,Idaho,Ada County,Nightlife Spots,62.0,66.0,62.0,5
2020-03-17,Idaho,Ada County,Medical,43.0,43.0,43.0,6
2020-03-17,Idaho,Ada County,Gas Stations,91.0,82.0,91.0,7
2020-03-17,Idaho,Ada County,Fast Food Restaurants,95.0,92.0,95.0,8
2020-03-17,Idaho,Ada County,Big Box Stores,102.0,"",102.0,9
2020-03-17,Idaho,Ada County,Office,63.0,"",63.0,10
2020-03-17,Idaho,Ada County,School,25.0,"",24.0,11
2020-03-17,Idaho,Ada County,Arts & Entertainment,74.0,"",75.0,12
2020-03-17,Idaho,Ada County,Airport,42.0,79.0,40.0,12
2020-03-17,Idaho,Ada County,Hardware Stores,102.0,"",103.0,13
2020-03-17,Idaho,Ada County,Professional & Other Places,7.0,"",7.0,14
2020-03-17,Idaho,Ada County,Residences,131.0,"",131.0,15
2020-03-17,Idaho,Ada County,Sports,29.0,"",29.0,16
2020-03-17,Idaho,Ada County,Fitness Center,43.0,"",44.0,17
2020-03-17,Idaho,Ada County,Hotel,63.0,"",63.0,18
2020-03-17,Idaho,Ada County,Colleges & Universities,22.0,"",22.0,19
2020-03-18,Idaho,Bonner County,Food,46.0,"",48.0,1
2020-03-18,Idaho,Kootenai County,Food,39.0,34.0,40.0,1
2020-03-18,Idaho,Kootenai County,Shops & Services,103.0,98.0,104.0,2
2020-03-18,Idaho,Kootenai County,Grocery,103.0,102.0,104.0,3
2020-03-18,Idaho,Kootenai County,Outdoors & Recreation,126.0,112.0,128.0,4
2020-03-18,Idaho,Kootenai County,Gas Stations,94.0,76.0,96.0,5
2020-03-18,Idaho,Kootenai County,Big Box Stores,104.0,100.0,104.0,6
2020-03-18,Idaho,Kootenai County,Nightlife Spots,68.0,58.0,69.0,7
2020-03-18,Idaho,Kootenai County,Medical,29.0,"",30.0,8
2020-03-18,Idaho,Kootenai County,Fast Food Restaurants,89.0,"",90.0,8
2020-03-18,Idaho,Twin Falls County,Shops & Services,26.0,22.0,26.0,1
2020-03-18,Idaho,Twin Falls County,Food,35.0,32.0,35.0,2
2020-03-18,Idaho,Twin Falls County,Grocery,132.0,"",132.0,3
2020-03-18,Idaho,Twin Falls County,Gas Stations,106.0,"",105.0,4
2020-03-18,Idaho,Bonneville County,Shops & Services,23.0,25.0,23.0,1
2020-03-18,Idaho,Bonneville County,Food,31.0,"",31.0,2
2020-03-18,Idaho,Bonneville County,Gas Stations,94.0,"",94.0,3
2020-03-18,Idaho,Bonneville County,Grocery,128.0,"",127.0,4
2020-03-18,Idaho,Bonneville County,Big Box Stores,94.0,"",94.0,5
2020-03-18,Idaho,Bonneville County,Medical,38.0,"",37.0,6
2020-03-18,Idaho,Canyon County,Shops & Services,21.0,21.0,21.0,1
2020-03-18,Idaho,Canyon County,Food,33.0,34.0,33.0,2
2020-03-18,Idaho,Canyon County,Grocery,120.0,101.0,121.0,3
2020-03-18,Idaho,Canyon County,Gas Stations,94.0,97.0,94.0,4
2020-03-18,Idaho,Canyon County,Big Box Stores,109.0,"",111.0,5
2020-03-18,Idaho,Canyon County,Medical,44.0,"",45.0,6
2020-03-18,Idaho,Canyon County,Outdoors & Recreation,35.0,"",35.0,7
2020-03-18,Idaho,Canyon County,School,30.0,"",29.0,8
2020-03-18,Idaho,Canyon County,Fast Food Restaurants,77.0,"",78.0,9
2020-03-18,Idaho,Ada County,Food,66.0,55.0,66.0,1
2020-03-18,Idaho,Ada County,Shops & Services,20.0,16.0,20.0,2
2020-03-18,Idaho,Ada County,Grocery,120.0,98.0,121.0,3
2020-03-18,Idaho,Ada County,Outdoors & Recreation,32.0,27.0,32.0,4
2020-03-18,Idaho,Ada County,Nightlife Spots,54.0,51.0,54.0,5
2020-03-18,Idaho,Ada County,Medical,38.0,26.0,39.0,6
2020-03-18,Idaho,Ada County,Gas Stations,81.0,78.0,81.0,7
2020-03-18,Idaho,Ada County,Fast Food Restaurants,83.0,"",84.0,8
2020-03-18,Idaho,Ada County,Hardware Stores,134.0,"",137.0,9
2020-03-18,Idaho,Ada County,Big Box Stores,93.0,"",93.0,9
2020-03-18,Idaho,Ada County,Airport,41.0,"",40.0,10
2020-03-18,Idaho,Ada County,School,21.0,"",21.0,10
2020-03-18,Idaho,Ada County,Office,48.0,"",48.0,11
2020-03-18,Idaho,Ada County,Arts & Entertainment,60.0,"",60.0,12
2020-03-18,Idaho,Ada County,Hotel,65.0,"",66.0,13
2020-03-18,Idaho,Ada County,Professional & Other Places,54.0,"",55.0,14
2020-03-18,Idaho,Ada County,Fitness Center,43.0,"",43.0,14
2020-03-18,Idaho,Ada County,Residences,97.0,"",100.0,15
2020-03-18,Idaho,Ada County,Sports,23.0,"",23.0,16
2020-03-18,Idaho,Bannock County,Shops & Services,19.0,25.0,18.0,1
2020-03-18,Idaho,Bannock County,Grocery,137.0,"",140.0,2
2020-03-18,Idaho,Bannock County,Food,77.0,"",78.0,3
2020-03-18,Idaho,Bannock County,Gas Stations,98.0,"",98.0,4
2020-03-19,Idaho,Canyon County,Shops & Services,21.0,18.0,21.0,1
2020-03-19,Idaho,Canyon County,Food,33.0,28.0,33.0,2
2020-03-19,Idaho,Canyon County,Grocery,127.0,115.0,128.0,3
2020-03-19,Idaho,Canyon County,Gas Stations,92.0,"",93.0,4
2020-03-19,Idaho,Canyon County,Big Box Stores,104.0,"",105.0,5
2020-03-19,Idaho,Canyon County,Outdoors & Recreation,135.0,"",135.0,6
2020-03-19,Idaho,Canyon County,Medical,49.0,"",49.0,7
2020-03-19,Idaho,Canyon County,School,37.0,"",36.0,8
2020-03-19,Idaho,Canyon County,Fast Food Restaurants,86.0,"",86.0,9
2020-03-19,Idaho,Nez Perce County,Shops & Services,101.0,"",104.0,1
2020-03-19,Idaho,Twin Falls County,Shops & Services,24.0,28.0,24.0,1
2020-03-19,Idaho,Twin Falls County,Food,75.0,"",75.0,2
2020-03-19,Idaho,Twin Falls County,Grocery,113.0,158.0,110.0,3
2020-03-19,Idaho,Twin Falls County,Gas Stations,103.0,"",104.0,4
2020-03-19,Idaho,Jerome County,Gas Stations,111.0,"",111.0,1
2020-03-19,Idaho,Bannock County,Shops & Services,64.0,70.0,63.0,1
2020-03-19,Idaho,Bannock County,Food,30.0,"",30.0,2
2020-03-19,Idaho,Bannock County,Gas Stations,90.0,"",89.0,3
2020-03-19,Idaho,Ada County,Shops & Services,20.0,14.0,20.0,1
2020-03-19,Idaho,Ada County,Food,26.0,24.0,26.0,2
2020-03-19,Idaho,Ada County,Grocery,104.0,100.0,104.0,3
2020-03-19,Idaho,Ada County,Outdoors & Recreation,38.0,28.0,38.0,4
2020-03-19,Idaho,Ada County,Nightlife Spots,50.0,43.0,50.0,5
2020-03-19,Idaho,Ada County,Gas Stations,87.0,70.0,88.0,6
2020-03-19,Idaho,Ada County,Medical,38.0,29.0,38.0,7
2020-03-19,Idaho,Ada County,Fast Food Restaurants,79.0,"",80.0,8
2020-03-19,Idaho,Ada County,Big Box Stores,90.0,"",91.0,9
2020-03-19,Idaho,Ada County,Hardware Stores,125.0,110.0,126.0,10
2020-03-19,Idaho,Ada County,School,23.0,"",23.0,11
2020-03-19,Idaho,Ada County,Office,49.0,"",49.0,12
2020-03-19,Idaho,Ada County,Professional & Other Places,70.0,"",72.0,13
2020-03-19,Idaho,Ada County,Residences,129.0,"",131.0,14
2020-03-19,Idaho,Ada County,Sports,29.0,"",29.0,15
2020-03-19,Idaho,Ada County,Airport,29.0,"",30.0,16
2020-03-19,Idaho,Ada County,Arts & Entertainment,53.0,"",54.0,17
2020-03-19,Idaho,Ada County,Hotel,48.0,"",49.0,18
2020-03-19,Idaho,Ada County,Colleges & Universities,22.0,"",22.0,19
2020-03-19,Idaho,Ada County,Fitness Center,36.0,"",36.0,20
2020-03-19,Idaho,Kootenai County,Food,31.0,26.0,32.0,1
2020-03-19,Idaho,Kootenai County,Shops & Services,90.0,80.0,91.0,2
2020-03-19,Idaho,Kootenai County,Grocery,92.0,73.0,94.0,3
2020-03-19,Idaho,Kootenai County,Outdoors & Recreation,120.0,110.0,121.0,4
2020-03-19,Idaho,Kootenai County,Gas Stations,80.0,79.0,80.0,5
2020-03-19,Idaho,Kootenai County,Nightlife Spots,62.0,58.0,62.0,6
2020-03-19,Idaho,Kootenai County,Big Box Stores,86.0,"",86.0,7
2020-03-19,Idaho,Kootenai County,Medical,33.0,"",34.0,8
2020-03-19,Idaho,Kootenai County,Fast Food Restaurants,83.0,"",83.0,9
2020-03-19,Idaho,Bonneville County,Shops & Services,24.0,22.0,24.0,1
2020-03-19,Idaho,Bonneville County,Food,31.0,"",31.0,2
2020-03-19,Idaho,Bonneville County,Gas Stations,84.0,"",83.0,3
2020-03-19,Idaho,Bonneville County,Grocery,109.0,"",110.0,4
2020-03-19,Idaho,Bonneville County,Big Box Stores,91.0,"",91.0,5
2020-03-20,Idaho,Ada County,Food,54.0,45.0,54.0,1
2020-03-20,Idaho,Ada County,Shops & Services,46.0,31.0,47.0,2
2020-03-20,Idaho,Ada County,Grocery,98.0,78.0,99.0,3
2020-03-20,Idaho,Ada County,Outdoors & Recreation,36.0,31.0,37.0,4
2020-03-20,Idaho,Ada County,Gas Stations,82.0,73.0,83.0,5
2020-03-20,Idaho,Ada County,Medical,39.0,35.0,39.0,6
2020-03-20,Idaho,Ada County,Nightlife Spots,40.0,42.0,40.0,7
2020-03-20,Idaho,Ada County,Fast Food Restaurants,76.0,"",77.0,8
2020-03-20,Idaho,Ada County,Big Box Stores,82.0,"",82.0,9
2020-03-20,Idaho,Ada County,School,25.0,"",25.0,10
2020-03-20,Idaho,Ada County,Arts & Entertainment,32.0,"",32.0,11
2020-03-20,Idaho,Ada County,Hardware Stores,112.0,"",111.0,12
2020-03-20,Idaho,Ada County,Residences,116.0,"",117.0,13
2020-03-20,Idaho,Ada County,Sports,32.0,38.0,31.0,14
2020-03-20,Idaho,Ada County,Office,45.0,"",45.0,15
2020-03-20,Idaho,Ada County,Professional & Other Places,48.0,"",48.0,16
2020-03-20,Idaho,Ada County,Airport,27.0,"",27.0,17
2020-03-20,Idaho,Ada County,Colleges & Universities,24.0,"",24.0,18
2020-03-20,Idaho,Ada County,Drug Store,113.0,"",114.0,19
2020-03-20,Idaho,Nez Perce County,Shops & Services,92.0,"",94.0,1
2020-03-20,Idaho,Bannock County,Shops & Services,20.0,"",20.0,1
2020-03-20,Idaho,Bannock County,Food,27.0,"",27.0,2
2020-03-20,Idaho,Bannock County,Grocery,97.0,"",98.0,3
2020-03-20,Idaho,Bannock County,Gas Stations,82.0,"",82.0,4
2020-03-20,Idaho,Jerome County,Gas Stations,98.0,"",98.0,1
2020-03-20,Idaho,Bonneville County,Shops & Services,20.0,16.0,20.0,1
2020-03-20,Idaho,Bonneville County,Food,28.0,"",28.0,2
2020-03-20,Idaho,Bonneville County,Gas Stations,79.0,"",80.0,3
2020-03-20,Idaho,Bonneville County,Grocery,108.0,"",109.0,4
2020-03-20,Idaho,Bonneville County,Big Box Stores,90.0,"",89.0,5
2020-03-20,Idaho,Bonneville County,Fast Food Restaurants,79.0,"",78.0,6
2020-03-20,Idaho,Bonneville County,Outdoors & Recreation,103.0,"",104.0,7
2020-03-20,Idaho,Canyon County,Shops & Services,21.0,18.0,21.0,1
2020-03-20,Idaho,Canyon County,Food,29.0,27.0,29.0,2
2020-03-20,Idaho,Canyon County,Grocery,119.0,105.0,120.0,3
2020-03-20,Idaho,Canyon County,Gas Stations,100.0,96.0,100.0,4
2020-03-20,Idaho,Canyon County,Big Box Stores,89.0,"",89.0,5
2020-03-20,Idaho,Canyon County,Outdoors & Recreation,125.0,"",124.0,6
2020-03-20,Idaho,Canyon County,Medical,46.0,"",47.0,7
2020-03-20,Idaho,Canyon County,Fast Food Restaurants,69.0,"",70.0,8
2020-03-20,Idaho,Canyon County,School,28.0,"",28.0,9
2020-03-20,Idaho,Canyon County,Hardware Stores,109.0,"",109.0,10
2020-03-20,Idaho,Kootenai County,Food,36.0,27.0,37.0,1
2020-03-20,Idaho,Kootenai County,Shops & Services,92.0,73.0,94.0,2
2020-03-20,Idaho,Kootenai County,Grocery,101.0,84.0,102.0,3
2020-03-20,Idaho,Kootenai County,Outdoors & Recreation,45.0,34.0,45.0,4
2020-03-20,Idaho,Kootenai County,Big Box Stores,101.0,94.0,102.0,5
2020-03-20,Idaho,Kootenai County,Gas Stations,79.0,"",80.0,6
2020-03-20,Idaho,Kootenai County,Nightlife Spots,66.0,"",68.0,7
2020-03-20,Idaho,Kootenai County,Fast Food Restaurants,88.0,"",90.0,8
2020-03-20,Idaho,Kootenai County,Medical,32.0,"",33.0,9
2020-03-20,Idaho,Twin Falls County,Shops & Services,22.0,21.0,22.0,1
2020-03-20,Idaho,Twin Falls County,Food,32.0,33.0,32.0,2
2020-03-20,Idaho,Twin Falls County,Grocery,113.0,"",112.0,3
2020-03-20,Idaho,Twin Falls County,Gas Stations,96.0,"",95.0,4
2020-03-21,Idaho,Bonneville County,Shops & Services,17.0,"",17.0,1
2020-03-21,Idaho,Bonneville County,Food,24.0,"",24.0,2
2020-03-21,Idaho,Bonneville County,Grocery,93.0,"",94.0,3
2020-03-21,Idaho,Bonneville County,Gas Stations,78.0,"",78.0,4
2020-03-21,Idaho,Bonneville County,Big Box Stores,75.0,"",74.0,5
2020-03-21,Idaho,Ada County,Shops & Services,34.0,28.0,34.0,1
2020-03-21,Idaho,Ada County,Food,37.0,30.0,37.0,2
2020-03-21,Idaho,Ada County,Grocery,84.0,65.0,85.0,3
2020-03-21,Idaho,Ada County,Outdoors & Recreation,39.0,38.0,40.0,4
2020-03-21,Idaho,Ada County,Gas Stations,85.0,"",85.0,5
2020-03-21,Idaho,Ada County,Nightlife Spots,28.0,"",28.0,6
2020-03-21,Idaho,Ada County,Fast Food Restaurants,59.0,"",60.0,7
2020-03-21,Idaho,Ada County,Hardware Stores,111.0,"",112.0,8
2020-03-21,Idaho,Ada County,Big Box Stores,61.0,"",62.0,9
2020-03-21,Idaho,Ada County,Medical,40.0,"",40.0,10
2020-03-21,Idaho,Ada County,School,34.0,"",34.0,11
2020-03-21,Idaho,Ada County,Residences,102.0,"",103.0,12
2020-03-21,Idaho,Ada County,Arts & Entertainment,31.0,"",31.0,13
2020-03-21,Idaho,Ada County,Sports,27.0,"",26.0,14
2020-03-21,Idaho,Twin Falls County,Shops & Services,18.0,"",18.0,1
2020-03-21,Idaho,Twin Falls County,Food,59.0,"",59.0,2
2020-03-21,Idaho,Twin Falls County,Grocery,82.0,"",81.0,3
2020-03-21,Idaho,Twin Falls County,Gas Stations,92.0,"",92.0,4
2020-03-21,Idaho,Bannock County,Shops & Services,43.0,"",44.0,1
2020-03-21,Idaho,Bannock County,Grocery,94.0,"",96.0,2
2020-03-21,Idaho,Bannock County,Food,23.0,"",23.0,3
2020-03-21,Idaho,Bannock County,Gas Stations,82.0,"",84.0,4
2020-03-21,Idaho,Kootenai County,Food,29.0,25.0,29.0,1
2020-03-21,Idaho,Kootenai County,Shops & Services,71.0,67.0,71.0,2
2020-03-21,Idaho,Kootenai County,Grocery,101.0,86.0,103.0,3
2020-03-21,Idaho,Kootenai County,Outdoors & Recreation,45.0,44.0,45.0,4
2020-03-21,Idaho,Kootenai County,Big Box Stores,90.0,"",91.0,5
2020-03-21,Idaho,Kootenai County,Gas Stations,84.0,"",84.0,6
2020-03-21,Idaho,Kootenai County,Nightlife Spots,49.0,"",49.0,7
2020-03-21,Idaho,Kootenai County,Fast Food Restaurants,79.0,"",80.0,8
2020-03-21,Idaho,Kootenai County,Hardware Stores,120.0,"",121.0,9
2020-03-21,Idaho,Canyon County,Food,26.0,25.0,26.0,1
2020-03-21,Idaho,Canyon County,Shops & Services,16.0,13.0,16.0,2
2020-03-21,Idaho,Canyon County,Grocery,109.0,89.0,110.0,3
2020-03-21,Idaho,Canyon County,Gas Stations,86.0,"",86.0,4
2020-03-21,Idaho,Canyon County,Big Box Stores,87.0,"",87.0,5
2020-03-21,Idaho,Canyon County,Outdoors & Recreation,37.0,"",37.0,6
2020-03-21,Idaho,Canyon County,Fast Food Restaurants,74.0,"",74.0,7
2020-03-21,Idaho,Canyon County,Hardware Stores,110.0,"",111.0,8
2020-03-21,Idaho,Canyon County,School,36.0,"",36.0,9
2020-03-22,Idaho,Bannock County,Shops & Services,43.0,"",42.0,1
2020-03-22,Idaho,Bannock County,Grocery,74.0,"",74.0,2
2020-03-22,Idaho,Canyon County,Food,25.0,"",26.0,1
2020-03-22,Idaho,Canyon County,Shops & Services,12.0,"",12.0,2
2020-03-22,Idaho,Canyon County,Grocery,78.0,"",80.0,3
2020-03-22,Idaho,Canyon County,Gas Stations,93.0,"",93.0,4
2020-03-22,Idaho,Canyon County,Big Box Stores,75.0,"",74.0,5
2020-03-22,Idaho,Canyon County,Outdoors & Recreation,37.0,"",37.0,6
2020-03-22,Idaho,Canyon County,Fast Food Restaurants,78.0,"",78.0,7
2020-03-22,Idaho,Canyon County,Hardware Stores,98.0,"",99.0,8
2020-03-22,Idaho,Twin Falls County,Food,60.0,"",60.0,1
2020-03-22,Idaho,Twin Falls County,Shops & Services,16.0,"",16.0,2
2020-03-22,Idaho,Twin Falls County,Grocery,81.0,"",80.0,3
2020-03-22,Idaho,Ada County,Food,36.0,40.0,36.0,1
2020-03-22,Idaho,Ada County,Grocery,75.0,64.0,75.0,2
2020-03-22,Idaho,Ada County,Shops & Services,26.0,21.0,26.0,3
2020-03-22,Idaho,Ada County,Outdoors & Recreation,41.0,45.0,41.0,4
2020-03-22,Idaho,Ada County,Gas Stations,86.0,"",86.0,5
2020-03-22,Idaho,Ada County,Fast Food Restaurants,66.0,"",67.0,6
2020-03-22,Idaho,Ada County,Nightlife Spots,23.0,"",23.0,7
2020-03-22,Idaho,Ada County,Hardware Stores,107.0,"",108.0,8
2020-03-22,Idaho,Ada County,Big Box Stores,52.0,"",52.0,9
2020-03-22,Idaho,Ada County,School,34.0,"",33.0,10
2020-03-22,Idaho,Ada County,Medical,37.0,"",38.0,11
2020-03-22,Idaho,Bonneville County,Shops & Services,14.0,"",15.0,1
2020-03-22,Idaho,Bonneville County,Food,24.0,"",24.0,2
2020-03-22,Idaho,Bonneville County,Grocery,94.0,"",94.0,3
2020-03-22,Idaho,Bonneville County,Gas Stations,82.0,"",83.0,4
2020-03-22,Idaho,Bonneville County,Big Box Stores,71.0,"",71.0,5
2020-03-22,Idaho,Kootenai County,Food,29.0,22.0,29.0,1
2020-03-22,Idaho,Kootenai County,Grocery,79.0,68.0,80.0,2
2020-03-22,Idaho,Kootenai County,Shops & Services,65.0,52.0,66.0,3
2020-03-22,Idaho,Kootenai County,Outdoors & Recreation,45.0,33.0,46.0,4
2020-03-22,Idaho,Kootenai County,Big Box Stores,76.0,"",77.0,5
2020-03-22,Idaho,Kootenai County,Nightlife Spots,52.0,"",52.0,6
2020-03-22,Idaho,Kootenai County,Gas Stations,71.0,"",72.0,7
2020-03-23,Idaho,Bannock County,Shops & Services,20.0,18.0,20.0,1
2020-03-23,Idaho,Bannock County,Food,31.0,"",32.0,2
2020-03-23,Idaho,Kootenai County,Food,31.0,23.0,32.0,1
2020-03-23,Idaho,Kootenai County,Shops & Services,72.0,55.0,73.0,2
2020-03-23,Idaho,Kootenai County,Grocery,107.0,93.0,108.0,3
2020-03-23,Idaho,Kootenai County,Outdoors & Recreation,92.0,82.0,93.0,4
2020-03-23,Idaho,Kootenai County,Gas Stations,81.0,"",81.0,5
2020-03-23,Idaho,Kootenai County,Big Box Stores,90.0,"",91.0,6
2020-03-23,Idaho,Kootenai County,Nightlife Spots,56.0,"",56.0,7
2020-03-23,Idaho,Canyon County,Shops & Services,18.0,18.0,18.0,1
2020-03-23,Idaho,Canyon County,Food,31.0,25.0,32.0,2
2020-03-23,Idaho,Canyon County,Gas Stations,108.0,"",108.0,3
2020-03-23,Idaho,Canyon County,Grocery,100.0,96.0,100.0,4
2020-03-23,Idaho,Canyon County,Outdoors & Recreation,46.0,"",47.0,5
2020-03-23,Idaho,Canyon County,Big Box Stores,77.0,"",79.0,6
2020-03-23,Idaho,Canyon County,Medical,44.0,"",44.0,7
2020-03-23,Idaho,Canyon County,Fast Food Restaurants,85.0,"",87.0,8
2020-03-23,Idaho,Canyon County,School,39.0,"",38.0,9
2020-03-23,Idaho,Bonneville County,Shops & Services,20.0,17.0,20.0,1
2020-03-23,Idaho,Bonneville County,Food,31.0,"",32.0,2
2020-03-23,Idaho,Bonneville County,Gas Stations,79.0,"",79.0,3
2020-03-23,Idaho,Bonneville County,Grocery,106.0,"",104.0,4
2020-03-23,Idaho,Bonneville County,Big Box Stores,74.0,"",74.0,5
2020-03-23,Idaho,Ada County,Food,23.0,17.0,24.0,1
2020-03-23,Idaho,Ada County,Shops & Services,15.0,10.0,15.0,2
2020-03-23,Idaho,Ada County,Grocery,86.0,74.0,86.0,3
2020-03-23,Idaho,Ada County,Outdoors & Recreation,38.0,29.0,39.0,4
2020-03-23,Idaho,Ada County,Gas Stations,85.0,73.0,85.0,5
2020-03-23,Idaho,Ada County,Medical,32.0,27.0,32.0,6
2020-03-23,Idaho,Ada County,Fast Food Restaurants,82.0,"",83.0,7
2020-03-23,Idaho,Ada County,Nightlife Spots,24.0,"",24.0,8
2020-03-23,Idaho,Ada County,Big Box Stores,84.0,"",86.0,9
2020-03-23,Idaho,Ada County,Hardware Stores,102.0,"",101.0,10
2020-03-23,Idaho,Ada County,Residences,120.0,"",120.0,11
2020-03-23,Idaho,Ada County,School,24.0,"",24.0,12
2020-03-23,Idaho,Ada County,Office,44.0,"",44.0,13
2020-03-23,Idaho,Ada County,Professional & Other Places,56.0,"",57.0,14
2020-03-23,Idaho,Ada County,Arts & Entertainment,49.0,"",48.0,15
2020-03-23,Idaho,Twin Falls County,Shops & Services,17.0,"",18.0,1
2020-03-23,Idaho,Twin Falls County,Food,26.0,"",25.0,2
2020-03-23,Idaho,Twin Falls County,Grocery,89.0,"",89.0,3
2020-03-24,Idaho,Twin Falls County,Shops & Services,22.0,"",22.0,1
2020-03-24,Idaho,Twin Falls County,Food,32.0,"",32.0,2
2020-03-24,Idaho,Twin Falls County,Grocery,93.0,"",93.0,3
2020-03-24,Idaho,Kootenai County,Food,31.0,24.0,31.0,1
2020-03-24,Idaho,Kootenai County,Shops & Services,71.0,65.0,72.0,2
2020-03-24,Idaho,Kootenai County,Grocery,81.0,78.0,81.0,3
2020-03-24,Idaho,Kootenai County,Outdoors & Recreation,95.0,102.0,94.0,4
2020-03-24,Idaho,Kootenai County,Big Box Stores,80.0,"",81.0,5
2020-03-24,Idaho,Kootenai County,Gas Stations,64.0,"",64.0,6
2020-03-24,Idaho,Kootenai County,Nightlife Spots,49.0,"",50.0,7
2020-03-24,Idaho,Kootenai County,Fast Food Restaurants,77.0,"",80.0,8
2020-03-24,Idaho,Kootenai County,Medical,25.0,"",26.0,9
2020-03-24,Idaho,Ada County,Food,45.0,43.0,45.0,1
2020-03-24,Idaho,Ada County,Shops & Services,38.0,29.0,39.0,2
2020-03-24,Idaho,Ada County,Grocery,86.0,80.0,86.0,3
2020-03-24,Idaho,Ada County,Outdoors & Recreation,30.0,22.0,30.0,4
2020-03-24,Idaho,Ada County,Gas Stations,72.0,"",73.0,5
2020-03-24,Idaho,Ada County,Medical,29.0,22.0,29.0,6
2020-03-24,Idaho,Ada County,Nightlife Spots,34.0,46.0,34.0,7
2020-03-24,Idaho,Ada County,Fast Food Restaurants,68.0,"",68.0,8
2020-03-24,Idaho,Ada County,Big Box Stores,77.0,"",77.0,9
2020-03-24,Idaho,Ada County,Hardware Stores,101.0,"",100.0,10
2020-03-24,Idaho,Ada County,Residences,121.0,"",124.0,11
2020-03-24,Idaho,Ada County,School,17.0,"",17.0,12
2020-03-24,Idaho,Ada County,Office,38.0,"",38.0,12
2020-03-24,Idaho,Ada County,Professional & Other Places,6.0,"",6.0,13
2020-03-24,Idaho,Bannock County,Shops & Services,42.0,"",43.0,1
2020-03-24,Idaho,Bannock County,Food,31.0,"",31.0,2
2020-03-24,Idaho,Canyon County,Shops & Services,16.0,15.0,16.0,1
2020-03-24,Idaho,Canyon County,Food,27.0,22.0,27.0,2
2020-03-24,Idaho,Canyon County,Grocery,101.0,99.0,101.0,3
2020-03-24,Idaho,Canyon County,Gas Stations,85.0,"",86.0,4
2020-03-24,Idaho,Canyon County,Big Box Stores,83.0,"",84.0,5
2020-03-24,Idaho,Canyon County,Medical,39.0,"",40.0,6
2020-03-24,Idaho,Canyon County,Outdoors & Recreation,89.0,"",90.0,7
2020-03-24,Idaho,Canyon County,Fast Food Restaurants,77.0,"",77.0,8
2020-03-24,Idaho,Bonneville County,Shops & Services,18.0,"",18.0,1
2020-03-24,Idaho,Bonneville County,Food,23.0,"",24.0,2
2020-03-24,Idaho,Bonneville County,Gas Stations,89.0,"",89.0,3
2020-03-24,Idaho,Bonneville County,Grocery,97.0,"",99.0,4
2020-03-24,Idaho,Bonneville County,Big Box Stores,81.0,"",80.0,5
2020-03-25,Idaho,Kootenai County,Food,27.0,21.0,28.0,1
2020-03-25,Idaho,Kootenai County,Shops & Services,73.0,70.0,73.0,2
2020-03-25,Idaho,Kootenai County,Grocery,94.0,81.0,95.0,3
2020-03-25,Idaho,Kootenai County,Outdoors & Recreation,88.0,63.0,90.0,4
2020-03-25,Idaho,Kootenai County,Gas Stations,73.0,71.0,73.0,5
2020-03-25,Idaho,Kootenai County,Big Box Stores,87.0,"",88.0,6
2020-03-25,Idaho,Kootenai County,Medical,28.0,"",28.0,7
2020-03-25,Idaho,Ada County,Shops & Services,17.0,14.0,17.0,1
2020-03-25,Idaho,Ada County,Food,45.0,38.0,46.0,2
2020-03-25,Idaho,Ada County,Grocery,100.0,81.0,101.0,3
2020-03-25,Idaho,Ada County,Outdoors & Recreation,94.0,81.0,94.0,4
2020-03-25,Idaho,Ada County,Gas Stations,84.0,73.0,84.0,5
2020-03-25,Idaho,Ada County,Medical,29.0,24.0,30.0,6
2020-03-25,Idaho,Ada County,Nightlife Spots,35.0,42.0,35.0,7
2020-03-25,Idaho,Ada County,Fast Food Restaurants,67.0,85.0,67.0,8
2020-03-25,Idaho,Ada County,Big Box Stores,96.0,"",97.0,9
2020-03-25,Idaho,Ada County,Hardware Stores,131.0,"",133.0,10
2020-03-25,Idaho,Ada County,School,20.0,"",20.0,11
2020-03-25,Idaho,Ada County,Residences,113.0,"",116.0,12
2020-03-25,Idaho,Ada County,Office,43.0,"",43.0,13
2020-03-25,Idaho,Ada County,Professional & Other Places,52.0,"",53.0,14
2020-03-25,Idaho,Ada County,Arts & Entertainment,48.0,"",47.0,15
2020-03-25,Idaho,Bannock County,Shops & Services,56.0,"",57.0,1
2020-03-25,Idaho,Bannock County,Food,27.0,"",27.0,2
2020-03-25,Idaho,Bannock County,Grocery,108.0,"",110.0,3
2020-03-25,Idaho,Bannock County,Gas Stations,106.0,"",108.0,4
2020-03-25,Idaho,Twin Falls County,Shops & Services,20.0,"",20.0,1
2020-03-25,Idaho,Twin Falls County,Food,60.0,"",60.0,2
2020-03-25,Idaho,Twin Falls County,Grocery,101.0,"",99.0,3
2020-03-25,Idaho,Bonneville County,Shops & Services,21.0,18.0,21.0,1
2020-03-25,Idaho,Bonneville County,Food,24.0,"",24.0,2
2020-03-25,Idaho,Bonneville County,Grocery,124.0,"",124.0,3
2020-03-25,Idaho,Bonneville County,Gas Stations,71.0,"",71.0,4
2020-03-25,Idaho,Bonneville County,Big Box Stores,84.0,"",84.0,5
2020-03-25,Idaho,Canyon County,Food,32.0,32.0,32.0,1
2020-03-25,Idaho,Canyon County,Shops & Services,18.0,20.0,18.0,2
2020-03-25,Idaho,Canyon County,Gas Stations,94.0,99.0,94.0,3
2020-03-25,Idaho,Canyon County,Grocery,92.0,"",93.0,4
2020-03-25,Idaho,Canyon County,Big Box Stores,92.0,"",93.0,5
2020-03-25,Idaho,Canyon County,Outdoors & Recreation,103.0,"",104.0,6
2020-03-25,Idaho,Canyon County,Fast Food Restaurants,83.0,"",82.0,7
2020-03-25,Idaho,Canyon County,Medical,35.0,"",35.0,8
2020-03-26,Idaho,Canyon County,Shops & Services,13.0,15.0,13.0,1
2020-03-26,Idaho,Canyon County,Food,22.0,22.0,22.0,2
2020-03-26,Idaho,Canyon County,Grocery,100.0,84.0,101.0,3
2020-03-26,Idaho,Canyon County,Gas Stations,77.0,"",77.0,4
2020-03-26,Idaho,Canyon County,Outdoors & Recreation,33.0,"",33.0,5
2020-03-26,Idaho,Canyon County,Fast Food Restaurants,80.0,"",78.0,6
2020-03-26,Idaho,Canyon County,Big Box Stores,70.0,"",71.0,7
2020-03-26,Idaho,Canyon County,Medical,31.0,"",32.0,8
2020-03-26,Idaho,Twin Falls County,Shops & Services,14.0,"",14.0,1
2020-03-26,Idaho,Twin Falls County,Food,20.0,"",20.0,2
2020-03-26,Idaho,Twin Falls County,Grocery,82.0,"",81.0,3
2020-03-26,Idaho,Kootenai County,Food,27.0,20.0,27.0,1
2020-03-26,Idaho,Kootenai County,Shops & Services,65.0,53.0,67.0,2
2020-03-26,Idaho,Kootenai County,Grocery,84.0,72.0,86.0,3
2020-03-26,Idaho,Kootenai County,Outdoors & Recreation,30.0,25.0,31.0,4
2020-03-26,Idaho,Kootenai County,Gas Stations,74.0,"",74.0,5
2020-03-26,Idaho,Kootenai County,Big Box Stores,78.0,103.0,76.0,6
2020-03-26,Idaho,Kootenai County,Nightlife Spots,40.0,"",40.0,7
2020-03-26,Idaho,Kootenai County,Medical,27.0,"",29.0,8
2020-03-26,Idaho,Ada County,Shops & Services,14.0,9.0,14.0,1
2020-03-26,Idaho,Ada County,Food,37.0,34.0,37.0,2
2020-03-26,Idaho,Ada County,Grocery,80.0,69.0,81.0,3
2020-03-26,Idaho,Ada County,Outdoors & Recreation,31.0,28.0,31.0,4
2020-03-26,Idaho,Ada County,Gas Stations,80.0,68.0,80.0,5
2020-03-26,Idaho,Ada County,Medical,25.0,20.0,25.0,6
2020-03-26,Idaho,Ada County,Fast Food Restaurants,59.0,"",60.0,7
2020-03-26,Idaho,Ada County,Nightlife Spots,27.0,37.0,27.0,8
2020-03-26,Idaho,Ada County,Big Box Stores,86.0,"",86.0,9
2020-03-26,Idaho,Ada County,School,19.0,"",19.0,10
2020-03-26,Idaho,Ada County,Hardware Stores,88.0,"",91.0,11
2020-03-26,Idaho,Ada County,Residences,108.0,"",108.0,11
2020-03-26,Idaho,Ada County,Office,40.0,"",39.0,12
2020-03-26,Idaho,Ada County,Sports,25.0,"",25.0,13
2020-03-26,Idaho,Ada County,Arts & Entertainment,48.0,"",48.0,14
2020-03-26,Idaho,Ada County,Professional & Other Places,5.0,"",5.0,15
2020-03-26,Idaho,Bonneville County,Shops & Services,17.0,17.0,17.0,1
2020-03-26,Idaho,Bonneville County,Food,50.0,"",51.0,2
2020-03-26,Idaho,Bonneville County,Grocery,115.0,"",114.0,3
2020-03-26,Idaho,Bonneville County,Gas Stations,72.0,"",71.0,4
2020-03-26,Idaho,Bonneville County,Big Box Stores,65.0,"",64.0,5
2020-03-26,Idaho,Bannock County,Shops & Services,16.0,23.0,15.0,1
2020-03-26,Idaho,Bannock County,Food,23.0,"",22.0,2
2020-03-26,Idaho,Bannock County,Grocery,100.0,"",97.0,2
2020-03-26,Idaho,Bannock County,Gas Stations,80.0,"",79.0,3
2020-03-27,Idaho,Bannock County,Shops & Services,13.0,16.0,13.0,1
2020-03-27,Idaho,Bannock County,Gas Stations,71.0,"",71.0,2
2020-03-27,Idaho,Bannock County,Food,46.0,"",47.0,3
2020-03-27,Idaho,Bannock County,Grocery,77.0,"",77.0,4
2020-03-27,Idaho,Ada County,Food,16.0,14.0,16.0,1
2020-03-27,Idaho,Ada County,Shops & Services,27.0,18.0,27.0,2
2020-03-27,Idaho,Ada County,Grocery,68.0,55.0,69.0,3
2020-03-27,Idaho,Ada County,Outdoors & Recreation,27.0,25.0,27.0,4
2020-03-27,Idaho,Ada County,Gas Stations,67.0,67.0,67.0,5
2020-03-27,Idaho,Ada County,Medical,24.0,"",25.0,6
2020-03-27,Idaho,Ada County,Fast Food Restaurants,50.0,"",50.0,7
2020-03-27,Idaho,Ada County,Nightlife Spots,14.0,"",13.0,8
2020-03-27,Idaho,Ada County,Big Box Stores,61.0,"",61.0,9
2020-03-27,Idaho,Ada County,School,18.0,"",18.0,10
2020-03-27,Idaho,Ada County,Hardware Stores,92.0,"",92.0,11
2020-03-27,Idaho,Ada County,Sports,25.0,"",25.0,12
2020-03-27,Idaho,Ada County,Office,39.0,"",39.0,13
2020-03-27,Idaho,Ada County,Residences,76.0,"",78.0,14
2020-03-27,Idaho,Canyon County,Shops & Services,13.0,11.0,13.0,1
2020-03-27,Idaho,Canyon County,Food,19.0,23.0,19.0,2
2020-03-27,Idaho,Canyon County,Grocery,89.0,"",92.0,3
2020-03-27,Idaho,Canyon County,Gas Stations,74.0,"",74.0,4
2020-03-27,Idaho,Canyon County,Big Box Stores,74.0,"",74.0,5
2020-03-27,Idaho,Canyon County,Outdoors & Recreation,28.0,"",28.0,6
2020-03-27,Idaho,Canyon County,Fast Food Restaurants,61.0,"",61.0,7
2020-03-27,Idaho,Canyon County,Medical,31.0,"",31.0,8
2020-03-27,Idaho,Bonneville County,Shops & Services,15.0,"",15.0,1
2020-03-27,Idaho,Bonneville County,Food,45.0,"",45.0,2
2020-03-27,Idaho,Bonneville County,Grocery,100.0,"",99.0,3
2020-03-27,Idaho,Bonneville County,Gas Stations,61.0,"",61.0,4
2020-03-27,Idaho,Bonneville County,Big Box Stores,71.0,"",71.0,5
2020-03-27,Idaho,Twin Falls County,Shops & Services,13.0,"",13.0,1
2020-03-27,Idaho,Twin Falls County,Food,16.0,"",16.0,2
2020-03-27,Idaho,Kootenai County,Food,24.0,20.0,24.0,1
2020-03-27,Idaho,Kootenai County,Shops & Services,63.0,51.0,64.0,2
2020-03-27,Idaho,Kootenai County,Grocery,73.0,54.0,74.0,3
2020-03-27,Idaho,Kootenai County,Outdoors & Recreation,29.0,21.0,30.0,4
2020-03-27,Idaho,Kootenai County,Gas Stations,65.0,"",66.0,5
2020-03-27,Idaho,Kootenai County,Big Box Stores,77.0,"",77.0,6
2020-03-27,Idaho,Kootenai County,Nightlife Spots,43.0,"",44.0,7
2020-03-28,Idaho,Kootenai County,Food,22.0,16.0,22.0,1
2020-03-28,Idaho,Kootenai County,Grocery,89.0,76.0,90.0,2
2020-03-28,Idaho,Kootenai County,Shops & Services,52.0,41.0,53.0,3
2020-03-28,Idaho,Kootenai County,Big Box Stores,82.0,"",83.0,4
2020-03-28,Idaho,Kootenai County,Outdoors & Recreation,76.0,73.0,76.0,5
2020-03-28,Idaho,Kootenai County,Gas Stations,62.0,"",62.0,6
2020-03-28,Idaho,Ada County,Food,27.0,23.0,27.0,1
2020-03-28,Idaho,Ada County,Shops & Services,9.0,7.0,9.0,2
2020-03-28,Idaho,Ada County,Grocery,64.0,44.0,65.0,3
2020-03-28,Idaho,Ada County,Outdoors & Recreation,65.0,"",65.0,4
2020-03-28,Idaho,Ada County,Gas Stations,58.0,"",59.0,5
2020-03-28,Idaho,Ada County,Fast Food Restaurants,46.0,"",46.0,6
2020-03-28,Idaho,Ada County,Nightlife Spots,20.0,"",20.0,7
2020-03-28,Idaho,Ada County,Hardware Stores,89.0,"",89.0,8
2020-03-28,Idaho,Ada County,Big Box Stores,50.0,"",50.0,9
2020-03-28,Idaho,Ada County,School,25.0,"",25.0,10
2020-03-28,Idaho,Ada County,Medical,29.0,"",29.0,11
2020-03-28,Idaho,Bonneville County,Shops & Services,11.0,"",11.0,1
2020-03-28,Idaho,Bonneville County,Food,16.0,"",16.0,2
2020-03-28,Idaho,Bonneville County,Grocery,77.0,"",77.0,3
2020-03-28,Idaho,Bonneville County,Gas Stations,55.0,"",55.0,4
2020-03-28,Idaho,Bonneville County,Big Box Stores,55.0,"",54.0,5
2020-03-28,Idaho,Twin Falls County,Shops & Services,11.0,"",11.0,1
2020-03-28,Idaho,Twin Falls County,Food,41.0,"",40.0,2
2020-03-28,Idaho,Bannock County,Shops & Services,27.0,"",27.0,1
2020-03-28,Idaho,Bannock County,Grocery,71.0,"",71.0,2
2020-03-28,Idaho,Canyon County,Food,19.0,"",19.0,1
2020-03-28,Idaho,Canyon County,Shops & Services,11.0,"",11.0,2
2020-03-28,Idaho,Canyon County,Grocery,78.0,"",79.0,3
2020-03-28,Idaho,Canyon County,Gas Stations,63.0,"",63.0,4
2020-03-28,Idaho,Canyon County,Big Box Stores,63.0,"",63.0,5
2020-03-28,Idaho,Canyon County,Outdoors & Recreation,30.0,"",30.0,6
2020-03-28,Idaho,Canyon County,Fast Food Restaurants,56.0,"",56.0,7
2020-03-29,Idaho,Kootenai County,Food,40.0,37.0,40.0,1
2020-03-29,Idaho,Kootenai County,Grocery,54.0,55.0,54.0,2
2020-03-29,Idaho,Kootenai County,Shops & Services,43.0,54.0,42.0,3
2020-03-29,Idaho,Kootenai County,Big Box Stores,57.0,"",57.0,4
2020-03-29,Idaho,Kootenai County,Outdoors & Recreation,19.0,"",19.0,5
2020-03-29,Idaho,Kootenai County,Gas Stations,54.0,"",55.0,6
2020-03-29,Idaho,Canyon County,Food,17.0,"",17.0,1
2020-03-29,Idaho,Canyon County,Grocery,63.0,"",63.0,2
2020-03-29,Idaho,Canyon County,Shops & Services,9.0,"",9.0,3
2020-03-29,Idaho,Canyon County,Gas Stations,55.0,"",55.0,4
2020-03-29,Idaho,Canyon County,Big Box Stores,57.0,"",57.0,5
2020-03-29,Idaho,Bonneville County,Shops & Services,10.0,"",10.0,1
2020-03-29,Idaho,Bonneville County,Food,16.0,"",16.0,2
2020-03-29,Idaho,Bonneville County,Grocery,67.0,"",65.0,3
2020-03-29,Idaho,Ada County,Food,24.0,26.0,24.0,1
2020-03-29,Idaho,Ada County,Grocery,50.0,47.0,51.0,2
2020-03-29,Idaho,Ada County,Outdoors & Recreation,24.0,"",24.0,3
2020-03-29,Idaho,Ada County,Shops & Services,6.0,7.0,6.0,4
2020-03-29,Idaho,Ada County,Gas Stations,52.0,"",52.0,5
2020-03-29,Idaho,Ada County,Fast Food Restaurants,52.0,"",52.0,6
2020-03-29,Idaho,Ada County,Nightlife Spots,14.0,"",14.0,7
2020-03-29,Idaho,Ada County,Hardware Stores,84.0,"",85.0,7
2020-03-29,Idaho,Ada County,Big Box Stores,42.0,"",42.0,8
2020-03-30,Idaho,Twin Falls County,Food,59.0,"",58.0,1
2020-03-30,Idaho,Twin Falls County,Shops & Services,14.0,"",13.0,2
2020-03-30,Idaho,Kootenai County,Food,23.0,22.0,23.0,1
2020-03-30,Idaho,Kootenai County,Shops & Services,57.0,48.0,57.0,2
2020-03-30,Idaho,Kootenai County,Grocery,71.0,78.0,70.0,3
2020-03-30,Idaho,Kootenai County,Outdoors & Recreation,61.0,"",63.0,4
2020-03-30,Idaho,Kootenai County,Big Box Stores,74.0,"",75.0,5
2020-03-30,Idaho,Kootenai County,Gas Stations,62.0,"",63.0,6
2020-03-30,Idaho,Ada County,Shops & Services,27.0,21.0,28.0,1
2020-03-30,Idaho,Ada County,Food,33.0,38.0,33.0,2
2020-03-30,Idaho,Ada County,Grocery,65.0,76.0,64.0,3
2020-03-30,Idaho,Ada County,Outdoors & Recreation,26.0,"",27.0,4
2020-03-30,Idaho,Ada County,Gas Stations,62.0,"",63.0,5
2020-03-30,Idaho,Ada County,Fast Food Restaurants,60.0,"",60.0,6
2020-03-30,Idaho,Ada County,Medical,22.0,"",23.0,7
2020-03-30,Idaho,Ada County,Nightlife Spots,29.0,"",29.0,8
2020-03-30,Idaho,Ada County,School,27.0,"",27.0,9
2020-03-30,Idaho,Ada County,Big Box Stores,73.0,"",74.0,10
2020-03-30,Idaho,Ada County,Hardware Stores,79.0,"",77.0,11
2020-03-30,Idaho,Ada County,Residences,87.0,"",87.0,12
2020-03-30,Idaho,Bonneville County,Shops & Services,41.0,"",41.0,1
2020-03-30,Idaho,Bonneville County,Gas Stations,73.0,"",72.0,2
2020-03-30,Idaho,Bonneville County,Food,18.0,"",18.0,3
2020-03-30,Idaho,Bannock County,Shops & Services,41.0,50.0,40.0,1
2020-03-30,Idaho,Canyon County,Shops & Services,12.0,16.0,12.0,1
2020-03-30,Idaho,Canyon County,Food,20.0,23.0,20.0,2
2020-03-30,Idaho,Canyon County,Gas Stations,80.0,"",80.0,3
2020-03-30,Idaho,Canyon County,Grocery,71.0,"",72.0,4
2020-03-30,Idaho,Canyon County,Medical,40.0,"",41.0,5
2020-03-30,Idaho,Canyon County,Fast Food Restaurants,76.0,"",76.0,6
2020-03-30,Idaho,Canyon County,Big Box Stores,59.0,"",59.0,7
2020-03-31,Idaho,Bonneville County,Shops & Services,14.0,"",14.0,1
2020-03-31,Idaho,Bonneville County,Food,48.0,"",48.0,2
2020-03-31,Idaho,Bonneville County,Grocery,90.0,"",91.0,3
2020-03-31,Idaho,Bonneville County,Gas Stations,66.0,"",66.0,3
2020-03-31,Idaho,Kootenai County,Food,24.0,16.0,24.0,1
2020-03-31,Idaho,Kootenai County,Shops & Services,54.0,44.0,56.0,2
2020-03-31,Idaho,Kootenai County,Grocery,63.0,49.0,64.0,3
2020-03-31,Idaho,Kootenai County,Outdoors & Recreation,61.0,"",62.0,4
2020-03-31,Idaho,Kootenai County,Big Box Stores,71.0,"",72.0,5
2020-03-31,Idaho,Kootenai County,Gas Stations,57.0,"",59.0,6
2020-03-31,Idaho,Canyon County,Shops & Services,11.0,13.0,11.0,1
2020-03-31,Idaho,Canyon County,Food,18.0,"",18.0,2
2020-03-31,Idaho,Canyon County,Grocery,83.0,72.0,84.0,3
2020-03-31,Idaho,Canyon County,Gas Stations,66.0,"",67.0,4
2020-03-31,Idaho,Canyon County,Big Box Stores,63.0,"",64.0,5
2020-03-31,Idaho,Canyon County,Medical,31.0,"",31.0,6
2020-03-31,Idaho,Canyon County,Outdoors & Recreation,23.0,"",24.0,7
2020-03-31,Idaho,Bannock County,Shops & Services,41.0,47.0,41.0,1
2020-03-31,Idaho,Ada County,Shops & Services,27.0,23.0,28.0,1
2020-03-31,Idaho,Ada County,Food,15.0,14.0,15.0,2
2020-03-31,Idaho,Ada County,Grocery,67.0,56.0,68.0,3
2020-03-31,Idaho,Ada County,Outdoors & Recreation,21.0,"",21.0,4
2020-03-31,Idaho,Ada County,Gas Stations,58.0,"",58.0,5
2020-03-31,Idaho,Ada County,Medical,20.0,"",20.0,6
2020-03-31,Idaho,Ada County,Fast Food Restaurants,54.0,"",54.0,7
2020-03-31,Idaho,Ada County,Nightlife Spots,24.0,"",24.0,8
2020-03-31,Idaho,Ada County,Big Box Stores,71.0,"",70.0,9
2020-03-31,Idaho,Ada County,School,18.0,"",18.0,10
2020-03-31,Idaho,Ada County,Office,33.0,"",33.0,11
2020-03-31,Idaho,Ada County,Hardware Stores,68.0,"",68.0,12
2020-03-31,Idaho,Twin Falls County,Shops & Services,15.0,"",15.0,1
2020-04-01,Idaho,Bannock County,Shops & Services,41.0,"",41.0,1
2020-04-01,Idaho,Bannock County,Food,24.0,"",24.0,2
2020-04-01,Idaho,Kootenai County,Food,25.0,17.0,25.0,1
2020-04-01,Idaho,Kootenai County,Shops & Services,57.0,53.0,58.0,2
2020-04-01,Idaho,Kootenai County,Grocery,76.0,61.0,77.0,3
2020-04-01,Idaho,Kootenai County,Outdoors & Recreation,70.0,68.0,70.0,4
2020-04-01,Idaho,Kootenai County,Big Box Stores,73.0,"",74.0,5
2020-04-01,Idaho,Kootenai County,Gas Stations,53.0,"",53.0,6
2020-04-01,Idaho,Bonneville County,Shops & Services,14.0,"",15.0,1
2020-04-01,Idaho,Bonneville County,Food,20.0,"",21.0,2
2020-04-01,Idaho,Bonneville County,Gas Stations,62.0,"",62.0,3
2020-04-01,Idaho,Bonneville County,Grocery,82.0,"",82.0,4
2020-04-01,Idaho,Bonneville County,Big Box Stores,81.0,"",81.0,5
2020-04-01,Idaho,Twin Falls County,Food,46.0,"",46.0,1
2020-04-01,Idaho,Twin Falls County,Shops & Services,13.0,"",13.0,2
2020-04-01,Idaho,Canyon County,Shops & Services,14.0,12.0,14.0,1
2020-04-01,Idaho,Canyon County,Food,22.0,"",22.0,2
2020-04-01,Idaho,Canyon County,Grocery,87.0,"",88.0,3
2020-04-01,Idaho,Canyon County,Gas Stations,71.0,"",72.0,4
2020-04-01,Idaho,Canyon County,Big Box Stores,80.0,"",81.0,5
2020-04-01,Idaho,Canyon County,Fast Food Restaurants,68.0,"",69.0,6
2020-04-01,Idaho,Canyon County,Outdoors & Recreation,82.0,"",82.0,7
2020-04-01,Idaho,Canyon County,Medical,29.0,"",29.0,8
2020-04-01,Idaho,Ada County,Food,35.0,34.0,35.0,1
2020-04-01,Idaho,Ada County,Shops & Services,12.0,10.0,12.0,2
2020-04-01,Idaho,Ada County,Grocery,71.0,60.0,71.0,3
2020-04-01,Idaho,Ada County,Outdoors & Recreation,27.0,21.0,27.0,4
2020-04-01,Idaho,Ada County,Gas Stations,70.0,61.0,71.0,5
2020-04-01,Idaho,Ada County,Fast Food Restaurants,59.0,"",59.0,6
2020-04-01,Idaho,Ada County,Medical,22.0,"",22.0,7
2020-04-01,Idaho,Ada County,Nightlife Spots,15.0,"",14.0,8
2020-04-01,Idaho,Ada County,Big Box Stores,79.0,"",80.0,9
2020-04-01,Idaho,Ada County,Hardware Stores,102.0,"",103.0,10
2020-04-01,Idaho,Ada County,School,18.0,"",18.0,11
2020-04-01,Idaho,Ada County,Residences,93.0,"",93.0,12
2020-04-01,Idaho,Ada County,Office,33.0,"",33.0,13
