2020-03-01,Maine,Cumberland County,52f2ab2ebcbc57f1066b8b46,Supermarkets,87.0,99.0,87.0,1
2020-03-01,Maine,Cumberland County,52f2ab2ebcbc57f1066b8b42,Big Box Stores,108.0,"",107.0,2
2020-03-01,Maine,Cumberland County,4bf58dd8d48988d148941735,Donut Shops,105.0,"",105.0,3
2020-03-01,Maine,Cumberland County,4bf58dd8d48988d1fa931735,Hotels,86.0,"",87.0,4
2020-03-01,Maine,Cumberland County,4bf58dd8d48988d118951735,Grocery Stores,98.0,"",97.0,5
2020-03-01,Maine,Cumberland County,4bf58dd8d48988d113951735,Gas Stations,99.0,"",99.0,6
2020-03-01,Maine,Cumberland County,50327c8591d4c4b30a586d5d,Breweries,109.0,"",109.0,7
2020-03-01,Maine,Cumberland County,4bf58dd8d48988d1fd941735,Shopping Malls,105.0,"",106.0,8
2020-03-01,Maine,Cumberland County,4bf58dd8d48988d14e941735,American Restaurants,96.0,"",95.0,9
2020-03-01,Maine,Cumberland County,4bf58dd8d48988d16e941735,Fast Food Restaurants,114.0,"",115.0,10
2020-03-01,Maine,Cumberland County,4bf58dd8d48988d1ce941735,Seafood Restaurants,99.0,"",98.0,11
2020-03-01,Maine,Cumberland County,4bf58dd8d48988d1ca941735,Pizza Places,100.0,"",102.0,12
2020-03-01,Maine,Cumberland County,4bf58dd8d48988d112951735,Hardware Stores,98.0,"",96.0,13
2020-03-01,Maine,Cumberland County,4bf58dd8d48988d1e0931735,Coffee Shops,97.0,"",97.0,14
2020-03-01,Maine,Kennebec County,52f2ab2ebcbc57f1066b8b42,Big Box Stores,103.0,"",103.0,1
2020-03-01,Maine,Kennebec County,52f2ab2ebcbc57f1066b8b46,Supermarkets,83.0,"",84.0,2
2020-03-01,Maine,Kennebec County,4bf58dd8d48988d148941735,Donut Shops,112.0,"",112.0,3
2020-03-01,Maine,Oxford County,4bf58dd8d48988d1e9941735,Ski Areas,48.0,"",49.0,1
2020-03-01,Maine,York County,52f2ab2ebcbc57f1066b8b46,Supermarkets,101.0,"",101.0,1
2020-03-01,Maine,York County,4bf58dd8d48988d148941735,Donut Shops,110.0,"",111.0,2
2020-03-01,Maine,York County,4bf58dd8d48988d113951735,Gas Stations,103.0,"",103.0,3
2020-03-01,Maine,York County,4bf58dd8d48988d14e941735,American Restaurants,107.0,"",107.0,4
2020-03-01,Maine,York County,52f2ab2ebcbc57f1066b8b42,Big Box Stores,96.0,"",96.0,5
2020-03-01,Maine,York County,4bf58dd8d48988d1ce941735,Seafood Restaurants,109.0,"",107.0,6
2020-03-01,Maine,York County,4d954b0ea243a5684a65b473,Convenience Stores,87.0,"",88.0,7
2020-03-01,Maine,York County,4bf58dd8d48988d1e2941735,Beaches,96.0,"",97.0,8
2020-03-01,Maine,Penobscot County,52f2ab2ebcbc57f1066b8b42,Big Box Stores,113.0,"",113.0,1
2020-03-01,Maine,Penobscot County,52f2ab2ebcbc57f1066b8b46,Supermarkets,121.0,"",121.0,2
2020-03-01,Maine,Penobscot County,4d954b0ea243a5684a65b473,Convenience Stores,98.0,"",99.0,3
2020-03-01,Maine,Penobscot County,4bf58dd8d48988d148941735,Donut Shops,112.0,"",113.0,4
2020-03-01,Maine,Penobscot County,4bf58dd8d48988d14e941735,American Restaurants,99.0,"",100.0,5
2020-03-01,Maine,Penobscot County,4bf58dd8d48988d16e941735,Fast Food Restaurants,113.0,"",114.0,6
2020-03-01,Maine,Penobscot County,4bf58dd8d48988d113951735,Gas Stations,87.0,"",85.0,7
2020-03-02,Maine,York County,52f2ab2ebcbc57f1066b8b46,Supermarkets,95.0,"",95.0,1
2020-03-02,Maine,York County,4bf58dd8d48988d113951735,Gas Stations,112.0,"",113.0,2
2020-03-02,Maine,York County,4bf58dd8d48988d148941735,Donut Shops,95.0,"",93.0,3
2020-03-02,Maine,York County,4bf58dd8d48988d118951735,Grocery Stores,166.0,"",163.0,3
2020-03-02,Maine,York County,4d954b0ea243a5684a65b473,Convenience Stores,95.0,"",96.0,4
2020-03-02,Maine,Kennebec County,52f2ab2ebcbc57f1066b8b42,Big Box Stores,100.0,"",100.0,1
2020-03-02,Maine,Kennebec County,4bf58dd8d48988d113951735,Gas Stations,106.0,"",106.0,2
2020-03-02,Maine,Kennebec County,52f2ab2ebcbc57f1066b8b46,Supermarkets,90.0,"",89.0,3
2020-03-02,Maine,Cumberland County,52f2ab2ebcbc57f1066b8b46,Supermarkets,96.0,85.0,97.0,1
2020-03-02,Maine,Cumberland County,4bf58dd8d48988d113951735,Gas Stations,98.0,"",98.0,2
2020-03-02,Maine,Cumberland County,4bf58dd8d48988d148941735,Donut Shops,113.0,"",114.0,3
2020-03-02,Maine,Cumberland County,4bf58dd8d48988d177941735,Doctor's Offices,93.0,"",96.0,4
2020-03-02,Maine,Cumberland County,4bf58dd8d48988d118951735,Grocery Stores,93.0,"",94.0,5
2020-03-02,Maine,Cumberland County,52f2ab2ebcbc57f1066b8b42,Big Box Stores,93.0,"",94.0,6
2020-03-02,Maine,Cumberland County,4bf58dd8d48988d1fa931735,Hotels,82.0,"",82.0,7
2020-03-02,Maine,Cumberland County,4bf58dd8d48988d16e941735,Fast Food Restaurants,122.0,"",120.0,8
2020-03-02,Maine,Cumberland County,4bf58dd8d48988d14e941735,American Restaurants,123.0,"",120.0,9
2020-03-02,Maine,Cumberland County,4d954b0ea243a5684a65b473,Convenience Stores,98.0,"",98.0,10
2020-03-02,Maine,Cumberland County,4bf58dd8d48988d1e0931735,Coffee Shops,119.0,"",117.0,11
2020-03-02,Maine,Cumberland County,50327c8591d4c4b30a586d5d,Breweries,102.0,"",100.0,12
2020-03-02,Maine,Penobscot County,4d954b0ea243a5684a65b473,Convenience Stores,85.0,"",86.0,1
2020-03-02,Maine,Penobscot County,4bf58dd8d48988d113951735,Gas Stations,98.0,"",99.0,1
2020-03-02,Maine,Penobscot County,52f2ab2ebcbc57f1066b8b42,Big Box Stores,109.0,"",109.0,2
2020-03-02,Maine,Penobscot County,4bf58dd8d48988d148941735,Donut Shops,122.0,"",119.0,3
2020-03-02,Maine,Penobscot County,52f2ab2ebcbc57f1066b8b46,Supermarkets,102.0,"",101.0,4
2020-03-02,Maine,Penobscot County,4bf58dd8d48988d16e941735,Fast Food Restaurants,101.0,"",101.0,5
2020-03-03,Maine,Cumberland County,52f2ab2ebcbc57f1066b8b46,Supermarkets,104.0,124.0,103.0,1
2020-03-03,Maine,Cumberland County,4bf58dd8d48988d13d941735,High Schools,278.0,604.0,269.0,2
2020-03-03,Maine,Cumberland County,4bf58dd8d48988d113951735,Gas Stations,104.0,"",106.0,3
2020-03-03,Maine,Cumberland County,4bf58dd8d48988d148941735,Donut Shops,110.0,"",110.0,4
2020-03-03,Maine,Cumberland County,52f2ab2ebcbc57f1066b8b42,Big Box Stores,117.0,"",115.0,5
2020-03-03,Maine,Cumberland County,4bf58dd8d48988d1fa931735,Hotels,90.0,"",91.0,6
2020-03-03,Maine,Cumberland County,4bf58dd8d48988d177941735,Doctor's Offices,79.0,"",79.0,7
2020-03-03,Maine,Cumberland County,4d954b0ea243a5684a65b473,Convenience Stores,124.0,"",123.0,8
2020-03-03,Maine,Cumberland County,4bf58dd8d48988d16e941735,Fast Food Restaurants,118.0,"",118.0,9
2020-03-03,Maine,Cumberland County,4bf58dd8d48988d118951735,Grocery Stores,85.0,"",86.0,10
2020-03-03,Maine,Cumberland County,4bf58dd8d48988d124941735,Offices,73.0,"",74.0,11
2020-03-03,Maine,Cumberland County,4bf58dd8d48988d1e0931735,Coffee Shops,125.0,"",126.0,12
2020-03-03,Maine,Cumberland County,50327c8591d4c4b30a586d5d,Breweries,118.0,"",116.0,13
2020-03-03,Maine,Cumberland County,4bf58dd8d48988d1ce941735,Seafood Restaurants,125.0,"",125.0,14
2020-03-03,Maine,Cumberland County,4bf58dd8d48988d1ca941735,Pizza Places,122.0,"",123.0,15
2020-03-03,Maine,Cumberland County,4bf58dd8d48988d14e941735,American Restaurants,92.0,"",90.0,16
2020-03-03,Maine,Penobscot County,4d954b0ea243a5684a65b473,Convenience Stores,103.0,"",103.0,1
2020-03-03,Maine,Penobscot County,52f2ab2ebcbc57f1066b8b46,Supermarkets,113.0,"",114.0,2
2020-03-03,Maine,Penobscot County,4bf58dd8d48988d113951735,Gas Stations,85.0,"",84.0,3
2020-03-03,Maine,Penobscot County,52f2ab2ebcbc57f1066b8b42,Big Box Stores,102.0,"",102.0,4
2020-03-03,Maine,Penobscot County,4bf58dd8d48988d148941735,Donut Shops,109.0,"",109.0,5
2020-03-03,Maine,Penobscot County,4bf58dd8d48988d16e941735,Fast Food Restaurants,111.0,"",112.0,6
2020-03-03,Maine,Somerset County,4d954b0ea243a5684a65b473,Convenience Stores,114.0,"",114.0,1
2020-03-03,Maine,Kennebec County,52f2ab2ebcbc57f1066b8b42,Big Box Stores,114.0,"",115.0,1
2020-03-03,Maine,Kennebec County,52f2ab2ebcbc57f1066b8b46,Supermarkets,115.0,"",114.0,2
2020-03-03,Maine,Kennebec County,4bf58dd8d48988d113951735,Gas Stations,105.0,"",105.0,3
2020-03-03,Maine,Kennebec County,4bf58dd8d48988d148941735,Donut Shops,129.0,"",130.0,4
2020-03-03,Maine,York County,4bf58dd8d48988d113951735,Gas Stations,129.0,"",131.0,1
2020-03-03,Maine,York County,52f2ab2ebcbc57f1066b8b46,Supermarkets,104.0,117.0,103.0,2
2020-03-03,Maine,York County,4bf58dd8d48988d13d941735,High Schools,175.0,"",170.0,3
2020-03-03,Maine,York County,4d954b0ea243a5684a65b473,Convenience Stores,110.0,"",109.0,4
2020-03-03,Maine,York County,4bf58dd8d48988d148941735,Donut Shops,117.0,"",119.0,5
2020-03-03,Maine,York County,4bf58dd8d48988d118951735,Grocery Stores,137.0,"",138.0,6
2020-03-03,Maine,York County,4bf58dd8d48988d14e941735,American Restaurants,126.0,"",128.0,7
2020-03-03,Maine,York County,4e52adeebd41615f56317744,Military Bases,108.0,"",108.0,8
2020-03-04,Maine,York County,4bf58dd8d48988d113951735,Gas Stations,115.0,"",116.0,1
2020-03-04,Maine,York County,52f2ab2ebcbc57f1066b8b46,Supermarkets,87.0,"",88.0,2
2020-03-04,Maine,York County,4d954b0ea243a5684a65b473,Convenience Stores,90.0,"",89.0,3
2020-03-04,Maine,York County,4bf58dd8d48988d118951735,Grocery Stores,117.0,"",117.0,4
2020-03-04,Maine,York County,4bf58dd8d48988d148941735,Donut Shops,88.0,"",88.0,5
2020-03-04,Maine,Androscoggin County,4bf58dd8d48988d148941735,Donut Shops,111.0,"",112.0,1
2020-03-04,Maine,Cumberland County,52f2ab2ebcbc57f1066b8b46,Supermarkets,89.0,81.0,90.0,1
2020-03-04,Maine,Cumberland County,4bf58dd8d48988d113951735,Gas Stations,102.0,112.0,101.0,2
2020-03-04,Maine,Cumberland County,4bf58dd8d48988d148941735,Donut Shops,98.0,"",97.0,3
2020-03-04,Maine,Cumberland County,4bf58dd8d48988d118951735,Grocery Stores,90.0,"",91.0,4
2020-03-04,Maine,Cumberland County,52f2ab2ebcbc57f1066b8b42,Big Box Stores,94.0,"",95.0,4
2020-03-04,Maine,Cumberland County,4bf58dd8d48988d177941735,Doctor's Offices,85.0,"",84.0,5
2020-03-04,Maine,Cumberland County,50327c8591d4c4b30a586d5d,Breweries,118.0,"",118.0,6
2020-03-04,Maine,Cumberland County,4bf58dd8d48988d1fa931735,Hotels,73.0,"",75.0,7
2020-03-04,Maine,Cumberland County,4bf58dd8d48988d14e941735,American Restaurants,88.0,"",90.0,8
2020-03-04,Maine,Cumberland County,4d954b0ea243a5684a65b473,Convenience Stores,96.0,"",96.0,9
2020-03-04,Maine,Cumberland County,4bf58dd8d48988d1e0931735,Coffee Shops,105.0,"",106.0,9
2020-03-04,Maine,Cumberland County,4bf58dd8d48988d16e941735,Fast Food Restaurants,95.0,"",95.0,10
2020-03-04,Maine,Cumberland County,4bf58dd8d48988d124941735,Offices,72.0,"",72.0,11
2020-03-04,Maine,Cumberland County,4bf58dd8d48988d1fd941735,Shopping Malls,95.0,"",95.0,12
2020-03-04,Maine,Kennebec County,52f2ab2ebcbc57f1066b8b42,Big Box Stores,113.0,"",114.0,1
2020-03-04,Maine,Kennebec County,4bf58dd8d48988d113951735,Gas Stations,80.0,"",79.0,2
2020-03-04,Maine,Kennebec County,4bf58dd8d48988d148941735,Donut Shops,96.0,"",95.0,3
2020-03-04,Maine,Penobscot County,4d954b0ea243a5684a65b473,Convenience Stores,100.0,"",100.0,1
2020-03-04,Maine,Penobscot County,4bf58dd8d48988d113951735,Gas Stations,78.0,"",77.0,2
2020-03-04,Maine,Penobscot County,52f2ab2ebcbc57f1066b8b42,Big Box Stores,94.0,"",93.0,3
2020-03-04,Maine,Penobscot County,4bf58dd8d48988d16e941735,Fast Food Restaurants,105.0,"",105.0,4
2020-03-04,Maine,Penobscot County,4bf58dd8d48988d148941735,Donut Shops,95.0,"",95.0,5
2020-03-04,Maine,Penobscot County,4bf58dd8d48988d14e941735,American Restaurants,101.0,"",100.0,6
2020-03-04,Maine,Penobscot County,4bf58dd8d48988d104941735,Medical Centers,37.0,"",37.0,7
2020-03-04,Maine,Penobscot County,52f2ab2ebcbc57f1066b8b46,Supermarkets,83.0,"",83.0,7
2020-03-05,Maine,Somerset County,4d954b0ea243a5684a65b473,Convenience Stores,114.0,"",112.0,1
2020-03-05,Maine,Cumberland County,52f2ab2ebcbc57f1066b8b46,Supermarkets,102.0,124.0,101.0,1
2020-03-05,Maine,Cumberland County,4bf58dd8d48988d113951735,Gas Stations,113.0,124.0,112.0,2
2020-03-05,Maine,Cumberland County,4bf58dd8d48988d1fa931735,Hotels,101.0,"",101.0,3
2020-03-05,Maine,Cumberland County,4bf58dd8d48988d177941735,Doctor's Offices,116.0,"",117.0,4
2020-03-05,Maine,Cumberland County,4bf58dd8d48988d148941735,Donut Shops,115.0,"",115.0,5
2020-03-05,Maine,Cumberland County,4bf58dd8d48988d118951735,Grocery Stores,109.0,145.0,107.0,6
2020-03-05,Maine,Cumberland County,50327c8591d4c4b30a586d5d,Breweries,124.0,"",122.0,7
2020-03-05,Maine,Cumberland County,52f2ab2ebcbc57f1066b8b42,Big Box Stores,116.0,"",115.0,7
2020-03-05,Maine,Cumberland County,4d954b0ea243a5684a65b473,Convenience Stores,115.0,"",116.0,8
2020-03-05,Maine,Cumberland County,4bf58dd8d48988d16e941735,Fast Food Restaurants,108.0,"",108.0,9
2020-03-05,Maine,Cumberland County,4bf58dd8d48988d14e941735,American Restaurants,86.0,"",88.0,10
2020-03-05,Maine,Cumberland County,4bf58dd8d48988d1ca941735,Pizza Places,105.0,"",104.0,11
2020-03-05,Maine,Cumberland County,4bf58dd8d48988d116941735,Bars,56.0,"",56.0,12
2020-03-05,Maine,Cumberland County,4bf58dd8d48988d124941735,Offices,79.0,"",79.0,13
2020-03-05,Maine,York County,52f2ab2ebcbc57f1066b8b46,Supermarkets,125.0,145.0,124.0,1
2020-03-05,Maine,York County,4bf58dd8d48988d113951735,Gas Stations,116.0,"",116.0,2
2020-03-05,Maine,York County,4bf58dd8d48988d148941735,Donut Shops,126.0,"",126.0,3
2020-03-05,Maine,York County,4d954b0ea243a5684a65b473,Convenience Stores,105.0,"",105.0,4
2020-03-05,Maine,York County,4bf58dd8d48988d118951735,Grocery Stores,135.0,"",135.0,5
2020-03-05,Maine,York County,4bf58dd8d48988d14e941735,American Restaurants,103.0,"",103.0,6
2020-03-05,Maine,York County,4bf58dd8d48988d13d941735,High Schools,195.0,"",197.0,7
2020-03-05,Maine,York County,52f2ab2ebcbc57f1066b8b42,Big Box Stores,113.0,"",114.0,8
2020-03-05,Maine,Penobscot County,4d954b0ea243a5684a65b473,Convenience Stores,94.0,"",94.0,1
2020-03-05,Maine,Penobscot County,4bf58dd8d48988d113951735,Gas Stations,106.0,"",106.0,2
2020-03-05,Maine,Penobscot County,52f2ab2ebcbc57f1066b8b42,Big Box Stores,101.0,"",100.0,3
2020-03-05,Maine,Penobscot County,4bf58dd8d48988d148941735,Donut Shops,104.0,"",103.0,4
2020-03-05,Maine,Penobscot County,4bf58dd8d48988d16e941735,Fast Food Restaurants,102.0,"",101.0,5
2020-03-05,Maine,Penobscot County,52f2ab2ebcbc57f1066b8b46,Supermarkets,84.0,"",85.0,6
2020-03-05,Maine,Penobscot County,4bf58dd8d48988d14e941735,American Restaurants,105.0,"",106.0,7
2020-03-05,Maine,Penobscot County,4bf58dd8d48988d1ae941735,Universities,112.0,"",111.0,8
2020-03-05,Maine,Kennebec County,52f2ab2ebcbc57f1066b8b42,Big Box Stores,120.0,"",119.0,1
2020-03-05,Maine,Kennebec County,4bf58dd8d48988d113951735,Gas Stations,111.0,"",111.0,2
2020-03-05,Maine,Kennebec County,52f2ab2ebcbc57f1066b8b46,Supermarkets,102.0,"",102.0,3
2020-03-05,Maine,Kennebec County,4bf58dd8d48988d16e941735,Fast Food Restaurants,124.0,"",124.0,4
2020-03-06,Maine,Somerset County,4d954b0ea243a5684a65b473,Convenience Stores,104.0,"",103.0,1
2020-03-06,Maine,Penobscot County,4d954b0ea243a5684a65b473,Convenience Stores,100.0,"",100.0,1
2020-03-06,Maine,Penobscot County,4bf58dd8d48988d113951735,Gas Stations,97.0,"",97.0,2
2020-03-06,Maine,Penobscot County,52f2ab2ebcbc57f1066b8b42,Big Box Stores,99.0,"",99.0,3
2020-03-06,Maine,Penobscot County,52f2ab2ebcbc57f1066b8b46,Supermarkets,108.0,"",107.0,4
2020-03-06,Maine,Penobscot County,4bf58dd8d48988d14e941735,American Restaurants,107.0,"",109.0,5
2020-03-06,Maine,Penobscot County,4bf58dd8d48988d16e941735,Fast Food Restaurants,99.0,"",99.0,6
2020-03-06,Maine,Penobscot County,4bf58dd8d48988d148941735,Donut Shops,100.0,"",99.0,7
2020-03-06,Maine,Penobscot County,4bf58dd8d48988d1ae941735,Universities,128.0,"",127.0,8
2020-03-06,Maine,York County,4bf58dd8d48988d113951735,Gas Stations,109.0,"",109.0,1
2020-03-06,Maine,York County,4d954b0ea243a5684a65b473,Convenience Stores,129.0,"",130.0,2
2020-03-06,Maine,York County,4bf58dd8d48988d148941735,Donut Shops,116.0,"",115.0,3
2020-03-06,Maine,York County,52f2ab2ebcbc57f1066b8b46,Supermarkets,93.0,98.0,92.0,4
2020-03-06,Maine,York County,4bf58dd8d48988d14e941735,American Restaurants,108.0,"",109.0,5
2020-03-06,Maine,York County,4bf58dd8d48988d118951735,Grocery Stores,134.0,"",133.0,6
2020-03-06,Maine,York County,52f2ab2ebcbc57f1066b8b42,Big Box Stores,118.0,"",118.0,7
2020-03-06,Maine,York County,4bf58dd8d48988d13d941735,High Schools,203.0,"",202.0,8
2020-03-06,Maine,Cumberland County,52f2ab2ebcbc57f1066b8b46,Supermarkets,91.0,118.0,90.0,1
2020-03-06,Maine,Cumberland County,4bf58dd8d48988d148941735,Donut Shops,120.0,"",120.0,2
2020-03-06,Maine,Cumberland County,4bf58dd8d48988d1fa931735,Hotels,86.0,"",85.0,3
2020-03-06,Maine,Cumberland County,4bf58dd8d48988d113951735,Gas Stations,89.0,"",89.0,4
2020-03-06,Maine,Cumberland County,52f2ab2ebcbc57f1066b8b42,Big Box Stores,107.0,"",106.0,5
2020-03-06,Maine,Cumberland County,4bf58dd8d48988d118951735,Grocery Stores,89.0,"",89.0,6
2020-03-06,Maine,Cumberland County,50327c8591d4c4b30a586d5d,Breweries,98.0,"",98.0,7
2020-03-06,Maine,Cumberland County,4bf58dd8d48988d177941735,Doctor's Offices,97.0,"",99.0,8
2020-03-06,Maine,Cumberland County,4d954b0ea243a5684a65b473,Convenience Stores,106.0,"",107.0,9
2020-03-06,Maine,Cumberland County,4bf58dd8d48988d116941735,Bars,61.0,"",60.0,9
2020-03-06,Maine,Cumberland County,4bf58dd8d48988d16e941735,Fast Food Restaurants,98.0,"",99.0,10
2020-03-06,Maine,Cumberland County,4bf58dd8d48988d14e941735,American Restaurants,90.0,"",91.0,11
2020-03-06,Maine,Cumberland County,4bf58dd8d48988d1ca941735,Pizza Places,102.0,"",102.0,12
2020-03-06,Maine,Cumberland County,4bf58dd8d48988d1e0931735,Coffee Shops,102.0,"",104.0,13
2020-03-06,Maine,Cumberland County,4bf58dd8d48988d124941735,Offices,90.0,"",90.0,14
2020-03-06,Maine,Cumberland County,4bf58dd8d48988d112951735,Hardware Stores,104.0,"",103.0,14
2020-03-06,Maine,Cumberland County,4bf58dd8d48988d1fd941735,Shopping Malls,96.0,"",97.0,15
2020-03-06,Maine,Cumberland County,4bf58dd8d48988d1ce941735,Seafood Restaurants,98.0,"",97.0,16
2020-03-06,Maine,Kennebec County,4bf58dd8d48988d113951735,Gas Stations,111.0,"",110.0,1
2020-03-06,Maine,Kennebec County,4bf58dd8d48988d16e941735,Fast Food Restaurants,129.0,"",127.0,2
2020-03-06,Maine,Kennebec County,4bf58dd8d48988d148941735,Donut Shops,111.0,"",112.0,3
2020-03-06,Maine,Kennebec County,52f2ab2ebcbc57f1066b8b42,Big Box Stores,78.0,"",79.0,4
2020-03-06,Maine,Kennebec County,52f2ab2ebcbc57f1066b8b46,Supermarkets,88.0,"",88.0,5
2020-03-07,Maine,Cumberland County,52f2ab2ebcbc57f1066b8b46,Supermarkets,92.0,95.0,92.0,1
2020-03-07,Maine,Cumberland County,52f2ab2ebcbc57f1066b8b42,Big Box Stores,110.0,126.0,109.0,2
2020-03-07,Maine,Cumberland County,4bf58dd8d48988d1fa931735,Hotels,90.0,"",90.0,3
2020-03-07,Maine,Cumberland County,4bf58dd8d48988d148941735,Donut Shops,116.0,"",116.0,4
2020-03-07,Maine,Cumberland County,50327c8591d4c4b30a586d5d,Breweries,105.0,"",105.0,5
2020-03-07,Maine,Cumberland County,4bf58dd8d48988d113951735,Gas Stations,94.0,"",93.0,6
2020-03-07,Maine,Cumberland County,4bf58dd8d48988d118951735,Grocery Stores,87.0,"",87.0,7
2020-03-07,Maine,Cumberland County,4bf58dd8d48988d1fd941735,Shopping Malls,85.0,"",84.0,8
2020-03-07,Maine,Cumberland County,4bf58dd8d48988d112951735,Hardware Stores,109.0,"",109.0,9
2020-03-07,Maine,Cumberland County,4bf58dd8d48988d16e941735,Fast Food Restaurants,109.0,"",108.0,10
2020-03-07,Maine,Cumberland County,4bf58dd8d48988d14e941735,American Restaurants,80.0,"",81.0,10
2020-03-07,Maine,Cumberland County,4bf58dd8d48988d1ce941735,Seafood Restaurants,110.0,"",111.0,11
2020-03-07,Maine,Cumberland County,4bf58dd8d48988d1ca941735,Pizza Places,104.0,"",105.0,12
2020-03-07,Maine,Cumberland County,4bf58dd8d48988d116941735,Bars,48.0,"",49.0,13
2020-03-07,Maine,Cumberland County,4bf58dd8d48988d1e0931735,Coffee Shops,97.0,"",96.0,14
2020-03-07,Maine,Cumberland County,4d954b0ea243a5684a65b473,Convenience Stores,88.0,"",88.0,15
2020-03-07,Maine,Penobscot County,52f2ab2ebcbc57f1066b8b42,Big Box Stores,96.0,"",97.0,1
2020-03-07,Maine,Penobscot County,4d954b0ea243a5684a65b473,Convenience Stores,87.0,"",87.0,2
2020-03-07,Maine,Penobscot County,4bf58dd8d48988d148941735,Donut Shops,110.0,"",110.0,3
2020-03-07,Maine,Penobscot County,4bf58dd8d48988d14e941735,American Restaurants,101.0,"",101.0,4
2020-03-07,Maine,Penobscot County,4bf58dd8d48988d113951735,Gas Stations,101.0,"",101.0,5
2020-03-07,Maine,Penobscot County,4bf58dd8d48988d16e941735,Fast Food Restaurants,99.0,"",99.0,6
2020-03-07,Maine,Penobscot County,52f2ab2ebcbc57f1066b8b46,Supermarkets,95.0,"",96.0,7
2020-03-07,Maine,Oxford County,4bf58dd8d48988d1e9941735,Ski Areas,53.0,"",53.0,1
2020-03-07,Maine,Kennebec County,52f2ab2ebcbc57f1066b8b42,Big Box Stores,106.0,"",105.0,1
2020-03-07,Maine,Kennebec County,52f2ab2ebcbc57f1066b8b46,Supermarkets,108.0,"",109.0,2
2020-03-07,Maine,Kennebec County,5744ccdfe4b0c0459246b4dc,Shopping Plazas,127.0,"",128.0,3
2020-03-07,Maine,Kennebec County,4bf58dd8d48988d113951735,Gas Stations,106.0,"",106.0,4
2020-03-07,Maine,Kennebec County,4bf58dd8d48988d148941735,Donut Shops,95.0,"",94.0,5
2020-03-07,Maine,Kennebec County,4bf58dd8d48988d16e941735,Fast Food Restaurants,89.0,"",89.0,6
2020-03-07,Maine,York County,52f2ab2ebcbc57f1066b8b46,Supermarkets,102.0,"",103.0,1
2020-03-07,Maine,York County,4bf58dd8d48988d14e941735,American Restaurants,91.0,"",91.0,2
2020-03-07,Maine,York County,4bf58dd8d48988d148941735,Donut Shops,87.0,"",87.0,3
2020-03-07,Maine,York County,52f2ab2ebcbc57f1066b8b42,Big Box Stores,105.0,"",106.0,4
2020-03-07,Maine,York County,4d954b0ea243a5684a65b473,Convenience Stores,88.0,"",89.0,5
2020-03-07,Maine,York County,4bf58dd8d48988d113951735,Gas Stations,82.0,"",82.0,6
2020-03-07,Maine,York County,4bf58dd8d48988d118951735,Grocery Stores,119.0,"",120.0,6
2020-03-07,Maine,York County,4bf58dd8d48988d1ce941735,Seafood Restaurants,105.0,"",105.0,7
2020-03-08,Maine,Penobscot County,52f2ab2ebcbc57f1066b8b42,Big Box Stores,109.0,"",109.0,1
2020-03-08,Maine,Penobscot County,4d954b0ea243a5684a65b473,Convenience Stores,108.0,"",107.0,2
2020-03-08,Maine,Penobscot County,4bf58dd8d48988d113951735,Gas Stations,116.0,"",115.0,3
2020-03-08,Maine,Penobscot County,52f2ab2ebcbc57f1066b8b46,Supermarkets,97.0,"",97.0,4
2020-03-08,Maine,Penobscot County,4bf58dd8d48988d148941735,Donut Shops,103.0,"",104.0,5
2020-03-08,Maine,Penobscot County,4bf58dd8d48988d14e941735,American Restaurants,95.0,"",96.0,6
2020-03-08,Maine,Penobscot County,4bf58dd8d48988d16e941735,Fast Food Restaurants,99.0,"",100.0,7
2020-03-08,Maine,Penobscot County,4bf58dd8d48988d118951735,Grocery Stores,110.0,"",112.0,8
2020-03-08,Maine,Kennebec County,52f2ab2ebcbc57f1066b8b46,Supermarkets,99.0,"",100.0,1
2020-03-08,Maine,Kennebec County,52f2ab2ebcbc57f1066b8b42,Big Box Stores,97.0,"",98.0,1
2020-03-08,Maine,Kennebec County,4bf58dd8d48988d113951735,Gas Stations,118.0,"",118.0,2
2020-03-08,Maine,York County,52f2ab2ebcbc57f1066b8b46,Supermarkets,102.0,"",102.0,1
2020-03-08,Maine,York County,4bf58dd8d48988d1e2941735,Beaches,148.0,"",151.0,2
2020-03-08,Maine,York County,4bf58dd8d48988d148941735,Donut Shops,108.0,"",108.0,3
2020-03-08,Maine,York County,4bf58dd8d48988d14e941735,American Restaurants,119.0,"",117.0,4
2020-03-08,Maine,York County,4d954b0ea243a5684a65b473,Convenience Stores,117.0,"",117.0,5
2020-03-08,Maine,York County,4bf58dd8d48988d1ce941735,Seafood Restaurants,132.0,"",131.0,6
2020-03-08,Maine,York County,4bf58dd8d48988d113951735,Gas Stations,90.0,"",89.0,7
2020-03-08,Maine,York County,4bf58dd8d48988d118951735,Grocery Stores,120.0,"",121.0,8
2020-03-08,Maine,Cumberland County,52f2ab2ebcbc57f1066b8b46,Supermarkets,95.0,82.0,96.0,1
2020-03-08,Maine,Cumberland County,4bf58dd8d48988d1fa931735,Hotels,100.0,"",100.0,2
2020-03-08,Maine,Cumberland County,4bf58dd8d48988d118951735,Grocery Stores,106.0,"",105.0,3
2020-03-08,Maine,Cumberland County,52f2ab2ebcbc57f1066b8b42,Big Box Stores,87.0,"",87.0,4
2020-03-08,Maine,Cumberland County,4bf58dd8d48988d1fd941735,Shopping Malls,114.0,"",113.0,4
2020-03-08,Maine,Cumberland County,4bf58dd8d48988d148941735,Donut Shops,93.0,"",93.0,5
2020-03-08,Maine,Cumberland County,50327c8591d4c4b30a586d5d,Breweries,108.0,"",109.0,6
2020-03-08,Maine,Cumberland County,4bf58dd8d48988d113951735,Gas Stations,89.0,"",90.0,7
2020-03-08,Maine,Cumberland County,4bf58dd8d48988d16e941735,Fast Food Restaurants,119.0,"",120.0,8
2020-03-08,Maine,Cumberland County,4bf58dd8d48988d116941735,Bars,49.0,"",49.0,9
2020-03-08,Maine,Cumberland County,4bf58dd8d48988d1ce941735,Seafood Restaurants,110.0,"",111.0,10
2020-03-08,Maine,Cumberland County,4bf58dd8d48988d1e0931735,Coffee Shops,116.0,"",117.0,11
2020-03-08,Maine,Cumberland County,4bf58dd8d48988d1ca941735,Pizza Places,107.0,"",108.0,12
2020-03-08,Maine,Cumberland County,4d954b0ea243a5684a65b473,Convenience Stores,104.0,"",105.0,13
2020-03-08,Maine,Cumberland County,4bf58dd8d48988d14e941735,American Restaurants,74.0,"",75.0,14
2020-03-09,Maine,Kennebec County,4d954b0ea243a5684a65b473,Convenience Stores,115.0,"",115.0,1
2020-03-09,Maine,Kennebec County,52f2ab2ebcbc57f1066b8b46,Supermarkets,92.0,"",93.0,2
2020-03-09,Maine,Kennebec County,52f2ab2ebcbc57f1066b8b42,Big Box Stores,84.0,"",84.0,3
2020-03-09,Maine,Kennebec County,4bf58dd8d48988d113951735,Gas Stations,92.0,"",93.0,4
2020-03-09,Maine,Cumberland County,52f2ab2ebcbc57f1066b8b46,Supermarkets,91.0,79.0,92.0,1
2020-03-09,Maine,Cumberland County,4bf58dd8d48988d113951735,Gas Stations,101.0,"",101.0,2
2020-03-09,Maine,Cumberland County,4bf58dd8d48988d177941735,Doctor's Offices,100.0,"",103.0,3
2020-03-09,Maine,Cumberland County,4bf58dd8d48988d148941735,Donut Shops,110.0,"",110.0,4
2020-03-09,Maine,Cumberland County,4bf58dd8d48988d118951735,Grocery Stores,91.0,"",91.0,5
2020-03-09,Maine,Cumberland County,4bf58dd8d48988d1fa931735,Hotels,76.0,"",76.0,6
2020-03-09,Maine,Cumberland County,52f2ab2ebcbc57f1066b8b42,Big Box Stores,83.0,"",84.0,7
2020-03-09,Maine,Cumberland County,4bf58dd8d48988d1ca941735,Pizza Places,121.0,"",122.0,8
2020-03-09,Maine,Cumberland County,4d954b0ea243a5684a65b473,Convenience Stores,97.0,"",96.0,9
2020-03-09,Maine,Cumberland County,4bf58dd8d48988d124941735,Offices,84.0,"",84.0,10
2020-03-09,Maine,Cumberland County,4bf58dd8d48988d1e0931735,Coffee Shops,118.0,"",116.0,11
2020-03-09,Maine,Cumberland County,4bf58dd8d48988d112951735,Hardware Stores,109.0,"",110.0,12
2020-03-09,Maine,York County,52f2ab2ebcbc57f1066b8b46,Supermarkets,100.0,122.0,98.0,1
2020-03-09,Maine,York County,4bf58dd8d48988d113951735,Gas Stations,96.0,"",98.0,2
2020-03-09,Maine,York County,4bf58dd8d48988d1e2941735,Beaches,176.0,"",182.0,3
2020-03-09,Maine,York County,4d954b0ea243a5684a65b473,Convenience Stores,108.0,"",108.0,4
2020-03-09,Maine,York County,4bf58dd8d48988d148941735,Donut Shops,98.0,"",97.0,5
2020-03-09,Maine,York County,4bf58dd8d48988d1fa931735,Hotels,91.0,"",91.0,6
2020-03-09,Maine,York County,4bf58dd8d48988d118951735,Grocery Stores,149.0,"",148.0,7
2020-03-09,Maine,York County,4bf58dd8d48988d14e941735,American Restaurants,110.0,"",110.0,8
2020-03-09,Maine,Penobscot County,4d954b0ea243a5684a65b473,Convenience Stores,86.0,"",86.0,1
2020-03-09,Maine,Penobscot County,4bf58dd8d48988d113951735,Gas Stations,92.0,"",92.0,2
2020-03-09,Maine,Penobscot County,52f2ab2ebcbc57f1066b8b42,Big Box Stores,107.0,"",108.0,3
2020-03-09,Maine,Penobscot County,52f2ab2ebcbc57f1066b8b46,Supermarkets,102.0,"",104.0,4
2020-03-09,Maine,Penobscot County,4bf58dd8d48988d148941735,Donut Shops,108.0,"",108.0,5
2020-03-10,Maine,Cumberland County,52f2ab2ebcbc57f1066b8b46,Supermarkets,109.0,109.0,109.0,1
2020-03-10,Maine,Cumberland County,4bf58dd8d48988d113951735,Gas Stations,89.0,"",89.0,2
2020-03-10,Maine,Cumberland County,4bf58dd8d48988d148941735,Donut Shops,107.0,"",107.0,3
2020-03-10,Maine,Cumberland County,4bf58dd8d48988d177941735,Doctor's Offices,85.0,89.0,84.0,4
2020-03-10,Maine,Cumberland County,4bf58dd8d48988d118951735,Grocery Stores,90.0,"",89.0,5
2020-03-10,Maine,Cumberland County,52f2ab2ebcbc57f1066b8b42,Big Box Stores,107.0,"",107.0,6
2020-03-10,Maine,Cumberland County,4bf58dd8d48988d1fa931735,Hotels,71.0,"",73.0,7
2020-03-10,Maine,Cumberland County,4bf58dd8d48988d124941735,Offices,68.0,"",68.0,8
2020-03-10,Maine,Cumberland County,4bf58dd8d48988d1ca941735,Pizza Places,116.0,"",116.0,9
2020-03-10,Maine,Cumberland County,4bf58dd8d48988d112951735,Hardware Stores,100.0,"",97.0,10
2020-03-10,Maine,York County,52f2ab2ebcbc57f1066b8b46,Supermarkets,102.0,140.0,100.0,1
2020-03-10,Maine,York County,4bf58dd8d48988d113951735,Gas Stations,105.0,"",106.0,2
2020-03-10,Maine,York County,4bf58dd8d48988d148941735,Donut Shops,104.0,"",105.0,3
2020-03-10,Maine,York County,4d954b0ea243a5684a65b473,Convenience Stores,94.0,"",93.0,3
2020-03-10,Maine,York County,4bf58dd8d48988d118951735,Grocery Stores,130.0,"",131.0,4
2020-03-10,Maine,Kennebec County,52f2ab2ebcbc57f1066b8b46,Supermarkets,114.0,"",115.0,1
2020-03-10,Maine,Kennebec County,4bf58dd8d48988d113951735,Gas Stations,102.0,"",103.0,2
2020-03-10,Maine,Kennebec County,52f2ab2ebcbc57f1066b8b42,Big Box Stores,94.0,"",94.0,3
2020-03-10,Maine,Penobscot County,4d954b0ea243a5684a65b473,Convenience Stores,97.0,"",98.0,1
2020-03-10,Maine,Penobscot County,52f2ab2ebcbc57f1066b8b46,Supermarkets,105.0,"",106.0,2
2020-03-10,Maine,Penobscot County,52f2ab2ebcbc57f1066b8b42,Big Box Stores,105.0,"",106.0,3
2020-03-10,Maine,Penobscot County,4bf58dd8d48988d113951735,Gas Stations,72.0,"",71.0,4
2020-03-10,Maine,Penobscot County,4bf58dd8d48988d16e941735,Fast Food Restaurants,100.0,"",102.0,5
2020-03-11,Maine,Cumberland County,52f2ab2ebcbc57f1066b8b46,Supermarkets,93.0,83.0,94.0,1
2020-03-11,Maine,Cumberland County,4bf58dd8d48988d113951735,Gas Stations,81.0,"",81.0,2
2020-03-11,Maine,Cumberland County,4bf58dd8d48988d148941735,Donut Shops,100.0,"",99.0,3
2020-03-11,Maine,Cumberland County,4bf58dd8d48988d118951735,Grocery Stores,98.0,120.0,96.0,4
2020-03-11,Maine,Cumberland County,4bf58dd8d48988d177941735,Doctor's Offices,94.0,110.0,93.0,5
2020-03-11,Maine,Cumberland County,52f2ab2ebcbc57f1066b8b42,Big Box Stores,87.0,"",85.0,6
2020-03-11,Maine,Cumberland County,4bf58dd8d48988d1fa931735,Hotels,77.0,"",78.0,7
2020-03-11,Maine,Cumberland County,50327c8591d4c4b30a586d5d,Breweries,115.0,"",115.0,8
2020-03-11,Maine,Cumberland County,4bf58dd8d48988d14e941735,American Restaurants,86.0,"",87.0,9
2020-03-11,Maine,Cumberland County,4bf58dd8d48988d124941735,Offices,74.0,"",75.0,10
2020-03-11,Maine,Cumberland County,4d954b0ea243a5684a65b473,Convenience Stores,93.0,"",95.0,11
2020-03-11,Maine,Cumberland County,4bf58dd8d48988d1ca941735,Pizza Places,88.0,"",89.0,12
2020-03-11,Maine,Cumberland County,4bf58dd8d48988d1e0931735,Coffee Shops,93.0,"",92.0,13
2020-03-11,Maine,Penobscot County,4d954b0ea243a5684a65b473,Convenience Stores,91.0,"",92.0,1
2020-03-11,Maine,Penobscot County,52f2ab2ebcbc57f1066b8b42,Big Box Stores,98.0,"",96.0,2
2020-03-11,Maine,Penobscot County,4bf58dd8d48988d113951735,Gas Stations,77.0,"",76.0,3
2020-03-11,Maine,Penobscot County,4bf58dd8d48988d148941735,Donut Shops,93.0,"",92.0,4
2020-03-11,Maine,Penobscot County,4bf58dd8d48988d16e941735,Fast Food Restaurants,91.0,"",91.0,5
2020-03-11,Maine,Kennebec County,52f2ab2ebcbc57f1066b8b42,Big Box Stores,108.0,"",109.0,1
2020-03-11,Maine,Kennebec County,4bf58dd8d48988d113951735,Gas Stations,88.0,"",89.0,2
2020-03-11,Maine,Somerset County,4d954b0ea243a5684a65b473,Convenience Stores,96.0,"",96.0,1
2020-03-11,Maine,York County,52f2ab2ebcbc57f1066b8b46,Supermarkets,103.0,111.0,103.0,1
2020-03-11,Maine,York County,4bf58dd8d48988d113951735,Gas Stations,107.0,"",108.0,2
2020-03-11,Maine,York County,4d954b0ea243a5684a65b473,Convenience Stores,107.0,"",107.0,3
2020-03-11,Maine,York County,4bf58dd8d48988d118951735,Grocery Stores,140.0,"",141.0,4
2020-03-11,Maine,York County,4bf58dd8d48988d148941735,Donut Shops,101.0,"",101.0,5
2020-03-11,Maine,York County,4e52adeebd41615f56317744,Military Bases,97.0,"",97.0,6
2020-03-12,Maine,Penobscot County,4d954b0ea243a5684a65b473,Convenience Stores,105.0,"",105.0,1
2020-03-12,Maine,Penobscot County,4bf58dd8d48988d113951735,Gas Stations,93.0,"",93.0,2
2020-03-12,Maine,Penobscot County,52f2ab2ebcbc57f1066b8b46,Supermarkets,107.0,"",107.0,3
2020-03-12,Maine,Penobscot County,52f2ab2ebcbc57f1066b8b42,Big Box Stores,106.0,"",106.0,4
2020-03-12,Maine,Penobscot County,4bf58dd8d48988d16e941735,Fast Food Restaurants,119.0,"",119.0,5
2020-03-12,Maine,Penobscot County,4bf58dd8d48988d148941735,Donut Shops,98.0,"",98.0,6
2020-03-12,Maine,York County,52f2ab2ebcbc57f1066b8b46,Supermarkets,130.0,130.0,130.0,1
2020-03-12,Maine,York County,4bf58dd8d48988d113951735,Gas Stations,108.0,"",107.0,2
2020-03-12,Maine,York County,4bf58dd8d48988d148941735,Donut Shops,130.0,"",130.0,3
2020-03-12,Maine,York County,4d954b0ea243a5684a65b473,Convenience Stores,103.0,"",103.0,4
2020-03-12,Maine,York County,52f2ab2ebcbc57f1066b8b42,Big Box Stores,138.0,"",136.0,5
2020-03-12,Maine,York County,4bf58dd8d48988d118951735,Grocery Stores,139.0,"",136.0,6
2020-03-12,Maine,York County,4bf58dd8d48988d10f951735,Pharmacies,147.0,"",144.0,7
2020-03-12,Maine,Kennebec County,52f2ab2ebcbc57f1066b8b42,Big Box Stores,130.0,"",130.0,1
2020-03-12,Maine,Kennebec County,52f2ab2ebcbc57f1066b8b46,Supermarkets,139.0,"",138.0,2
2020-03-12,Maine,Kennebec County,4bf58dd8d48988d113951735,Gas Stations,112.0,"",112.0,3
2020-03-12,Maine,Kennebec County,4bf58dd8d48988d148941735,Donut Shops,128.0,"",128.0,4
2020-03-12,Maine,Cumberland County,52f2ab2ebcbc57f1066b8b46,Supermarkets,134.0,160.0,133.0,1
2020-03-12,Maine,Cumberland County,4bf58dd8d48988d118951735,Grocery Stores,133.0,"",134.0,2
2020-03-12,Maine,Cumberland County,52f2ab2ebcbc57f1066b8b42,Big Box Stores,150.0,"",149.0,3
2020-03-12,Maine,Cumberland County,4bf58dd8d48988d113951735,Gas Stations,103.0,"",103.0,4
2020-03-12,Maine,Cumberland County,4bf58dd8d48988d148941735,Donut Shops,120.0,"",120.0,5
2020-03-12,Maine,Cumberland County,4bf58dd8d48988d177941735,Doctor's Offices,98.0,"",97.0,6
2020-03-12,Maine,Cumberland County,4d954b0ea243a5684a65b473,Convenience Stores,132.0,"",132.0,7
2020-03-12,Maine,Cumberland County,4bf58dd8d48988d1fa931735,Hotels,78.0,"",78.0,8
2020-03-12,Maine,Cumberland County,50327c8591d4c4b30a586d5d,Breweries,103.0,"",104.0,9
2020-03-12,Maine,Cumberland County,4bf58dd8d48988d112951735,Hardware Stores,116.0,"",115.0,10
2020-03-12,Maine,Cumberland County,4bf58dd8d48988d1ca941735,Pizza Places,109.0,"",107.0,11
2020-03-12,Maine,Cumberland County,4bf58dd8d48988d124941735,Offices,83.0,"",82.0,12
2020-03-12,Maine,Cumberland County,4bf58dd8d48988d16e941735,Fast Food Restaurants,97.0,"",98.0,13
2020-03-12,Maine,Somerset County,4d954b0ea243a5684a65b473,Convenience Stores,105.0,"",103.0,1
2020-03-13,Maine,Penobscot County,52f2ab2ebcbc57f1066b8b42,Big Box Stores,122.0,"",122.0,1
2020-03-13,Maine,Penobscot County,4d954b0ea243a5684a65b473,Convenience Stores,93.0,"",92.0,2
2020-03-13,Maine,Penobscot County,52f2ab2ebcbc57f1066b8b46,Supermarkets,120.0,"",120.0,3
2020-03-13,Maine,Penobscot County,4bf58dd8d48988d113951735,Gas Stations,82.0,"",82.0,4
2020-03-13,Maine,Penobscot County,4bf58dd8d48988d148941735,Donut Shops,113.0,"",113.0,5
2020-03-13,Maine,Penobscot County,4bf58dd8d48988d16e941735,Fast Food Restaurants,104.0,"",104.0,6
2020-03-13,Maine,Penobscot County,4bf58dd8d48988d118951735,Grocery Stores,141.0,"",142.0,7
2020-03-13,Maine,Penobscot County,4bf58dd8d48988d14e941735,American Restaurants,87.0,"",88.0,8
2020-03-13,Maine,Cumberland County,52f2ab2ebcbc57f1066b8b46,Supermarkets,131.0,106.0,133.0,1
2020-03-13,Maine,Cumberland County,4bf58dd8d48988d118951735,Grocery Stores,133.0,128.0,133.0,2
2020-03-13,Maine,Cumberland County,52f2ab2ebcbc57f1066b8b42,Big Box Stores,144.0,"",146.0,3
2020-03-13,Maine,Cumberland County,4bf58dd8d48988d113951735,Gas Stations,96.0,"",96.0,4
2020-03-13,Maine,Cumberland County,4bf58dd8d48988d148941735,Donut Shops,103.0,"",104.0,5
2020-03-13,Maine,Cumberland County,50327c8591d4c4b30a586d5d,Breweries,91.0,"",93.0,6
2020-03-13,Maine,Cumberland County,4bf58dd8d48988d1fd941735,Shopping Malls,111.0,"",113.0,7
2020-03-13,Maine,Cumberland County,4bf58dd8d48988d1fa931735,Hotels,57.0,"",57.0,7
2020-03-13,Maine,Cumberland County,4bf58dd8d48988d177941735,Doctor's Offices,92.0,"",91.0,8
2020-03-13,Maine,Cumberland County,4d954b0ea243a5684a65b473,Convenience Stores,93.0,"",93.0,9
2020-03-13,Maine,Cumberland County,4bf58dd8d48988d1ce941735,Seafood Restaurants,101.0,"",100.0,10
2020-03-13,Maine,Cumberland County,4bf58dd8d48988d1ca941735,Pizza Places,95.0,"",95.0,11
2020-03-13,Maine,Cumberland County,4bf58dd8d48988d14e941735,American Restaurants,78.0,"",80.0,11
2020-03-13,Maine,Cumberland County,4bf58dd8d48988d1e0931735,Coffee Shops,99.0,"",98.0,12
2020-03-13,Maine,Cumberland County,4bf58dd8d48988d112951735,Hardware Stores,103.0,"",103.0,12
2020-03-13,Maine,Cumberland County,4bf58dd8d48988d16e941735,Fast Food Restaurants,81.0,"",81.0,13
2020-03-13,Maine,Cumberland County,4bf58dd8d48988d10f951735,Pharmacies,118.0,"",120.0,14
2020-03-13,Maine,York County,52f2ab2ebcbc57f1066b8b46,Supermarkets,138.0,138.0,138.0,1
2020-03-13,Maine,York County,4bf58dd8d48988d118951735,Grocery Stores,211.0,212.0,211.0,2
2020-03-13,Maine,York County,4bf58dd8d48988d148941735,Donut Shops,123.0,"",124.0,3
2020-03-13,Maine,York County,52f2ab2ebcbc57f1066b8b42,Big Box Stores,158.0,"",158.0,4
2020-03-13,Maine,York County,4bf58dd8d48988d113951735,Gas Stations,91.0,"",92.0,5
2020-03-13,Maine,York County,4d954b0ea243a5684a65b473,Convenience Stores,104.0,"",105.0,6
2020-03-13,Maine,York County,4bf58dd8d48988d14e941735,American Restaurants,89.0,"",89.0,7
2020-03-13,Maine,Somerset County,4d954b0ea243a5684a65b473,Convenience Stores,108.0,"",108.0,1
2020-03-13,Maine,Kennebec County,52f2ab2ebcbc57f1066b8b42,Big Box Stores,119.0,"",120.0,1
2020-03-13,Maine,Kennebec County,52f2ab2ebcbc57f1066b8b46,Supermarkets,142.0,"",142.0,2
2020-03-13,Maine,Kennebec County,4bf58dd8d48988d113951735,Gas Stations,106.0,"",106.0,3
2020-03-13,Maine,Kennebec County,4bf58dd8d48988d148941735,Donut Shops,115.0,"",116.0,4
2020-03-13,Maine,Kennebec County,4d954b0ea243a5684a65b473,Convenience Stores,104.0,"",104.0,5
2020-03-13,Maine,Kennebec County,4bf58dd8d48988d10f951735,Pharmacies,140.0,"",142.0,6
2020-03-14,Maine,Androscoggin County,4bf58dd8d48988d148941735,Donut Shops,121.0,"",122.0,1
2020-03-14,Maine,Androscoggin County,4bf58dd8d48988d118951735,Grocery Stores,132.0,"",133.0,2
2020-03-14,Maine,Androscoggin County,52f2ab2ebcbc57f1066b8b42,Big Box Stores,115.0,"",115.0,3
2020-03-14,Maine,York County,52f2ab2ebcbc57f1066b8b46,Supermarkets,122.0,118.0,122.0,1
2020-03-14,Maine,York County,4bf58dd8d48988d118951735,Grocery Stores,204.0,"",206.0,2
2020-03-14,Maine,York County,4bf58dd8d48988d148941735,Donut Shops,102.0,"",102.0,3
2020-03-14,Maine,York County,4bf58dd8d48988d1e2941735,Beaches,176.0,"",180.0,4
2020-03-14,Maine,York County,52f2ab2ebcbc57f1066b8b42,Big Box Stores,112.0,"",112.0,5
2020-03-14,Maine,York County,4bf58dd8d48988d113951735,Gas Stations,96.0,"",96.0,6
2020-03-14,Maine,York County,4bf58dd8d48988d14e941735,American Restaurants,89.0,"",89.0,7
2020-03-14,Maine,York County,4d954b0ea243a5684a65b473,Convenience Stores,82.0,"",82.0,8
2020-03-14,Maine,York County,4bf58dd8d48988d1ce941735,Seafood Restaurants,107.0,"",106.0,9
2020-03-14,Maine,York County,4bf58dd8d48988d16e941735,Fast Food Restaurants,108.0,"",107.0,10
2020-03-14,Maine,Cumberland County,52f2ab2ebcbc57f1066b8b46,Supermarkets,122.0,100.0,123.0,1
2020-03-14,Maine,Cumberland County,4bf58dd8d48988d118951735,Grocery Stores,125.0,102.0,126.0,2
2020-03-14,Maine,Cumberland County,52f2ab2ebcbc57f1066b8b42,Big Box Stores,101.0,117.0,100.0,3
2020-03-14,Maine,Cumberland County,4bf58dd8d48988d112951735,Hardware Stores,139.0,"",139.0,4
2020-03-14,Maine,Cumberland County,4bf58dd8d48988d148941735,Donut Shops,87.0,"",86.0,5
2020-03-14,Maine,Cumberland County,4bf58dd8d48988d113951735,Gas Stations,82.0,"",82.0,6
2020-03-14,Maine,Cumberland County,4bf58dd8d48988d1fa931735,Hotels,64.0,"",65.0,7
2020-03-14,Maine,Cumberland County,4bf58dd8d48988d1ce941735,Seafood Restaurants,112.0,"",113.0,8
2020-03-14,Maine,Cumberland County,4bf58dd8d48988d1ca941735,Pizza Places,105.0,"",105.0,9
2020-03-14,Maine,Cumberland County,50327c8591d4c4b30a586d5d,Breweries,66.0,"",66.0,10
2020-03-14,Maine,Cumberland County,4bf58dd8d48988d14e941735,American Restaurants,71.0,"",72.0,11
2020-03-14,Maine,Cumberland County,4bf58dd8d48988d116941735,Bars,48.0,"",49.0,11
2020-03-14,Maine,Cumberland County,4bf58dd8d48988d1fd941735,Shopping Malls,68.0,"",69.0,11
2020-03-14,Maine,Cumberland County,4d954b0ea243a5684a65b473,Convenience Stores,110.0,"",110.0,12
2020-03-14,Maine,Cumberland County,4bf58dd8d48988d1e0931735,Coffee Shops,100.0,"",99.0,13
2020-03-14,Maine,Cumberland County,4bf58dd8d48988d16e941735,Fast Food Restaurants,84.0,"",84.0,14
2020-03-14,Maine,Aroostook County,4bf58dd8d48988d118951735,Grocery Stores,135.0,"",136.0,1
2020-03-14,Maine,Aroostook County,4bf58dd8d48988d14e941735,American Restaurants,128.0,"",129.0,2
2020-03-14,Maine,Penobscot County,52f2ab2ebcbc57f1066b8b42,Big Box Stores,104.0,"",104.0,1
2020-03-14,Maine,Penobscot County,52f2ab2ebcbc57f1066b8b46,Supermarkets,127.0,"",126.0,2
2020-03-14,Maine,Penobscot County,4bf58dd8d48988d118951735,Grocery Stores,156.0,"",158.0,3
2020-03-14,Maine,Penobscot County,4d954b0ea243a5684a65b473,Convenience Stores,81.0,"",81.0,4
2020-03-14,Maine,Penobscot County,4bf58dd8d48988d113951735,Gas Stations,90.0,"",89.0,5
2020-03-14,Maine,Penobscot County,4bf58dd8d48988d148941735,Donut Shops,91.0,"",91.0,5
2020-03-14,Maine,Penobscot County,4bf58dd8d48988d14e941735,American Restaurants,72.0,"",73.0,6
2020-03-14,Maine,Penobscot County,4bf58dd8d48988d16e941735,Fast Food Restaurants,72.0,"",71.0,7
2020-03-14,Maine,Penobscot County,4bf58dd8d48988d112951735,Hardware Stores,111.0,"",111.0,8
2020-03-14,Maine,Somerset County,4d954b0ea243a5684a65b473,Convenience Stores,115.0,"",114.0,1
2020-03-14,Maine,Kennebec County,52f2ab2ebcbc57f1066b8b42,Big Box Stores,102.0,"",101.0,1
2020-03-14,Maine,Kennebec County,52f2ab2ebcbc57f1066b8b46,Supermarkets,126.0,"",127.0,2
2020-03-14,Maine,Kennebec County,4bf58dd8d48988d148941735,Donut Shops,108.0,"",107.0,3
2020-03-14,Maine,Kennebec County,5744ccdfe4b0c0459246b4dc,Shopping Plazas,96.0,"",98.0,4
2020-03-14,Maine,Kennebec County,4d954b0ea243a5684a65b473,Convenience Stores,107.0,"",106.0,5
2020-03-15,Maine,Kennebec County,52f2ab2ebcbc57f1066b8b46,Supermarkets,111.0,"",110.0,1
2020-03-15,Maine,Kennebec County,52f2ab2ebcbc57f1066b8b42,Big Box Stores,108.0,"",109.0,2
2020-03-15,Maine,Cumberland County,52f2ab2ebcbc57f1066b8b46,Supermarkets,90.0,97.0,90.0,1
2020-03-15,Maine,Cumberland County,4bf58dd8d48988d118951735,Grocery Stores,105.0,"",107.0,2
2020-03-15,Maine,Cumberland County,52f2ab2ebcbc57f1066b8b42,Big Box Stores,92.0,"",92.0,3
2020-03-15,Maine,Cumberland County,4bf58dd8d48988d113951735,Gas Stations,99.0,"",99.0,4
2020-03-15,Maine,Cumberland County,4bf58dd8d48988d148941735,Donut Shops,83.0,"",84.0,5
2020-03-15,Maine,Cumberland County,4bf58dd8d48988d112951735,Hardware Stores,100.0,"",101.0,6
2020-03-15,Maine,York County,52f2ab2ebcbc57f1066b8b46,Supermarkets,97.0,110.0,97.0,1
2020-03-15,Maine,York County,4bf58dd8d48988d118951735,Grocery Stores,174.0,"",176.0,2
2020-03-15,Maine,York County,4bf58dd8d48988d1e2941735,Beaches,141.0,"",143.0,3
2020-03-15,Maine,York County,4bf58dd8d48988d148941735,Donut Shops,98.0,"",99.0,4
2020-03-15,Maine,York County,4d954b0ea243a5684a65b473,Convenience Stores,98.0,"",98.0,5
2020-03-15,Maine,York County,4bf58dd8d48988d14e941735,American Restaurants,95.0,"",94.0,6
2020-03-15,Maine,York County,52f2ab2ebcbc57f1066b8b42,Big Box Stores,88.0,"",88.0,7
2020-03-15,Maine,York County,4bf58dd8d48988d113951735,Gas Stations,80.0,"",80.0,8
2020-03-15,Maine,York County,4bf58dd8d48988d1ce941735,Seafood Restaurants,104.0,"",103.0,9
2020-03-15,Maine,Penobscot County,52f2ab2ebcbc57f1066b8b42,Big Box Stores,90.0,"",90.0,1
2020-03-15,Maine,Penobscot County,52f2ab2ebcbc57f1066b8b46,Supermarkets,115.0,"",115.0,2
2020-03-15,Maine,Penobscot County,4d954b0ea243a5684a65b473,Convenience Stores,95.0,"",95.0,3
2020-03-15,Maine,Penobscot County,4bf58dd8d48988d113951735,Gas Stations,92.0,"",92.0,4
2020-03-15,Maine,Penobscot County,4bf58dd8d48988d118951735,Grocery Stores,126.0,"",127.0,5
2020-03-15,Maine,Penobscot County,4bf58dd8d48988d148941735,Donut Shops,88.0,"",89.0,6
2020-03-15,Maine,Androscoggin County,4bf58dd8d48988d118951735,Grocery Stores,112.0,"",113.0,1
2020-03-16,Maine,Kennebec County,52f2ab2ebcbc57f1066b8b42,Big Box Stores,109.0,"",111.0,1
2020-03-16,Maine,Kennebec County,52f2ab2ebcbc57f1066b8b46,Supermarkets,110.0,"",112.0,2
2020-03-16,Maine,Penobscot County,52f2ab2ebcbc57f1066b8b46,Supermarkets,130.0,"",130.0,1
2020-03-16,Maine,Penobscot County,4d954b0ea243a5684a65b473,Convenience Stores,85.0,"",84.0,2
2020-03-16,Maine,Penobscot County,52f2ab2ebcbc57f1066b8b42,Big Box Stores,101.0,"",101.0,3
2020-03-16,Maine,Penobscot County,4bf58dd8d48988d118951735,Grocery Stores,168.0,"",168.0,4
2020-03-16,Maine,Penobscot County,4bf58dd8d48988d113951735,Gas Stations,77.0,"",76.0,5
2020-03-16,Maine,Cumberland County,52f2ab2ebcbc57f1066b8b46,Supermarkets,110.0,105.0,111.0,1
2020-03-16,Maine,Cumberland County,4bf58dd8d48988d118951735,Grocery Stores,117.0,105.0,118.0,2
2020-03-16,Maine,Cumberland County,52f2ab2ebcbc57f1066b8b42,Big Box Stores,98.0,"",99.0,3
2020-03-16,Maine,Cumberland County,4bf58dd8d48988d113951735,Gas Stations,76.0,"",76.0,4
2020-03-16,Maine,Cumberland County,4bf58dd8d48988d177941735,Doctor's Offices,85.0,"",85.0,5
2020-03-16,Maine,Cumberland County,4bf58dd8d48988d148941735,Donut Shops,94.0,"",94.0,6
2020-03-16,Maine,Somerset County,4d954b0ea243a5684a65b473,Convenience Stores,106.0,"",107.0,1
2020-03-16,Maine,York County,52f2ab2ebcbc57f1066b8b46,Supermarkets,129.0,144.0,128.0,1
2020-03-16,Maine,York County,4bf58dd8d48988d118951735,Grocery Stores,209.0,"",207.0,2
2020-03-16,Maine,York County,4bf58dd8d48988d113951735,Gas Stations,101.0,"",102.0,3
2020-03-16,Maine,York County,4bf58dd8d48988d148941735,Donut Shops,100.0,"",100.0,4
2020-03-16,Maine,York County,52f2ab2ebcbc57f1066b8b42,Big Box Stores,134.0,"",132.0,5
2020-03-16,Maine,York County,4d954b0ea243a5684a65b473,Convenience Stores,84.0,"",84.0,6
2020-03-17,Maine,Kennebec County,52f2ab2ebcbc57f1066b8b46,Supermarkets,120.0,"",123.0,1
2020-03-17,Maine,York County,52f2ab2ebcbc57f1066b8b46,Supermarkets,114.0,"",115.0,1
2020-03-17,Maine,York County,4bf58dd8d48988d113951735,Gas Stations,87.0,"",89.0,2
2020-03-17,Maine,York County,4bf58dd8d48988d118951735,Grocery Stores,151.0,"",151.0,3
2020-03-17,Maine,York County,4d954b0ea243a5684a65b473,Convenience Stores,82.0,"",82.0,4
2020-03-17,Maine,York County,4bf58dd8d48988d148941735,Donut Shops,87.0,"",88.0,5
2020-03-17,Maine,Cumberland County,52f2ab2ebcbc57f1066b8b46,Supermarkets,107.0,104.0,108.0,1
2020-03-17,Maine,Cumberland County,4bf58dd8d48988d118951735,Grocery Stores,105.0,"",107.0,2
2020-03-17,Maine,Cumberland County,52f2ab2ebcbc57f1066b8b42,Big Box Stores,106.0,"",106.0,3
2020-03-17,Maine,Cumberland County,4bf58dd8d48988d113951735,Gas Stations,68.0,"",68.0,4
2020-03-17,Maine,Cumberland County,4bf58dd8d48988d148941735,Donut Shops,85.0,"",84.0,4
2020-03-17,Maine,Cumberland County,4bf58dd8d48988d112951735,Hardware Stores,105.0,"",106.0,5
2020-03-17,Maine,Cumberland County,4d954b0ea243a5684a65b473,Convenience Stores,96.0,"",96.0,6
2020-03-17,Maine,Penobscot County,52f2ab2ebcbc57f1066b8b46,Supermarkets,118.0,"",119.0,1
2020-03-17,Maine,Penobscot County,4bf58dd8d48988d113951735,Gas Stations,78.0,"",78.0,2
2020-03-17,Maine,Penobscot County,52f2ab2ebcbc57f1066b8b42,Big Box Stores,99.0,"",99.0,3
2020-03-17,Maine,Penobscot County,4d954b0ea243a5684a65b473,Convenience Stores,70.0,"",70.0,4
2020-03-18,Maine,York County,52f2ab2ebcbc57f1066b8b46,Supermarkets,96.0,97.0,96.0,1
2020-03-18,Maine,York County,4bf58dd8d48988d113951735,Gas Stations,88.0,"",87.0,2
2020-03-18,Maine,York County,4bf58dd8d48988d118951735,Grocery Stores,138.0,"",139.0,3
2020-03-18,Maine,York County,4bf58dd8d48988d1e2941735,Beaches,171.0,170.0,171.0,4
2020-03-18,Maine,York County,4bf58dd8d48988d148941735,Donut Shops,81.0,"",82.0,5
2020-03-18,Maine,York County,4d954b0ea243a5684a65b473,Convenience Stores,71.0,"",72.0,6
2020-03-18,Maine,Cumberland County,52f2ab2ebcbc57f1066b8b46,Supermarkets,85.0,71.0,86.0,1
2020-03-18,Maine,Cumberland County,4bf58dd8d48988d118951735,Grocery Stores,87.0,"",88.0,2
2020-03-18,Maine,Cumberland County,4bf58dd8d48988d113951735,Gas Stations,68.0,"",67.0,3
2020-03-18,Maine,Cumberland County,52f2ab2ebcbc57f1066b8b42,Big Box Stores,87.0,"",88.0,4
2020-03-18,Maine,Cumberland County,4bf58dd8d48988d148941735,Donut Shops,73.0,"",72.0,5
2020-03-18,Maine,Penobscot County,4d954b0ea243a5684a65b473,Convenience Stores,84.0,"",84.0,1
2020-03-18,Maine,Penobscot County,52f2ab2ebcbc57f1066b8b46,Supermarkets,96.0,"",96.0,2
2020-03-18,Maine,Penobscot County,52f2ab2ebcbc57f1066b8b42,Big Box Stores,81.0,"",79.0,3
2020-03-18,Maine,Penobscot County,4bf58dd8d48988d113951735,Gas Stations,63.0,"",62.0,4
2020-03-18,Maine,Penobscot County,4bf58dd8d48988d118951735,Grocery Stores,120.0,"",118.0,5
2020-03-18,Maine,Kennebec County,4bf58dd8d48988d113951735,Gas Stations,91.0,"",92.0,1
2020-03-18,Maine,Kennebec County,52f2ab2ebcbc57f1066b8b46,Supermarkets,100.0,"",101.0,2
2020-03-18,Maine,Kennebec County,52f2ab2ebcbc57f1066b8b42,Big Box Stores,90.0,"",91.0,3
2020-03-19,Maine,Penobscot County,4d954b0ea243a5684a65b473,Convenience Stores,71.0,"",72.0,1
2020-03-19,Maine,Penobscot County,4bf58dd8d48988d113951735,Gas Stations,75.0,"",75.0,2
2020-03-19,Maine,Penobscot County,52f2ab2ebcbc57f1066b8b42,Big Box Stores,82.0,"",82.0,3
2020-03-19,Maine,Penobscot County,52f2ab2ebcbc57f1066b8b46,Supermarkets,80.0,"",81.0,4
2020-03-19,Maine,Cumberland County,52f2ab2ebcbc57f1066b8b46,Supermarkets,103.0,104.0,103.0,1
2020-03-19,Maine,Cumberland County,4bf58dd8d48988d118951735,Grocery Stores,84.0,"",84.0,2
2020-03-19,Maine,Cumberland County,52f2ab2ebcbc57f1066b8b42,Big Box Stores,95.0,"",93.0,3
2020-03-19,Maine,Cumberland County,4bf58dd8d48988d148941735,Donut Shops,79.0,"",78.0,4
2020-03-19,Maine,Cumberland County,4bf58dd8d48988d113951735,Gas Stations,57.0,"",56.0,5
2020-03-19,Maine,York County,52f2ab2ebcbc57f1066b8b46,Supermarkets,121.0,"",122.0,1
2020-03-19,Maine,York County,4bf58dd8d48988d113951735,Gas Stations,81.0,"",82.0,2
2020-03-19,Maine,York County,4bf58dd8d48988d118951735,Grocery Stores,120.0,"",120.0,3
2020-03-19,Maine,York County,4d954b0ea243a5684a65b473,Convenience Stores,76.0,"",77.0,4
2020-03-19,Maine,York County,4bf58dd8d48988d148941735,Donut Shops,81.0,"",81.0,5
2020-03-19,Maine,Kennebec County,52f2ab2ebcbc57f1066b8b42,Big Box Stores,105.0,"",106.0,1
2020-03-20,Maine,Somerset County,4d954b0ea243a5684a65b473,Convenience Stores,95.0,"",94.0,1
2020-03-20,Maine,Penobscot County,52f2ab2ebcbc57f1066b8b42,Big Box Stores,110.0,"",110.0,1
2020-03-20,Maine,Penobscot County,4d954b0ea243a5684a65b473,Convenience Stores,74.0,"",74.0,2
2020-03-20,Maine,Penobscot County,52f2ab2ebcbc57f1066b8b46,Supermarkets,108.0,"",108.0,3
2020-03-20,Maine,Penobscot County,4bf58dd8d48988d113951735,Gas Stations,74.0,"",74.0,4
2020-03-20,Maine,Penobscot County,4bf58dd8d48988d148941735,Donut Shops,83.0,"",83.0,5
2020-03-20,Maine,York County,52f2ab2ebcbc57f1066b8b46,Supermarkets,111.0,103.0,112.0,1
2020-03-20,Maine,York County,4bf58dd8d48988d118951735,Grocery Stores,155.0,"",157.0,2
2020-03-20,Maine,York County,4bf58dd8d48988d113951735,Gas Stations,75.0,"",76.0,3
2020-03-20,Maine,York County,4bf58dd8d48988d148941735,Donut Shops,78.0,"",78.0,4
2020-03-20,Maine,York County,52f2ab2ebcbc57f1066b8b42,Big Box Stores,109.0,"",109.0,5
2020-03-20,Maine,York County,4d954b0ea243a5684a65b473,Convenience Stores,76.0,"",76.0,6
2020-03-20,Maine,Cumberland County,52f2ab2ebcbc57f1066b8b46,Supermarkets,97.0,78.0,98.0,1
2020-03-20,Maine,Cumberland County,4bf58dd8d48988d148941735,Donut Shops,88.0,"",87.0,2
2020-03-20,Maine,Cumberland County,4bf58dd8d48988d118951735,Grocery Stores,81.0,"",81.0,3
2020-03-20,Maine,Cumberland County,52f2ab2ebcbc57f1066b8b42,Big Box Stores,90.0,"",90.0,4
2020-03-20,Maine,Cumberland County,4bf58dd8d48988d113951735,Gas Stations,57.0,"",58.0,5
2020-03-20,Maine,Kennebec County,52f2ab2ebcbc57f1066b8b46,Supermarkets,118.0,"",119.0,1
2020-03-20,Maine,Kennebec County,52f2ab2ebcbc57f1066b8b42,Big Box Stores,81.0,"",80.0,2
2020-03-21,Maine,Kennebec County,52f2ab2ebcbc57f1066b8b46,Supermarkets,97.0,"",99.0,1
2020-03-21,Maine,Kennebec County,52f2ab2ebcbc57f1066b8b42,Big Box Stores,64.0,"",63.0,2
2020-03-21,Maine,Penobscot County,52f2ab2ebcbc57f1066b8b42,Big Box Stores,65.0,"",66.0,1
2020-03-21,Maine,Penobscot County,4d954b0ea243a5684a65b473,Convenience Stores,67.0,"",67.0,2
2020-03-21,Maine,Penobscot County,52f2ab2ebcbc57f1066b8b46,Supermarkets,91.0,"",92.0,3
2020-03-21,Maine,Penobscot County,4bf58dd8d48988d113951735,Gas Stations,72.0,"",72.0,4
2020-03-21,Maine,Penobscot County,4bf58dd8d48988d118951735,Grocery Stores,96.0,"",97.0,5
2020-03-21,Maine,Cumberland County,52f2ab2ebcbc57f1066b8b46,Supermarkets,72.0,72.0,72.0,1
2020-03-21,Maine,Cumberland County,52f2ab2ebcbc57f1066b8b42,Big Box Stores,69.0,"",70.0,2
2020-03-21,Maine,Cumberland County,4bf58dd8d48988d118951735,Grocery Stores,73.0,"",73.0,3
2020-03-21,Maine,Cumberland County,4bf58dd8d48988d113951735,Gas Stations,61.0,"",60.0,4
2020-03-21,Maine,Cumberland County,4bf58dd8d48988d112951735,Hardware Stores,72.0,"",73.0,5
2020-03-21,Maine,Androscoggin County,4bf58dd8d48988d118951735,Grocery Stores,120.0,"",120.0,1
2020-03-21,Maine,York County,4bf58dd8d48988d1e2941735,Beaches,207.0,"",212.0,1
2020-03-21,Maine,York County,52f2ab2ebcbc57f1066b8b46,Supermarkets,100.0,"",103.0,2
2020-03-21,Maine,York County,4bf58dd8d48988d113951735,Gas Stations,98.0,"",98.0,3
2020-03-21,Maine,York County,4bf58dd8d48988d118951735,Grocery Stores,130.0,"",131.0,4
2020-03-21,Maine,York County,4bf58dd8d48988d148941735,Donut Shops,80.0,"",80.0,5
2020-03-21,Maine,York County,4d954b0ea243a5684a65b473,Convenience Stores,88.0,"",88.0,6
2020-03-21,Maine,York County,52f2ab2ebcbc57f1066b8b42,Big Box Stores,82.0,"",83.0,7
2020-03-22,Maine,Penobscot County,4d954b0ea243a5684a65b473,Convenience Stores,72.0,"",71.0,1
2020-03-22,Maine,Kennebec County,52f2ab2ebcbc57f1066b8b42,Big Box Stores,77.0,"",78.0,1
2020-03-22,Maine,Cumberland County,52f2ab2ebcbc57f1066b8b46,Supermarkets,69.0,"",69.0,1
2020-03-22,Maine,Cumberland County,4bf58dd8d48988d118951735,Grocery Stores,73.0,"",74.0,2
2020-03-22,Maine,Cumberland County,52f2ab2ebcbc57f1066b8b42,Big Box Stores,60.0,"",59.0,3
2020-03-22,Maine,York County,52f2ab2ebcbc57f1066b8b46,Supermarkets,69.0,"",70.0,1
2020-03-22,Maine,York County,4bf58dd8d48988d1e2941735,Beaches,129.0,"",131.0,2
2020-03-22,Maine,York County,4bf58dd8d48988d118951735,Grocery Stores,127.0,"",129.0,3
2020-03-22,Maine,York County,4bf58dd8d48988d113951735,Gas Stations,78.0,"",78.0,4
2020-03-23,Maine,Cumberland County,52f2ab2ebcbc57f1066b8b46,Supermarkets,81.0,80.0,81.0,1
2020-03-23,Maine,Cumberland County,4bf58dd8d48988d113951735,Gas Stations,71.0,"",70.0,2
2020-03-23,Maine,Cumberland County,4bf58dd8d48988d118951735,Grocery Stores,71.0,"",71.0,3
2020-03-23,Maine,York County,52f2ab2ebcbc57f1066b8b46,Supermarkets,78.0,"",78.0,1
2020-03-23,Maine,York County,4bf58dd8d48988d118951735,Grocery Stores,174.0,"",172.0,2
2020-03-23,Maine,York County,4bf58dd8d48988d113951735,Gas Stations,86.0,"",86.0,3
2020-03-23,Maine,Penobscot County,4d954b0ea243a5684a65b473,Convenience Stores,87.0,"",87.0,1
2020-03-23,Maine,Penobscot County,4bf58dd8d48988d113951735,Gas Stations,71.0,"",72.0,2
2020-03-24,Maine,York County,52f2ab2ebcbc57f1066b8b46,Supermarkets,72.0,"",73.0,1
2020-03-24,Maine,York County,4bf58dd8d48988d113951735,Gas Stations,75.0,"",76.0,2
2020-03-24,Maine,Cumberland County,52f2ab2ebcbc57f1066b8b46,Supermarkets,84.0,"",84.0,1
2020-03-24,Maine,Cumberland County,4bf58dd8d48988d113951735,Gas Stations,65.0,"",66.0,2
2020-03-24,Maine,Penobscot County,4d954b0ea243a5684a65b473,Convenience Stores,65.0,"",65.0,1
2020-03-25,Maine,Penobscot County,4d954b0ea243a5684a65b473,Convenience Stores,57.0,"",57.0,1
2020-03-25,Maine,York County,52f2ab2ebcbc57f1066b8b46,Supermarkets,72.0,"",72.0,1
2020-03-25,Maine,York County,4bf58dd8d48988d113951735,Gas Stations,70.0,"",70.0,2
2020-03-25,Maine,Cumberland County,52f2ab2ebcbc57f1066b8b46,Supermarkets,77.0,78.0,77.0,1
2020-03-25,Maine,Cumberland County,4bf58dd8d48988d113951735,Gas Stations,52.0,"",51.0,2
2020-03-25,Maine,Cumberland County,4bf58dd8d48988d148941735,Donut Shops,65.0,"",64.0,2
2020-03-26,Maine,Cumberland County,52f2ab2ebcbc57f1066b8b46,Supermarkets,80.0,"",80.0,1
2020-03-26,Maine,Cumberland County,4bf58dd8d48988d113951735,Gas Stations,58.0,"",58.0,2
2020-03-26,Maine,Penobscot County,4d954b0ea243a5684a65b473,Convenience Stores,73.0,"",73.0,1
2020-03-26,Maine,Penobscot County,52f2ab2ebcbc57f1066b8b42,Big Box Stores,83.0,"",82.0,2
2020-03-26,Maine,Penobscot County,4bf58dd8d48988d113951735,Gas Stations,65.0,"",65.0,3
2020-03-26,Maine,York County,52f2ab2ebcbc57f1066b8b46,Supermarkets,104.0,"",104.0,1
2020-03-26,Maine,York County,4bf58dd8d48988d113951735,Gas Stations,88.0,"",88.0,2
2020-03-26,Maine,York County,4d954b0ea243a5684a65b473,Convenience Stores,79.0,"",78.0,3
2020-03-27,Maine,York County,4bf58dd8d48988d113951735,Gas Stations,91.0,"",92.0,1
2020-03-27,Maine,York County,52f2ab2ebcbc57f1066b8b46,Supermarkets,84.0,"",85.0,2
2020-03-27,Maine,York County,4bf58dd8d48988d148941735,Donut Shops,83.0,"",81.0,3
2020-03-27,Maine,York County,4d954b0ea243a5684a65b473,Convenience Stores,84.0,"",84.0,4
2020-03-27,Maine,York County,4bf58dd8d48988d118951735,Grocery Stores,116.0,"",116.0,5
2020-03-27,Maine,York County,4bf58dd8d48988d1e2941735,Beaches,158.0,"",160.0,6
2020-03-27,Maine,Cumberland County,52f2ab2ebcbc57f1066b8b46,Supermarkets,68.0,"",68.0,1
2020-03-27,Maine,Cumberland County,4bf58dd8d48988d113951735,Gas Stations,65.0,"",64.0,2
2020-03-27,Maine,Cumberland County,52f2ab2ebcbc57f1066b8b42,Big Box Stores,80.0,"",81.0,3
2020-03-27,Maine,Cumberland County,4bf58dd8d48988d118951735,Grocery Stores,64.0,"",63.0,4
2020-03-27,Maine,Cumberland County,4bf58dd8d48988d148941735,Donut Shops,66.0,"",66.0,5
2020-03-27,Maine,Penobscot County,4d954b0ea243a5684a65b473,Convenience Stores,68.0,"",69.0,1
2020-03-27,Maine,Penobscot County,4bf58dd8d48988d113951735,Gas Stations,69.0,"",69.0,2
2020-03-27,Maine,Penobscot County,52f2ab2ebcbc57f1066b8b42,Big Box Stores,65.0,"",66.0,3
2020-03-27,Maine,Kennebec County,52f2ab2ebcbc57f1066b8b42,Big Box Stores,76.0,"",76.0,1
2020-03-28,Maine,York County,52f2ab2ebcbc57f1066b8b46,Supermarkets,78.0,"",78.0,1
2020-03-28,Maine,York County,4bf58dd8d48988d113951735,Gas Stations,85.0,"",84.0,2
2020-03-28,Maine,York County,4bf58dd8d48988d118951735,Grocery Stores,116.0,"",117.0,3
2020-03-28,Maine,York County,4bf58dd8d48988d148941735,Donut Shops,65.0,"",66.0,4
2020-03-28,Maine,York County,4bf58dd8d48988d112951735,Hardware Stores,136.0,"",137.0,5
2020-03-28,Maine,York County,4bf58dd8d48988d1e2941735,Beaches,104.0,"",105.0,6
2020-03-28,Maine,Cumberland County,52f2ab2ebcbc57f1066b8b46,Supermarkets,67.0,"",67.0,1
2020-03-28,Maine,Cumberland County,52f2ab2ebcbc57f1066b8b42,Big Box Stores,61.0,"",62.0,2
2020-03-28,Maine,Cumberland County,4bf58dd8d48988d113951735,Gas Stations,61.0,"",62.0,3
2020-03-28,Maine,Cumberland County,4bf58dd8d48988d118951735,Grocery Stores,57.0,"",57.0,4
2020-03-28,Maine,Cumberland County,4bf58dd8d48988d148941735,Donut Shops,56.0,"",57.0,5
2020-03-28,Maine,Cumberland County,4bf58dd8d48988d112951735,Hardware Stores,72.0,"",73.0,6
2020-03-28,Maine,Penobscot County,4d954b0ea243a5684a65b473,Convenience Stores,69.0,"",70.0,1
2020-03-28,Maine,Penobscot County,52f2ab2ebcbc57f1066b8b42,Big Box Stores,60.0,"",61.0,2
2020-03-28,Maine,Penobscot County,52f2ab2ebcbc57f1066b8b46,Supermarkets,78.0,"",79.0,3
2020-03-28,Maine,Penobscot County,4bf58dd8d48988d113951735,Gas Stations,72.0,"",72.0,3
2020-03-28,Maine,Kennebec County,52f2ab2ebcbc57f1066b8b46,Supermarkets,77.0,"",77.0,1
2020-03-29,Maine,Cumberland County,52f2ab2ebcbc57f1066b8b46,Supermarkets,47.0,"",47.0,1
2020-03-29,Maine,York County,52f2ab2ebcbc57f1066b8b46,Supermarkets,56.0,"",57.0,1
2020-03-30,Maine,Cumberland County,52f2ab2ebcbc57f1066b8b46,Supermarkets,53.0,"",53.0,1
2020-03-30,Maine,York County,52f2ab2ebcbc57f1066b8b46,Supermarkets,68.0,"",69.0,1
2020-03-30,Maine,York County,4bf58dd8d48988d148941735,Donut Shops,76.0,"",76.0,2
2020-03-31,Maine,Penobscot County,52f2ab2ebcbc57f1066b8b46,Supermarkets,82.0,"",83.0,1
2020-03-31,Maine,York County,52f2ab2ebcbc57f1066b8b46,Supermarkets,70.0,"",70.0,1
2020-03-31,Maine,York County,4bf58dd8d48988d113951735,Gas Stations,70.0,"",71.0,2
2020-03-31,Maine,Cumberland County,52f2ab2ebcbc57f1066b8b46,Supermarkets,72.0,"",73.0,1
