2020-03-01,NorthDakota,Burleigh County,52f2ab2ebcbc57f1066b8b42,Big Box Stores,108.0,"",108.0,1
2020-03-01,NorthDakota,Burleigh County,4bf58dd8d48988d113951735,Gas Stations,94.0,"",95.0,2
2020-03-01,NorthDakota,Burleigh County,4bf58dd8d48988d14e941735,American Restaurants,87.0,"",87.0,3
2020-03-01,NorthDakota,Burleigh County,4bf58dd8d48988d16e941735,Fast Food Restaurants,90.0,"",91.0,4
2020-03-01,NorthDakota,Burleigh County,4bf58dd8d48988d116941735,Bars,54.0,"",55.0,5
2020-03-01,NorthDakota,Burleigh County,4bf58dd8d48988d112951735,Hardware Stores,114.0,"",116.0,6
2020-03-01,NorthDakota,Burleigh County,4bf58dd8d48988d1fd941735,Shopping Malls,103.0,"",104.0,7
2020-03-01,NorthDakota,Williams County,4bf58dd8d48988d113951735,Gas Stations,97.0,"",97.0,1
2020-03-01,NorthDakota,Ward County,4bf58dd8d48988d116941735,Bars,81.0,"",81.0,1
2020-03-01,NorthDakota,Ward County,52f2ab2ebcbc57f1066b8b42,Big Box Stores,110.0,"",109.0,2
2020-03-01,NorthDakota,Ward County,4bf58dd8d48988d113951735,Gas Stations,94.0,"",94.0,3
2020-03-01,NorthDakota,Ward County,4bf58dd8d48988d16e941735,Fast Food Restaurants,116.0,"",116.0,4
2020-03-01,NorthDakota,Ward County,4bf58dd8d48988d1fa931735,Hotels,125.0,"",124.0,5
2020-03-01,NorthDakota,Ward County,4bf58dd8d48988d1fd941735,Shopping Malls,114.0,"",114.0,6
2020-03-01,NorthDakota,Cass County,4bf58dd8d48988d116941735,Bars,65.0,"",65.0,1
2020-03-01,NorthDakota,Cass County,4bf58dd8d48988d113951735,Gas Stations,99.0,"",99.0,2
2020-03-01,NorthDakota,Cass County,52f2ab2ebcbc57f1066b8b42,Big Box Stores,91.0,"",91.0,3
2020-03-01,NorthDakota,Cass County,4bf58dd8d48988d118951735,Grocery Stores,103.0,"",103.0,4
2020-03-01,NorthDakota,Cass County,4bf58dd8d48988d16e941735,Fast Food Restaurants,100.0,"",100.0,5
2020-03-01,NorthDakota,Cass County,4bf58dd8d48988d1fa931735,Hotels,82.0,"",82.0,6
2020-03-01,NorthDakota,Cass County,4bf58dd8d48988d1c5941735,Sandwich Places,86.0,"",86.0,7
2020-03-01,NorthDakota,Cass County,4bf58dd8d48988d1fd941735,Shopping Malls,108.0,"",108.0,8
2020-03-01,NorthDakota,Cass County,52e816a6bcbc57f1066b7a54,Warehouse Stores,97.0,"",97.0,9
2020-03-01,NorthDakota,Cass County,4bf58dd8d48988d1ca941735,Pizza Places,114.0,"",114.0,10
2020-03-01,NorthDakota,Cass County,4bf58dd8d48988d14e941735,American Restaurants,101.0,"",101.0,11
2020-03-01,NorthDakota,Cass County,4bf58dd8d48988d1f6941735,Department Stores,93.0,"",93.0,12
2020-03-01,NorthDakota,Cass County,52f2ab2ebcbc57f1066b8b46,Supermarkets,90.0,"",89.0,13
2020-03-01,NorthDakota,Cass County,4bf58dd8d48988d1e0931735,Coffee Shops,105.0,"",105.0,14
2020-03-01,NorthDakota,Cass County,4bf58dd8d48988d112951735,Hardware Stores,117.0,"",117.0,15
2020-03-01,NorthDakota,Cass County,4d954b06a243a5684965b473,Residential Buildings (Apartments / Condos),107.0,"",107.0,16
2020-03-01,NorthDakota,Richland County,4bf58dd8d48988d116941735,Bars,115.0,"",115.0,1
2020-03-01,NorthDakota,Morton County,4bf58dd8d48988d116941735,Bars,78.0,"",78.0,1
2020-03-01,NorthDakota,Grand Forks County,4bf58dd8d48988d116941735,Bars,71.0,"",71.0,1
2020-03-01,NorthDakota,Grand Forks County,52f2ab2ebcbc57f1066b8b42,Big Box Stores,96.0,"",96.0,2
2020-03-01,NorthDakota,Grand Forks County,4bf58dd8d48988d1b5941735,College Hockey Rinks,203.0,"",204.0,3
2020-03-01,NorthDakota,Grand Forks County,4bf58dd8d48988d113951735,Gas Stations,96.0,"",96.0,4
2020-03-01,NorthDakota,Grand Forks County,4bf58dd8d48988d16e941735,Fast Food Restaurants,93.0,"",93.0,5
2020-03-02,NorthDakota,Burleigh County,52f2ab2ebcbc57f1066b8b42,Big Box Stores,97.0,"",97.0,1
2020-03-02,NorthDakota,Burleigh County,4bf58dd8d48988d113951735,Gas Stations,104.0,"",105.0,2
2020-03-02,NorthDakota,Burleigh County,4bf58dd8d48988d16e941735,Fast Food Restaurants,88.0,"",87.0,3
2020-03-02,NorthDakota,Burleigh County,4bf58dd8d48988d118951735,Grocery Stores,113.0,"",112.0,4
2020-03-02,NorthDakota,Burleigh County,4bf58dd8d48988d14e941735,American Restaurants,100.0,"",100.0,5
2020-03-02,NorthDakota,Burleigh County,4bf58dd8d48988d116941735,Bars,62.0,"",62.0,5
2020-03-02,NorthDakota,Williams County,4bf58dd8d48988d113951735,Gas Stations,97.0,"",97.0,1
2020-03-02,NorthDakota,Grand Forks County,52f2ab2ebcbc57f1066b8b42,Big Box Stores,97.0,"",96.0,1
2020-03-02,NorthDakota,Grand Forks County,4bf58dd8d48988d113951735,Gas Stations,90.0,"",90.0,2
2020-03-02,NorthDakota,Grand Forks County,4bf58dd8d48988d116941735,Bars,82.0,"",82.0,3
2020-03-02,NorthDakota,Grand Forks County,4bf58dd8d48988d16e941735,Fast Food Restaurants,81.0,"",80.0,4
2020-03-02,NorthDakota,Ward County,4bf58dd8d48988d113951735,Gas Stations,94.0,"",93.0,1
2020-03-02,NorthDakota,Ward County,4bf58dd8d48988d116941735,Bars,61.0,"",60.0,2
2020-03-02,NorthDakota,Ward County,52f2ab2ebcbc57f1066b8b42,Big Box Stores,100.0,"",99.0,3
2020-03-02,NorthDakota,Ward County,4bf58dd8d48988d16e941735,Fast Food Restaurants,91.0,"",91.0,4
2020-03-02,NorthDakota,McKenzie County,4bf58dd8d48988d113951735,Gas Stations,97.0,"",98.0,1
2020-03-02,NorthDakota,Cass County,4bf58dd8d48988d113951735,Gas Stations,93.0,102.0,93.0,1
2020-03-02,NorthDakota,Cass County,4bf58dd8d48988d116941735,Bars,65.0,"",65.0,2
2020-03-02,NorthDakota,Cass County,4bf58dd8d48988d16e941735,Fast Food Restaurants,89.0,"",89.0,3
2020-03-02,NorthDakota,Cass County,52f2ab2ebcbc57f1066b8b42,Big Box Stores,92.0,"",92.0,4
2020-03-02,NorthDakota,Cass County,4bf58dd8d48988d124941735,Offices,100.0,"",99.0,5
2020-03-02,NorthDakota,Cass County,4bf58dd8d48988d1c5941735,Sandwich Places,98.0,"",98.0,6
2020-03-02,NorthDakota,Cass County,4bf58dd8d48988d118951735,Grocery Stores,79.0,"",80.0,7
2020-03-02,NorthDakota,Cass County,4bf58dd8d48988d176941735,Gyms,109.0,"",109.0,8
2020-03-02,NorthDakota,Cass County,4bf58dd8d48988d196941735,Hospitals,84.0,"",85.0,9
2020-03-02,NorthDakota,Cass County,4f4533804b9074f6e4fb0105,Elementary Schools,159.0,"",158.0,10
2020-03-02,NorthDakota,Cass County,52f2ab2ebcbc57f1066b8b46,Supermarkets,102.0,"",102.0,11
2020-03-02,NorthDakota,Cass County,4bf58dd8d48988d177941735,Doctor's Offices,112.0,"",112.0,12
2020-03-02,NorthDakota,Cass County,4bf58dd8d48988d1fa931735,Hotels,67.0,"",67.0,13
2020-03-02,NorthDakota,Cass County,4bf58dd8d48988d1e0931735,Coffee Shops,92.0,"",92.0,14
2020-03-02,NorthDakota,Cass County,4bf58dd8d48988d1ca941735,Pizza Places,95.0,"",95.0,15
2020-03-03,NorthDakota,Mountrail County,4bf58dd8d48988d113951735,Gas Stations,111.0,"",111.0,1
2020-03-03,NorthDakota,McKenzie County,4bf58dd8d48988d113951735,Gas Stations,96.0,"",96.0,1
2020-03-03,NorthDakota,Cass County,4bf58dd8d48988d113951735,Gas Stations,90.0,"",91.0,1
2020-03-03,NorthDakota,Cass County,4bf58dd8d48988d116941735,Bars,61.0,"",60.0,2
2020-03-03,NorthDakota,Cass County,4bf58dd8d48988d16e941735,Fast Food Restaurants,100.0,"",100.0,3
2020-03-03,NorthDakota,Cass County,4bf58dd8d48988d1c5941735,Sandwich Places,111.0,"",110.0,4
2020-03-03,NorthDakota,Cass County,4bf58dd8d48988d118951735,Grocery Stores,95.0,"",96.0,5
2020-03-03,NorthDakota,Cass County,52f2ab2ebcbc57f1066b8b42,Big Box Stores,93.0,"",93.0,5
2020-03-03,NorthDakota,Cass County,4bf58dd8d48988d124941735,Offices,91.0,"",91.0,6
2020-03-03,NorthDakota,Cass County,4bf58dd8d48988d1fa931735,Hotels,78.0,"",77.0,7
2020-03-03,NorthDakota,Cass County,4bf58dd8d48988d196941735,Hospitals,101.0,"",100.0,8
2020-03-03,NorthDakota,Cass County,4bf58dd8d48988d176941735,Gyms,98.0,"",98.0,9
2020-03-03,NorthDakota,Cass County,52f2ab2ebcbc57f1066b8b46,Supermarkets,100.0,"",99.0,10
2020-03-03,NorthDakota,Cass County,4bf58dd8d48988d1ae941735,Universities,113.0,"",113.0,11
2020-03-03,NorthDakota,Cass County,4bf58dd8d48988d177941735,Doctor's Offices,115.0,"",115.0,11
2020-03-03,NorthDakota,Cass County,4bf58dd8d48988d112951735,Hardware Stores,105.0,"",105.0,12
2020-03-03,NorthDakota,Cass County,4d954b06a243a5684965b473,Residential Buildings (Apartments / Condos),112.0,"",113.0,13
2020-03-03,NorthDakota,Grand Forks County,4bf58dd8d48988d113951735,Gas Stations,82.0,"",82.0,1
2020-03-03,NorthDakota,Grand Forks County,52f2ab2ebcbc57f1066b8b42,Big Box Stores,85.0,"",86.0,2
2020-03-03,NorthDakota,Grand Forks County,4bf58dd8d48988d16e941735,Fast Food Restaurants,99.0,"",100.0,3
2020-03-03,NorthDakota,Grand Forks County,4bf58dd8d48988d116941735,Bars,68.0,"",68.0,4
2020-03-03,NorthDakota,Burleigh County,4bf58dd8d48988d113951735,Gas Stations,89.0,"",89.0,1
2020-03-03,NorthDakota,Burleigh County,52f2ab2ebcbc57f1066b8b42,Big Box Stores,89.0,"",90.0,2
2020-03-03,NorthDakota,Burleigh County,4bf58dd8d48988d16e941735,Fast Food Restaurants,85.0,"",85.0,3
2020-03-03,NorthDakota,Burleigh County,4bf58dd8d48988d118951735,Grocery Stores,105.0,"",104.0,4
2020-03-03,NorthDakota,Burleigh County,4bf58dd8d48988d14e941735,American Restaurants,99.0,"",101.0,5
2020-03-03,NorthDakota,Burleigh County,4bf58dd8d48988d1fa931735,Hotels,88.0,"",90.0,6
2020-03-03,NorthDakota,Williams County,4bf58dd8d48988d113951735,Gas Stations,113.0,"",113.0,1
2020-03-03,NorthDakota,Ward County,4bf58dd8d48988d113951735,Gas Stations,97.0,"",97.0,1
2020-03-03,NorthDakota,Ward County,4bf58dd8d48988d116941735,Bars,60.0,"",60.0,2
2020-03-03,NorthDakota,Ward County,52f2ab2ebcbc57f1066b8b42,Big Box Stores,104.0,"",102.0,3
2020-03-03,NorthDakota,Ward County,4bf58dd8d48988d16e941735,Fast Food Restaurants,101.0,"",101.0,4
2020-03-04,NorthDakota,Grand Forks County,4bf58dd8d48988d113951735,Gas Stations,93.0,"",93.0,1
2020-03-04,NorthDakota,Grand Forks County,52f2ab2ebcbc57f1066b8b42,Big Box Stores,104.0,"",102.0,2
2020-03-04,NorthDakota,Grand Forks County,4bf58dd8d48988d116941735,Bars,67.0,"",67.0,3
2020-03-04,NorthDakota,Grand Forks County,4bf58dd8d48988d16e941735,Fast Food Restaurants,103.0,"",104.0,4
2020-03-04,NorthDakota,McKenzie County,4bf58dd8d48988d113951735,Gas Stations,99.0,"",99.0,1
2020-03-04,NorthDakota,Williams County,4bf58dd8d48988d113951735,Gas Stations,105.0,"",104.0,1
2020-03-04,NorthDakota,Morton County,4bf58dd8d48988d116941735,Bars,106.0,"",106.0,1
2020-03-04,NorthDakota,Cass County,4bf58dd8d48988d113951735,Gas Stations,95.0,"",95.0,1
2020-03-04,NorthDakota,Cass County,4bf58dd8d48988d116941735,Bars,67.0,"",68.0,2
2020-03-04,NorthDakota,Cass County,4bf58dd8d48988d16e941735,Fast Food Restaurants,105.0,"",105.0,3
2020-03-04,NorthDakota,Cass County,52f2ab2ebcbc57f1066b8b42,Big Box Stores,109.0,"",109.0,4
2020-03-04,NorthDakota,Cass County,4bf58dd8d48988d118951735,Grocery Stores,93.0,"",92.0,5
2020-03-04,NorthDakota,Cass County,4bf58dd8d48988d1fa931735,Hotels,97.0,"",98.0,6
2020-03-04,NorthDakota,Cass County,4bf58dd8d48988d124941735,Offices,113.0,"",112.0,7
2020-03-04,NorthDakota,Cass County,4bf58dd8d48988d1c5941735,Sandwich Places,114.0,"",114.0,8
2020-03-04,NorthDakota,Cass County,4bf58dd8d48988d196941735,Hospitals,101.0,"",102.0,9
2020-03-04,NorthDakota,Cass County,4bf58dd8d48988d176941735,Gyms,97.0,"",97.0,10
2020-03-04,NorthDakota,Cass County,4bf58dd8d48988d1ae941735,Universities,124.0,"",124.0,11
2020-03-04,NorthDakota,Cass County,4bf58dd8d48988d14e941735,American Restaurants,113.0,"",111.0,12
2020-03-04,NorthDakota,Burleigh County,4bf58dd8d48988d113951735,Gas Stations,94.0,"",94.0,1
2020-03-04,NorthDakota,Burleigh County,52f2ab2ebcbc57f1066b8b42,Big Box Stores,92.0,"",92.0,2
2020-03-04,NorthDakota,Burleigh County,4bf58dd8d48988d16e941735,Fast Food Restaurants,114.0,"",114.0,3
2020-03-04,NorthDakota,Burleigh County,4bf58dd8d48988d14e941735,American Restaurants,104.0,"",105.0,4
2020-03-04,NorthDakota,Burleigh County,4bf58dd8d48988d118951735,Grocery Stores,100.0,"",102.0,5
2020-03-04,NorthDakota,Burleigh County,4bf58dd8d48988d116941735,Bars,53.0,"",53.0,6
2020-03-04,NorthDakota,Burleigh County,4bf58dd8d48988d1fa931735,Hotels,88.0,"",87.0,7
2020-03-04,NorthDakota,Ward County,4bf58dd8d48988d116941735,Bars,69.0,"",69.0,1
2020-03-04,NorthDakota,Ward County,4bf58dd8d48988d113951735,Gas Stations,92.0,"",92.0,2
2020-03-04,NorthDakota,Ward County,52f2ab2ebcbc57f1066b8b42,Big Box Stores,106.0,"",105.0,3
2020-03-04,NorthDakota,Ward County,4bf58dd8d48988d16e941735,Fast Food Restaurants,107.0,"",106.0,4
2020-03-05,NorthDakota,Cass County,4bf58dd8d48988d113951735,Gas Stations,95.0,"",95.0,1
2020-03-05,NorthDakota,Cass County,4bf58dd8d48988d116941735,Bars,71.0,"",71.0,2
2020-03-05,NorthDakota,Cass County,4bf58dd8d48988d16e941735,Fast Food Restaurants,104.0,"",104.0,3
2020-03-05,NorthDakota,Cass County,52f2ab2ebcbc57f1066b8b42,Big Box Stores,106.0,"",106.0,4
2020-03-05,NorthDakota,Cass County,4bf58dd8d48988d118951735,Grocery Stores,98.0,"",98.0,5
2020-03-05,NorthDakota,Cass County,4bf58dd8d48988d124941735,Offices,96.0,"",96.0,6
2020-03-05,NorthDakota,Cass County,4bf58dd8d48988d1c5941735,Sandwich Places,102.0,"",103.0,7
2020-03-05,NorthDakota,Cass County,4bf58dd8d48988d1fa931735,Hotels,70.0,"",71.0,8
2020-03-05,NorthDakota,Cass County,4bf58dd8d48988d176941735,Gyms,106.0,"",106.0,9
2020-03-05,NorthDakota,Cass County,4bf58dd8d48988d196941735,Hospitals,96.0,"",96.0,10
2020-03-05,NorthDakota,Cass County,4bf58dd8d48988d1e0931735,Coffee Shops,94.0,"",94.0,11
2020-03-05,NorthDakota,Cass County,4bf58dd8d48988d1fd941735,Shopping Malls,120.0,"",121.0,12
2020-03-05,NorthDakota,Cass County,4bf58dd8d48988d1ca941735,Pizza Places,102.0,"",101.0,13
2020-03-05,NorthDakota,Cass County,52f2ab2ebcbc57f1066b8b46,Supermarkets,90.0,"",90.0,14
2020-03-05,NorthDakota,Cass County,4bf58dd8d48988d177941735,Doctor's Offices,98.0,"",99.0,14
2020-03-05,NorthDakota,Burleigh County,4bf58dd8d48988d113951735,Gas Stations,106.0,"",106.0,1
2020-03-05,NorthDakota,Burleigh County,52f2ab2ebcbc57f1066b8b42,Big Box Stores,98.0,"",98.0,2
2020-03-05,NorthDakota,Burleigh County,4bf58dd8d48988d16e941735,Fast Food Restaurants,114.0,"",114.0,3
2020-03-05,NorthDakota,Burleigh County,4bf58dd8d48988d1fa931735,Hotels,116.0,"",117.0,4
2020-03-05,NorthDakota,Burleigh County,4bf58dd8d48988d14e941735,American Restaurants,104.0,"",104.0,5
2020-03-05,NorthDakota,Burleigh County,4bf58dd8d48988d118951735,Grocery Stores,104.0,"",104.0,6
2020-03-05,NorthDakota,Burleigh County,4bf58dd8d48988d116941735,Bars,51.0,"",51.0,7
2020-03-05,NorthDakota,Burleigh County,4bf58dd8d48988d1fd941735,Shopping Malls,114.0,"",115.0,8
2020-03-05,NorthDakota,McKenzie County,4bf58dd8d48988d113951735,Gas Stations,98.0,"",97.0,1
2020-03-05,NorthDakota,Williams County,4bf58dd8d48988d113951735,Gas Stations,99.0,"",99.0,1
2020-03-05,NorthDakota,Ward County,4bf58dd8d48988d116941735,Bars,69.0,"",69.0,1
2020-03-05,NorthDakota,Ward County,4bf58dd8d48988d113951735,Gas Stations,90.0,"",89.0,2
2020-03-05,NorthDakota,Ward County,4bf58dd8d48988d16e941735,Fast Food Restaurants,98.0,"",99.0,3
2020-03-05,NorthDakota,Ward County,52f2ab2ebcbc57f1066b8b42,Big Box Stores,85.0,"",86.0,4
2020-03-05,NorthDakota,Grand Forks County,4bf58dd8d48988d113951735,Gas Stations,84.0,"",85.0,1
2020-03-05,NorthDakota,Grand Forks County,52f2ab2ebcbc57f1066b8b42,Big Box Stores,86.0,"",86.0,2
2020-03-05,NorthDakota,Grand Forks County,4bf58dd8d48988d116941735,Bars,68.0,"",68.0,2
2020-03-05,NorthDakota,Grand Forks County,4bf58dd8d48988d16e941735,Fast Food Restaurants,98.0,"",99.0,3
2020-03-05,NorthDakota,Morton County,4bf58dd8d48988d116941735,Bars,95.0,"",95.0,1
2020-03-06,NorthDakota,Cass County,4bf58dd8d48988d113951735,Gas Stations,92.0,140.0,90.0,1
2020-03-06,NorthDakota,Cass County,4bf58dd8d48988d116941735,Bars,64.0,"",64.0,2
2020-03-06,NorthDakota,Cass County,4bf58dd8d48988d16e941735,Fast Food Restaurants,96.0,"",96.0,3
2020-03-06,NorthDakota,Cass County,52f2ab2ebcbc57f1066b8b42,Big Box Stores,98.0,"",98.0,4
2020-03-06,NorthDakota,Cass County,4bf58dd8d48988d118951735,Grocery Stores,103.0,182.0,100.0,5
2020-03-06,NorthDakota,Cass County,4bf58dd8d48988d1c5941735,Sandwich Places,95.0,"",95.0,6
2020-03-06,NorthDakota,Cass County,4bf58dd8d48988d1fa931735,Hotels,69.0,"",69.0,7
2020-03-06,NorthDakota,Cass County,4bf58dd8d48988d124941735,Offices,95.0,"",95.0,8
2020-03-06,NorthDakota,Cass County,4bf58dd8d48988d1fd941735,Shopping Malls,100.0,"",100.0,9
2020-03-06,NorthDakota,Cass County,4bf58dd8d48988d176941735,Gyms,82.0,"",81.0,10
2020-03-06,NorthDakota,Cass County,4bf58dd8d48988d1f6941735,Department Stores,96.0,"",95.0,11
2020-03-06,NorthDakota,Cass County,4bf58dd8d48988d1ca941735,Pizza Places,85.0,"",86.0,12
2020-03-06,NorthDakota,Cass County,4bf58dd8d48988d112951735,Hardware Stores,91.0,"",90.0,13
2020-03-06,NorthDakota,Cass County,52e816a6bcbc57f1066b7a54,Warehouse Stores,93.0,"",92.0,13
2020-03-06,NorthDakota,Cass County,4bf58dd8d48988d1e0931735,Coffee Shops,69.0,"",70.0,14
2020-03-06,NorthDakota,Burleigh County,4bf58dd8d48988d1fa931735,Hotels,199.0,"",202.0,1
2020-03-06,NorthDakota,Burleigh County,52f2ab2ebcbc57f1066b8b42,Big Box Stores,103.0,"",102.0,2
2020-03-06,NorthDakota,Burleigh County,4bf58dd8d48988d113951735,Gas Stations,103.0,"",103.0,3
2020-03-06,NorthDakota,Burleigh County,4bf58dd8d48988d16e941735,Fast Food Restaurants,116.0,"",116.0,4
2020-03-06,NorthDakota,Burleigh County,4bf58dd8d48988d14e941735,American Restaurants,115.0,"",115.0,5
2020-03-06,NorthDakota,Burleigh County,4bf58dd8d48988d116941735,Bars,55.0,"",54.0,6
2020-03-06,NorthDakota,Burleigh County,4bf58dd8d48988d118951735,Grocery Stores,99.0,"",98.0,7
2020-03-06,NorthDakota,Burleigh County,4bf58dd8d48988d112951735,Hardware Stores,121.0,"",122.0,8
2020-03-06,NorthDakota,Burleigh County,4bf58dd8d48988d1fd941735,Shopping Malls,99.0,"",98.0,9
2020-03-06,NorthDakota,Williams County,4bf58dd8d48988d113951735,Gas Stations,107.0,"",107.0,1
2020-03-06,NorthDakota,McKenzie County,4bf58dd8d48988d113951735,Gas Stations,86.0,"",86.0,1
2020-03-06,NorthDakota,Ward County,4bf58dd8d48988d116941735,Bars,63.0,"",63.0,1
2020-03-06,NorthDakota,Ward County,4bf58dd8d48988d113951735,Gas Stations,91.0,"",91.0,2
2020-03-06,NorthDakota,Ward County,52f2ab2ebcbc57f1066b8b42,Big Box Stores,96.0,"",97.0,3
2020-03-06,NorthDakota,Ward County,4bf58dd8d48988d16e941735,Fast Food Restaurants,98.0,"",98.0,4
2020-03-06,NorthDakota,Grand Forks County,4bf58dd8d48988d113951735,Gas Stations,94.0,"",94.0,1
2020-03-06,NorthDakota,Grand Forks County,4bf58dd8d48988d116941735,Bars,79.0,"",79.0,2
2020-03-06,NorthDakota,Grand Forks County,52f2ab2ebcbc57f1066b8b42,Big Box Stores,81.0,"",82.0,3
2020-03-06,NorthDakota,Grand Forks County,4bf58dd8d48988d16e941735,Fast Food Restaurants,110.0,"",110.0,4
2020-03-07,NorthDakota,Cass County,4bf58dd8d48988d116941735,Bars,63.0,"",63.0,1
2020-03-07,NorthDakota,Cass County,4bf58dd8d48988d113951735,Gas Stations,90.0,"",90.0,2
2020-03-07,NorthDakota,Cass County,4bf58dd8d48988d16e941735,Fast Food Restaurants,104.0,"",105.0,3
2020-03-07,NorthDakota,Cass County,52f2ab2ebcbc57f1066b8b42,Big Box Stores,92.0,"",93.0,4
2020-03-07,NorthDakota,Cass County,4bf58dd8d48988d1fd941735,Shopping Malls,100.0,"",101.0,5
2020-03-07,NorthDakota,Cass County,4bf58dd8d48988d1c5941735,Sandwich Places,85.0,"",85.0,6
2020-03-07,NorthDakota,Cass County,4bf58dd8d48988d1fa931735,Hotels,68.0,"",68.0,6
2020-03-07,NorthDakota,Cass County,4bf58dd8d48988d118951735,Grocery Stores,90.0,"",90.0,7
2020-03-07,NorthDakota,Cass County,4bf58dd8d48988d1f6941735,Department Stores,115.0,"",116.0,8
2020-03-07,NorthDakota,Cass County,52e816a6bcbc57f1066b7a54,Warehouse Stores,107.0,"",107.0,9
2020-03-07,NorthDakota,Cass County,4bf58dd8d48988d1b8941735,College Football Fields,144.0,"",143.0,10
2020-03-07,NorthDakota,Cass County,4bf58dd8d48988d14e941735,American Restaurants,95.0,"",95.0,11
2020-03-07,NorthDakota,Cass County,4bf58dd8d48988d1ca941735,Pizza Places,89.0,"",88.0,12
2020-03-07,NorthDakota,Cass County,4bf58dd8d48988d1f2941735,Sporting Goods Shops,105.0,"",105.0,13
2020-03-07,NorthDakota,Cass County,4bf58dd8d48988d112951735,Hardware Stores,97.0,"",97.0,14
2020-03-07,NorthDakota,Cass County,4bf58dd8d48988d1e0931735,Coffee Shops,89.0,"",90.0,15
2020-03-07,NorthDakota,Cass County,52f2ab2ebcbc57f1066b8b46,Supermarkets,76.0,"",76.0,16
2020-03-07,NorthDakota,Grand Forks County,4bf58dd8d48988d116941735,Bars,74.0,"",74.0,1
2020-03-07,NorthDakota,Grand Forks County,52f2ab2ebcbc57f1066b8b42,Big Box Stores,91.0,"",91.0,2
2020-03-07,NorthDakota,Grand Forks County,4bf58dd8d48988d113951735,Gas Stations,96.0,"",96.0,3
2020-03-07,NorthDakota,Grand Forks County,4bf58dd8d48988d16e941735,Fast Food Restaurants,97.0,"",97.0,4
2020-03-07,NorthDakota,Grand Forks County,4bf58dd8d48988d1fa931735,Hotels,85.0,"",85.0,5
2020-03-07,NorthDakota,Grand Forks County,4bf58dd8d48988d112951735,Hardware Stores,94.0,"",95.0,6
2020-03-07,NorthDakota,Williams County,4bf58dd8d48988d113951735,Gas Stations,110.0,"",110.0,1
2020-03-07,NorthDakota,Barnes County,4bf58dd8d48988d113951735,Gas Stations,302.0,"",302.0,1
2020-03-07,NorthDakota,Burleigh County,4bf58dd8d48988d1fa931735,Hotels,190.0,"",191.0,1
2020-03-07,NorthDakota,Burleigh County,52f2ab2ebcbc57f1066b8b42,Big Box Stores,95.0,"",94.0,2
2020-03-07,NorthDakota,Burleigh County,4bf58dd8d48988d113951735,Gas Stations,106.0,"",107.0,3
2020-03-07,NorthDakota,Burleigh County,4bf58dd8d48988d16e941735,Fast Food Restaurants,117.0,"",116.0,4
2020-03-07,NorthDakota,Burleigh County,4bf58dd8d48988d14e941735,American Restaurants,97.0,"",97.0,5
2020-03-07,NorthDakota,Burleigh County,4bf58dd8d48988d1fd941735,Shopping Malls,97.0,"",97.0,6
2020-03-07,NorthDakota,Burleigh County,4bf58dd8d48988d112951735,Hardware Stores,106.0,"",106.0,7
2020-03-07,NorthDakota,Burleigh County,4bf58dd8d48988d116941735,Bars,53.0,"",53.0,8
2020-03-07,NorthDakota,Burleigh County,4bf58dd8d48988d118951735,Grocery Stores,86.0,"",87.0,9
2020-03-07,NorthDakota,Ward County,4bf58dd8d48988d116941735,Bars,67.0,"",67.0,1
2020-03-07,NorthDakota,Ward County,4bf58dd8d48988d16e941735,Fast Food Restaurants,119.0,"",119.0,2
2020-03-07,NorthDakota,Ward County,4bf58dd8d48988d113951735,Gas Stations,99.0,"",97.0,3
2020-03-07,NorthDakota,Ward County,52f2ab2ebcbc57f1066b8b42,Big Box Stores,87.0,"",88.0,4
2020-03-07,NorthDakota,Ward County,4bf58dd8d48988d1f1931735,General Entertainment,224.0,"",224.0,5
2020-03-07,NorthDakota,Ward County,4bf58dd8d48988d1fd941735,Shopping Malls,94.0,"",94.0,6
2020-03-07,NorthDakota,Ward County,4bf58dd8d48988d112951735,Hardware Stores,107.0,"",107.0,7
2020-03-07,NorthDakota,Morton County,4bf58dd8d48988d116941735,Bars,56.0,"",56.0,1
2020-03-08,NorthDakota,Williams County,4bf58dd8d48988d113951735,Gas Stations,87.0,"",87.0,1
2020-03-08,NorthDakota,Ward County,4bf58dd8d48988d116941735,Bars,62.0,"",63.0,1
2020-03-08,NorthDakota,Ward County,52f2ab2ebcbc57f1066b8b42,Big Box Stores,105.0,"",105.0,2
2020-03-08,NorthDakota,Ward County,4bf58dd8d48988d113951735,Gas Stations,95.0,"",95.0,3
2020-03-08,NorthDakota,Ward County,4bf58dd8d48988d16e941735,Fast Food Restaurants,103.0,"",103.0,4
2020-03-08,NorthDakota,Ward County,4bf58dd8d48988d1fd941735,Shopping Malls,113.0,"",113.0,5
2020-03-08,NorthDakota,Morton County,4bf58dd8d48988d116941735,Bars,73.0,"",73.0,1
2020-03-08,NorthDakota,Burleigh County,52f2ab2ebcbc57f1066b8b42,Big Box Stores,99.0,"",100.0,1
2020-03-08,NorthDakota,Burleigh County,4bf58dd8d48988d1fa931735,Hotels,166.0,"",166.0,2
2020-03-08,NorthDakota,Burleigh County,4bf58dd8d48988d113951735,Gas Stations,105.0,"",106.0,3
2020-03-08,NorthDakota,Burleigh County,4bf58dd8d48988d16e941735,Fast Food Restaurants,115.0,"",114.0,4
2020-03-08,NorthDakota,Burleigh County,4bf58dd8d48988d14e941735,American Restaurants,109.0,"",108.0,5
2020-03-08,NorthDakota,Burleigh County,4bf58dd8d48988d118951735,Grocery Stores,95.0,"",97.0,6
2020-03-08,NorthDakota,Burleigh County,4bf58dd8d48988d116941735,Bars,42.0,"",43.0,7
2020-03-08,NorthDakota,Burleigh County,4bf58dd8d48988d1fd941735,Shopping Malls,106.0,"",107.0,8
2020-03-08,NorthDakota,Cass County,4bf58dd8d48988d116941735,Bars,60.0,"",60.0,1
2020-03-08,NorthDakota,Cass County,4bf58dd8d48988d113951735,Gas Stations,88.0,"",88.0,2
2020-03-08,NorthDakota,Cass County,52f2ab2ebcbc57f1066b8b42,Big Box Stores,90.0,"",90.0,3
2020-03-08,NorthDakota,Cass County,4bf58dd8d48988d16e941735,Fast Food Restaurants,109.0,"",108.0,4
2020-03-08,NorthDakota,Cass County,4bf58dd8d48988d118951735,Grocery Stores,98.0,"",98.0,5
2020-03-08,NorthDakota,Cass County,4bf58dd8d48988d1c5941735,Sandwich Places,88.0,"",88.0,6
2020-03-08,NorthDakota,Cass County,4bf58dd8d48988d1fa931735,Hotels,71.0,"",71.0,7
2020-03-08,NorthDakota,Cass County,4bf58dd8d48988d1f6941735,Department Stores,110.0,"",110.0,8
2020-03-08,NorthDakota,Cass County,4bf58dd8d48988d1fd941735,Shopping Malls,94.0,"",93.0,8
2020-03-08,NorthDakota,Cass County,52f2ab2ebcbc57f1066b8b46,Supermarkets,103.0,"",103.0,9
2020-03-08,NorthDakota,Cass County,4bf58dd8d48988d1ca941735,Pizza Places,104.0,"",105.0,10
2020-03-08,NorthDakota,Cass County,4bf58dd8d48988d112951735,Hardware Stores,136.0,"",135.0,11
2020-03-08,NorthDakota,Cass County,52e816a6bcbc57f1066b7a54,Warehouse Stores,83.0,"",82.0,12
2020-03-08,NorthDakota,Cass County,4bf58dd8d48988d14e941735,American Restaurants,96.0,"",96.0,13
2020-03-08,NorthDakota,Grand Forks County,4bf58dd8d48988d116941735,Bars,65.0,"",65.0,1
2020-03-08,NorthDakota,Grand Forks County,52f2ab2ebcbc57f1066b8b42,Big Box Stores,97.0,"",98.0,2
2020-03-08,NorthDakota,Grand Forks County,4bf58dd8d48988d113951735,Gas Stations,90.0,"",91.0,3
2020-03-08,NorthDakota,Grand Forks County,4bf58dd8d48988d16e941735,Fast Food Restaurants,91.0,"",91.0,4
2020-03-09,NorthDakota,Williams County,4bf58dd8d48988d113951735,Gas Stations,84.0,"",84.0,1
2020-03-09,NorthDakota,Mountrail County,4bf58dd8d48988d113951735,Gas Stations,106.0,"",106.0,1
2020-03-09,NorthDakota,Cass County,4bf58dd8d48988d113951735,Gas Stations,86.0,"",86.0,1
2020-03-09,NorthDakota,Cass County,4bf58dd8d48988d116941735,Bars,64.0,"",64.0,2
2020-03-09,NorthDakota,Cass County,4bf58dd8d48988d16e941735,Fast Food Restaurants,85.0,"",85.0,3
2020-03-09,NorthDakota,Cass County,52f2ab2ebcbc57f1066b8b42,Big Box Stores,88.0,"",87.0,4
2020-03-09,NorthDakota,Cass County,4bf58dd8d48988d1c5941735,Sandwich Places,95.0,"",94.0,5
2020-03-09,NorthDakota,Cass County,4bf58dd8d48988d118951735,Grocery Stores,77.0,"",77.0,6
2020-03-09,NorthDakota,Cass County,4bf58dd8d48988d124941735,Offices,90.0,"",89.0,7
2020-03-09,NorthDakota,Cass County,4bf58dd8d48988d1fa931735,Hotels,86.0,"",86.0,8
2020-03-09,NorthDakota,Cass County,4bf58dd8d48988d196941735,Hospitals,91.0,"",92.0,9
2020-03-09,NorthDakota,Cass County,4bf58dd8d48988d176941735,Gyms,90.0,"",90.0,10
2020-03-09,NorthDakota,Cass County,4bf58dd8d48988d1ca941735,Pizza Places,102.0,"",103.0,11
2020-03-09,NorthDakota,Cass County,52f2ab2ebcbc57f1066b8b46,Supermarkets,100.0,"",101.0,12
2020-03-09,NorthDakota,Burleigh County,52f2ab2ebcbc57f1066b8b42,Big Box Stores,103.0,"",103.0,1
2020-03-09,NorthDakota,Burleigh County,4bf58dd8d48988d113951735,Gas Stations,103.0,"",103.0,2
2020-03-09,NorthDakota,Burleigh County,4bf58dd8d48988d16e941735,Fast Food Restaurants,91.0,"",90.0,3
2020-03-09,NorthDakota,Burleigh County,4bf58dd8d48988d118951735,Grocery Stores,103.0,"",104.0,4
2020-03-09,NorthDakota,Burleigh County,4bf58dd8d48988d112951735,Hardware Stores,125.0,"",123.0,5
2020-03-09,NorthDakota,Burleigh County,4bf58dd8d48988d1fa931735,Hotels,97.0,"",97.0,6
2020-03-09,NorthDakota,McKenzie County,4bf58dd8d48988d113951735,Gas Stations,89.0,"",89.0,1
2020-03-09,NorthDakota,Ward County,4bf58dd8d48988d113951735,Gas Stations,90.0,"",91.0,1
2020-03-09,NorthDakota,Ward County,4bf58dd8d48988d116941735,Bars,54.0,"",53.0,2
2020-03-09,NorthDakota,Ward County,4bf58dd8d48988d16e941735,Fast Food Restaurants,104.0,"",104.0,3
2020-03-09,NorthDakota,Ward County,52f2ab2ebcbc57f1066b8b42,Big Box Stores,98.0,"",97.0,4
2020-03-09,NorthDakota,Grand Forks County,52f2ab2ebcbc57f1066b8b42,Big Box Stores,96.0,"",96.0,1
2020-03-09,NorthDakota,Grand Forks County,4bf58dd8d48988d113951735,Gas Stations,92.0,"",93.0,2
2020-03-09,NorthDakota,Grand Forks County,4bf58dd8d48988d116941735,Bars,80.0,"",80.0,3
2020-03-09,NorthDakota,Grand Forks County,4bf58dd8d48988d16e941735,Fast Food Restaurants,90.0,"",90.0,4
2020-03-10,NorthDakota,McKenzie County,4bf58dd8d48988d113951735,Gas Stations,76.0,"",76.0,1
2020-03-10,NorthDakota,Cass County,4bf58dd8d48988d113951735,Gas Stations,85.0,"",86.0,1
2020-03-10,NorthDakota,Cass County,4bf58dd8d48988d116941735,Bars,64.0,"",64.0,2
2020-03-10,NorthDakota,Cass County,4bf58dd8d48988d124941735,Offices,110.0,"",111.0,3
2020-03-10,NorthDakota,Cass County,4bf58dd8d48988d118951735,Grocery Stores,107.0,"",107.0,4
2020-03-10,NorthDakota,Cass County,4bf58dd8d48988d16e941735,Fast Food Restaurants,102.0,"",103.0,5
2020-03-10,NorthDakota,Cass County,52f2ab2ebcbc57f1066b8b42,Big Box Stores,92.0,"",92.0,6
2020-03-10,NorthDakota,Cass County,4bf58dd8d48988d1c5941735,Sandwich Places,95.0,"",94.0,7
2020-03-10,NorthDakota,Cass County,4bf58dd8d48988d1fa931735,Hotels,74.0,"",74.0,8
2020-03-10,NorthDakota,Cass County,4bf58dd8d48988d196941735,Hospitals,95.0,"",96.0,9
2020-03-10,NorthDakota,Cass County,4bf58dd8d48988d176941735,Gyms,92.0,"",92.0,10
2020-03-10,NorthDakota,Cass County,4bf58dd8d48988d112951735,Hardware Stores,109.0,"",107.0,11
2020-03-10,NorthDakota,Cass County,52f2ab2ebcbc57f1066b8b46,Supermarkets,93.0,"",93.0,12
2020-03-10,NorthDakota,Williams County,4bf58dd8d48988d113951735,Gas Stations,102.0,"",102.0,1
2020-03-10,NorthDakota,Ward County,4bf58dd8d48988d113951735,Gas Stations,94.0,"",94.0,1
2020-03-10,NorthDakota,Ward County,4bf58dd8d48988d116941735,Bars,60.0,"",60.0,2
2020-03-10,NorthDakota,Ward County,52f2ab2ebcbc57f1066b8b42,Big Box Stores,94.0,"",94.0,3
2020-03-10,NorthDakota,Ward County,4bf58dd8d48988d16e941735,Fast Food Restaurants,89.0,"",90.0,4
2020-03-10,NorthDakota,Mountrail County,4bf58dd8d48988d113951735,Gas Stations,110.0,"",110.0,1
2020-03-10,NorthDakota,Burleigh County,4bf58dd8d48988d113951735,Gas Stations,99.0,"",100.0,1
2020-03-10,NorthDakota,Burleigh County,52f2ab2ebcbc57f1066b8b42,Big Box Stores,94.0,"",95.0,2
2020-03-10,NorthDakota,Burleigh County,4bf58dd8d48988d16e941735,Fast Food Restaurants,123.0,"",123.0,3
2020-03-10,NorthDakota,Burleigh County,4bf58dd8d48988d14e941735,American Restaurants,113.0,"",115.0,4
2020-03-10,NorthDakota,Burleigh County,4bf58dd8d48988d118951735,Grocery Stores,115.0,"",115.0,5
2020-03-10,NorthDakota,Burleigh County,4bf58dd8d48988d1fa931735,Hotels,96.0,"",96.0,6
2020-03-10,NorthDakota,Burleigh County,4bf58dd8d48988d116941735,Bars,64.0,"",65.0,7
2020-03-10,NorthDakota,Grand Forks County,52f2ab2ebcbc57f1066b8b42,Big Box Stores,109.0,"",110.0,1
2020-03-10,NorthDakota,Grand Forks County,4bf58dd8d48988d113951735,Gas Stations,89.0,"",89.0,2
2020-03-10,NorthDakota,Grand Forks County,4bf58dd8d48988d116941735,Bars,73.0,"",73.0,3
2020-03-10,NorthDakota,Grand Forks County,4bf58dd8d48988d16e941735,Fast Food Restaurants,94.0,"",95.0,4
2020-03-11,NorthDakota,Cass County,4bf58dd8d48988d113951735,Gas Stations,99.0,"",100.0,1
2020-03-11,NorthDakota,Cass County,4bf58dd8d48988d116941735,Bars,72.0,"",72.0,2
2020-03-11,NorthDakota,Cass County,4bf58dd8d48988d118951735,Grocery Stores,106.0,"",105.0,3
2020-03-11,NorthDakota,Cass County,4bf58dd8d48988d16e941735,Fast Food Restaurants,86.0,"",86.0,4
2020-03-11,NorthDakota,Cass County,52f2ab2ebcbc57f1066b8b42,Big Box Stores,101.0,"",101.0,5
2020-03-11,NorthDakota,Cass County,4bf58dd8d48988d124941735,Offices,114.0,"",114.0,5
2020-03-11,NorthDakota,Cass County,4bf58dd8d48988d1c5941735,Sandwich Places,112.0,"",111.0,6
2020-03-11,NorthDakota,Cass County,4bf58dd8d48988d1fa931735,Hotels,76.0,"",76.0,7
2020-03-11,NorthDakota,Cass County,4bf58dd8d48988d196941735,Hospitals,105.0,"",107.0,7
2020-03-11,NorthDakota,Cass County,4bf58dd8d48988d176941735,Gyms,103.0,"",103.0,8
2020-03-11,NorthDakota,Cass County,4bf58dd8d48988d1ca941735,Pizza Places,114.0,"",115.0,9
2020-03-11,NorthDakota,Cass County,4bf58dd8d48988d112951735,Hardware Stores,118.0,"",116.0,10
2020-03-11,NorthDakota,Cass County,4bf58dd8d48988d1ae941735,Universities,129.0,"",129.0,11
2020-03-11,NorthDakota,Cass County,52f2ab2ebcbc57f1066b8b46,Supermarkets,98.0,"",97.0,12
2020-03-11,NorthDakota,Burleigh County,52f2ab2ebcbc57f1066b8b42,Big Box Stores,106.0,"",105.0,1
2020-03-11,NorthDakota,Burleigh County,4bf58dd8d48988d113951735,Gas Stations,93.0,"",93.0,2
2020-03-11,NorthDakota,Burleigh County,4bf58dd8d48988d16e941735,Fast Food Restaurants,104.0,"",105.0,3
2020-03-11,NorthDakota,Burleigh County,4bf58dd8d48988d118951735,Grocery Stores,110.0,"",109.0,4
2020-03-11,NorthDakota,Burleigh County,4bf58dd8d48988d14e941735,American Restaurants,103.0,"",103.0,5
2020-03-11,NorthDakota,Burleigh County,4bf58dd8d48988d116941735,Bars,48.0,"",48.0,6
2020-03-11,NorthDakota,Williams County,4bf58dd8d48988d113951735,Gas Stations,90.0,"",89.0,1
2020-03-11,NorthDakota,McKenzie County,4bf58dd8d48988d113951735,Gas Stations,88.0,"",88.0,1
2020-03-11,NorthDakota,Grand Forks County,4bf58dd8d48988d113951735,Gas Stations,104.0,"",103.0,1
2020-03-11,NorthDakota,Grand Forks County,52f2ab2ebcbc57f1066b8b42,Big Box Stores,104.0,"",104.0,2
2020-03-11,NorthDakota,Grand Forks County,4bf58dd8d48988d116941735,Bars,81.0,"",81.0,3
2020-03-11,NorthDakota,Grand Forks County,4bf58dd8d48988d16e941735,Fast Food Restaurants,106.0,"",106.0,4
2020-03-11,NorthDakota,Ward County,4bf58dd8d48988d113951735,Gas Stations,94.0,"",93.0,1
2020-03-11,NorthDakota,Ward County,4bf58dd8d48988d116941735,Bars,53.0,"",54.0,2
2020-03-11,NorthDakota,Ward County,52f2ab2ebcbc57f1066b8b42,Big Box Stores,91.0,"",91.0,3
2020-03-12,NorthDakota,Williams County,4bf58dd8d48988d113951735,Gas Stations,89.0,"",88.0,1
2020-03-12,NorthDakota,Williams County,4bf58dd8d48988d118951735,Grocery Stores,144.0,"",143.0,2
2020-03-12,NorthDakota,Burleigh County,52f2ab2ebcbc57f1066b8b42,Big Box Stores,116.0,"",116.0,1
2020-03-12,NorthDakota,Burleigh County,4bf58dd8d48988d113951735,Gas Stations,94.0,"",95.0,2
2020-03-12,NorthDakota,Burleigh County,4bf58dd8d48988d16e941735,Fast Food Restaurants,104.0,"",104.0,3
2020-03-12,NorthDakota,Burleigh County,4bf58dd8d48988d118951735,Grocery Stores,120.0,"",119.0,4
2020-03-12,NorthDakota,Burleigh County,4bf58dd8d48988d116941735,Bars,57.0,"",57.0,5
2020-03-12,NorthDakota,Burleigh County,4bf58dd8d48988d14e941735,American Restaurants,94.0,"",95.0,6
2020-03-12,NorthDakota,McKenzie County,4bf58dd8d48988d113951735,Gas Stations,77.0,"",77.0,1
2020-03-12,NorthDakota,Ward County,4bf58dd8d48988d116941735,Bars,59.0,"",59.0,1
2020-03-12,NorthDakota,Ward County,4bf58dd8d48988d113951735,Gas Stations,82.0,"",80.0,2
2020-03-12,NorthDakota,Ward County,52f2ab2ebcbc57f1066b8b42,Big Box Stores,94.0,"",93.0,3
2020-03-12,NorthDakota,Ward County,4bf58dd8d48988d16e941735,Fast Food Restaurants,92.0,"",92.0,4
2020-03-12,NorthDakota,Grand Forks County,52f2ab2ebcbc57f1066b8b42,Big Box Stores,119.0,"",120.0,1
2020-03-12,NorthDakota,Grand Forks County,4bf58dd8d48988d113951735,Gas Stations,87.0,"",87.0,2
2020-03-12,NorthDakota,Grand Forks County,4bf58dd8d48988d116941735,Bars,72.0,"",72.0,3
2020-03-12,NorthDakota,Grand Forks County,4bf58dd8d48988d16e941735,Fast Food Restaurants,104.0,"",105.0,4
2020-03-12,NorthDakota,Cass County,4bf58dd8d48988d113951735,Gas Stations,86.0,"",86.0,1
2020-03-12,NorthDakota,Cass County,4bf58dd8d48988d116941735,Bars,65.0,"",65.0,2
2020-03-12,NorthDakota,Cass County,4bf58dd8d48988d118951735,Grocery Stores,145.0,"",145.0,3
2020-03-12,NorthDakota,Cass County,4bf58dd8d48988d16e941735,Fast Food Restaurants,119.0,"",119.0,4
2020-03-12,NorthDakota,Cass County,52f2ab2ebcbc57f1066b8b42,Big Box Stores,133.0,"",134.0,5
2020-03-12,NorthDakota,Cass County,4bf58dd8d48988d1c5941735,Sandwich Places,118.0,"",119.0,6
2020-03-12,NorthDakota,Cass County,4bf58dd8d48988d1fa931735,Hotels,81.0,"",81.0,7
2020-03-12,NorthDakota,Cass County,4bf58dd8d48988d124941735,Offices,84.0,"",85.0,8
2020-03-12,NorthDakota,Cass County,4bf58dd8d48988d196941735,Hospitals,107.0,"",106.0,9
2020-03-12,NorthDakota,Cass County,52e816a6bcbc57f1066b7a54,Warehouse Stores,165.0,"",167.0,10
2020-03-12,NorthDakota,Cass County,52f2ab2ebcbc57f1066b8b46,Supermarkets,113.0,"",112.0,11
2020-03-12,NorthDakota,Cass County,4bf58dd8d48988d176941735,Gyms,91.0,"",92.0,12
2020-03-12,NorthDakota,Cass County,4bf58dd8d48988d112951735,Hardware Stores,123.0,"",124.0,13
2020-03-12,NorthDakota,Cass County,4bf58dd8d48988d1ca941735,Pizza Places,101.0,"",101.0,14
2020-03-12,NorthDakota,Cass County,4bf58dd8d48988d14e941735,American Restaurants,110.0,"",110.0,15
2020-03-13,NorthDakota,Ward County,4bf58dd8d48988d116941735,Bars,54.0,"",54.0,1
2020-03-13,NorthDakota,Ward County,4bf58dd8d48988d113951735,Gas Stations,82.0,"",83.0,2
2020-03-13,NorthDakota,Ward County,52f2ab2ebcbc57f1066b8b42,Big Box Stores,94.0,"",95.0,3
2020-03-13,NorthDakota,Ward County,4bf58dd8d48988d16e941735,Fast Food Restaurants,87.0,"",88.0,4
2020-03-13,NorthDakota,Ward County,4bf58dd8d48988d118951735,Grocery Stores,130.0,"",131.0,5
2020-03-13,NorthDakota,Stark County,52f2ab2ebcbc57f1066b8b42,Big Box Stores,110.0,"",111.0,1
2020-03-13,NorthDakota,Morton County,4bf58dd8d48988d116941735,Bars,79.0,"",79.0,1
2020-03-13,NorthDakota,Grand Forks County,4bf58dd8d48988d113951735,Gas Stations,105.0,"",105.0,1
2020-03-13,NorthDakota,Grand Forks County,52f2ab2ebcbc57f1066b8b42,Big Box Stores,100.0,"",101.0,2
2020-03-13,NorthDakota,Grand Forks County,4bf58dd8d48988d116941735,Bars,80.0,"",80.0,3
2020-03-13,NorthDakota,Grand Forks County,4bf58dd8d48988d16e941735,Fast Food Restaurants,99.0,"",99.0,4
2020-03-13,NorthDakota,Grand Forks County,4bf58dd8d48988d112951735,Hardware Stores,127.0,"",127.0,5
2020-03-13,NorthDakota,Burleigh County,52f2ab2ebcbc57f1066b8b42,Big Box Stores,117.0,"",117.0,1
2020-03-13,NorthDakota,Burleigh County,4bf58dd8d48988d113951735,Gas Stations,95.0,"",96.0,2
2020-03-13,NorthDakota,Burleigh County,4bf58dd8d48988d118951735,Grocery Stores,143.0,"",144.0,3
2020-03-13,NorthDakota,Burleigh County,4bf58dd8d48988d16e941735,Fast Food Restaurants,102.0,"",102.0,4
2020-03-13,NorthDakota,Burleigh County,4bf58dd8d48988d14e941735,American Restaurants,104.0,"",105.0,5
2020-03-13,NorthDakota,Burleigh County,4bf58dd8d48988d1fa931735,Hotels,80.0,"",80.0,6
2020-03-13,NorthDakota,Burleigh County,4bf58dd8d48988d116941735,Bars,47.0,"",47.0,6
2020-03-13,NorthDakota,Burleigh County,4bf58dd8d48988d112951735,Hardware Stores,117.0,"",119.0,7
2020-03-13,NorthDakota,Cass County,4bf58dd8d48988d116941735,Bars,73.0,"",74.0,1
2020-03-13,NorthDakota,Cass County,4bf58dd8d48988d113951735,Gas Stations,92.0,"",92.0,2
2020-03-13,NorthDakota,Cass County,4bf58dd8d48988d118951735,Grocery Stores,143.0,179.0,141.0,3
2020-03-13,NorthDakota,Cass County,52f2ab2ebcbc57f1066b8b42,Big Box Stores,115.0,"",115.0,4
2020-03-13,NorthDakota,Cass County,4bf58dd8d48988d16e941735,Fast Food Restaurants,98.0,"",98.0,5
2020-03-13,NorthDakota,Cass County,4bf58dd8d48988d1c5941735,Sandwich Places,103.0,"",103.0,6
2020-03-13,NorthDakota,Cass County,4bf58dd8d48988d1fa931735,Hotels,89.0,"",90.0,7
2020-03-13,NorthDakota,Cass County,52e816a6bcbc57f1066b7a54,Warehouse Stores,160.0,"",160.0,8
2020-03-13,NorthDakota,Cass County,52f2ab2ebcbc57f1066b8b46,Supermarkets,138.0,"",137.0,9
2020-03-13,NorthDakota,Cass County,4bf58dd8d48988d124941735,Offices,92.0,"",91.0,10
2020-03-13,NorthDakota,Cass County,4bf58dd8d48988d1fd941735,Shopping Malls,99.0,"",99.0,11
2020-03-13,NorthDakota,Cass County,4bf58dd8d48988d1ca941735,Pizza Places,98.0,"",99.0,12
2020-03-13,NorthDakota,Cass County,4bf58dd8d48988d1f6941735,Department Stores,103.0,"",102.0,13
2020-03-13,NorthDakota,Cass County,4bf58dd8d48988d196941735,Hospitals,85.0,"",85.0,14
2020-03-13,NorthDakota,Cass County,4bf58dd8d48988d112951735,Hardware Stores,94.0,"",95.0,15
2020-03-13,NorthDakota,Cass County,4bf58dd8d48988d1e0931735,Coffee Shops,72.0,"",72.0,16
2020-03-13,NorthDakota,Cass County,4bf58dd8d48988d176941735,Gyms,75.0,"",75.0,17
2020-03-13,NorthDakota,Cass County,4bf58dd8d48988d124951735,Automotive Shops,123.0,"",122.0,18
2020-03-13,NorthDakota,McKenzie County,4bf58dd8d48988d113951735,Gas Stations,83.0,"",84.0,1
2020-03-13,NorthDakota,Williams County,4bf58dd8d48988d113951735,Gas Stations,106.0,"",106.0,1
2020-03-13,NorthDakota,Williams County,4bf58dd8d48988d118951735,Grocery Stores,137.0,"",136.0,2
2020-03-13,NorthDakota,Williams County,52f2ab2ebcbc57f1066b8b42,Big Box Stores,134.0,"",136.0,3
2020-03-14,NorthDakota,Cass County,4bf58dd8d48988d116941735,Bars,75.0,"",75.0,1
2020-03-14,NorthDakota,Cass County,52f2ab2ebcbc57f1066b8b42,Big Box Stores,102.0,"",102.0,2
2020-03-14,NorthDakota,Cass County,4bf58dd8d48988d113951735,Gas Stations,77.0,"",77.0,3
2020-03-14,NorthDakota,Cass County,4bf58dd8d48988d1fa931735,Hotels,85.0,"",86.0,4
2020-03-14,NorthDakota,Cass County,4bf58dd8d48988d118951735,Grocery Stores,113.0,"",112.0,5
2020-03-14,NorthDakota,Cass County,4bf58dd8d48988d16e941735,Fast Food Restaurants,78.0,"",78.0,6
2020-03-14,NorthDakota,Cass County,4bf58dd8d48988d1c5941735,Sandwich Places,88.0,"",88.0,7
2020-03-14,NorthDakota,Cass County,52f2ab2ebcbc57f1066b8b46,Supermarkets,126.0,"",125.0,8
2020-03-14,NorthDakota,Cass County,4bf58dd8d48988d1fd941735,Shopping Malls,72.0,"",73.0,9
2020-03-14,NorthDakota,Cass County,4bf58dd8d48988d1f6941735,Department Stores,80.0,"",80.0,10
2020-03-14,NorthDakota,Cass County,52e816a6bcbc57f1066b7a54,Warehouse Stores,85.0,"",85.0,11
2020-03-14,NorthDakota,Cass County,4bf58dd8d48988d1ca941735,Pizza Places,81.0,"",80.0,12
2020-03-14,NorthDakota,Cass County,4bf58dd8d48988d14e941735,American Restaurants,79.0,"",78.0,13
2020-03-14,NorthDakota,Cass County,4bf58dd8d48988d112951735,Hardware Stores,92.0,"",91.0,14
2020-03-14,NorthDakota,Ward County,4bf58dd8d48988d116941735,Bars,63.0,"",63.0,1
2020-03-14,NorthDakota,Ward County,52f2ab2ebcbc57f1066b8b42,Big Box Stores,87.0,"",87.0,2
2020-03-14,NorthDakota,Ward County,4bf58dd8d48988d113951735,Gas Stations,89.0,"",89.0,3
2020-03-14,NorthDakota,Ward County,4bf58dd8d48988d1f1931735,General Entertainment,224.0,"",223.0,4
2020-03-14,NorthDakota,Ward County,4bf58dd8d48988d118951735,Grocery Stores,140.0,"",139.0,5
2020-03-14,NorthDakota,Ward County,4bf58dd8d48988d16e941735,Fast Food Restaurants,73.0,"",74.0,6
2020-03-14,NorthDakota,Ward County,4bf58dd8d48988d112951735,Hardware Stores,113.0,"",115.0,7
2020-03-14,NorthDakota,Grand Forks County,4bf58dd8d48988d116941735,Bars,78.0,"",79.0,1
2020-03-14,NorthDakota,Grand Forks County,52f2ab2ebcbc57f1066b8b42,Big Box Stores,90.0,"",90.0,2
2020-03-14,NorthDakota,Grand Forks County,4bf58dd8d48988d113951735,Gas Stations,77.0,"",77.0,3
2020-03-14,NorthDakota,Grand Forks County,4bf58dd8d48988d16e941735,Fast Food Restaurants,75.0,"",75.0,4
2020-03-14,NorthDakota,Grand Forks County,4bf58dd8d48988d112951735,Hardware Stores,95.0,"",95.0,5
2020-03-14,NorthDakota,Stark County,52f2ab2ebcbc57f1066b8b42,Big Box Stores,99.0,"",100.0,1
2020-03-14,NorthDakota,Williams County,4bf58dd8d48988d113951735,Gas Stations,81.0,"",81.0,1
2020-03-14,NorthDakota,Williams County,4bf58dd8d48988d118951735,Grocery Stores,137.0,"",137.0,2
2020-03-14,NorthDakota,Burleigh County,52f2ab2ebcbc57f1066b8b42,Big Box Stores,104.0,"",104.0,1
2020-03-14,NorthDakota,Burleigh County,4bf58dd8d48988d113951735,Gas Stations,75.0,"",75.0,2
2020-03-14,NorthDakota,Burleigh County,4bf58dd8d48988d118951735,Grocery Stores,129.0,"",129.0,3
2020-03-14,NorthDakota,Burleigh County,4bf58dd8d48988d1fd941735,Shopping Malls,98.0,"",98.0,4
2020-03-14,NorthDakota,Burleigh County,4bf58dd8d48988d14e941735,American Restaurants,76.0,"",77.0,5
2020-03-14,NorthDakota,Burleigh County,4bf58dd8d48988d16e941735,Fast Food Restaurants,77.0,"",77.0,6
2020-03-14,NorthDakota,Burleigh County,4bf58dd8d48988d1fa931735,Hotels,70.0,"",70.0,7
2020-03-14,NorthDakota,Burleigh County,4bf58dd8d48988d116941735,Bars,51.0,"",52.0,8
2020-03-14,NorthDakota,Burleigh County,4bf58dd8d48988d112951735,Hardware Stores,98.0,"",98.0,9
2020-03-14,NorthDakota,Morton County,4bf58dd8d48988d116941735,Bars,77.0,"",77.0,1
2020-03-15,NorthDakota,Morton County,4bf58dd8d48988d116941735,Bars,73.0,"",73.0,1
2020-03-15,NorthDakota,Ward County,4bf58dd8d48988d116941735,Bars,67.0,"",67.0,1
2020-03-15,NorthDakota,Ward County,52f2ab2ebcbc57f1066b8b42,Big Box Stores,73.0,"",72.0,2
2020-03-15,NorthDakota,Ward County,4bf58dd8d48988d113951735,Gas Stations,72.0,"",73.0,3
2020-03-15,NorthDakota,Cass County,4bf58dd8d48988d116941735,Bars,70.0,"",70.0,1
2020-03-15,NorthDakota,Cass County,4bf58dd8d48988d113951735,Gas Stations,79.0,"",80.0,2
2020-03-15,NorthDakota,Cass County,4bf58dd8d48988d118951735,Grocery Stores,99.0,"",100.0,3
2020-03-15,NorthDakota,Cass County,52f2ab2ebcbc57f1066b8b42,Big Box Stores,80.0,"",80.0,4
2020-03-15,NorthDakota,Cass County,4bf58dd8d48988d1c5941735,Sandwich Places,79.0,"",79.0,5
2020-03-15,NorthDakota,Cass County,4bf58dd8d48988d16e941735,Fast Food Restaurants,74.0,"",74.0,6
2020-03-15,NorthDakota,Cass County,4bf58dd8d48988d1fa931735,Hotels,59.0,"",59.0,7
2020-03-15,NorthDakota,Cass County,52f2ab2ebcbc57f1066b8b46,Supermarkets,103.0,"",103.0,8
2020-03-15,NorthDakota,Cass County,52e816a6bcbc57f1066b7a54,Warehouse Stores,74.0,"",74.0,9
2020-03-15,NorthDakota,Cass County,4bf58dd8d48988d1f6941735,Department Stores,77.0,"",77.0,10
2020-03-15,NorthDakota,Williams County,4bf58dd8d48988d113951735,Gas Stations,85.0,"",85.0,1
2020-03-15,NorthDakota,Grand Forks County,4bf58dd8d48988d116941735,Bars,62.0,"",62.0,1
2020-03-15,NorthDakota,Grand Forks County,52f2ab2ebcbc57f1066b8b42,Big Box Stores,91.0,"",90.0,2
2020-03-15,NorthDakota,Grand Forks County,4bf58dd8d48988d113951735,Gas Stations,73.0,"",73.0,3
2020-03-15,NorthDakota,Grand Forks County,4bf58dd8d48988d16e941735,Fast Food Restaurants,80.0,"",80.0,4
2020-03-15,NorthDakota,Grand Forks County,4bf58dd8d48988d112951735,Hardware Stores,129.0,"",130.0,5
2020-03-15,NorthDakota,Burleigh County,52f2ab2ebcbc57f1066b8b42,Big Box Stores,81.0,"",81.0,1
2020-03-15,NorthDakota,Burleigh County,4bf58dd8d48988d113951735,Gas Stations,81.0,"",82.0,2
2020-03-15,NorthDakota,Burleigh County,4bf58dd8d48988d118951735,Grocery Stores,107.0,"",109.0,3
2020-03-15,NorthDakota,Burleigh County,4bf58dd8d48988d116941735,Bars,51.0,"",51.0,4
2020-03-15,NorthDakota,Burleigh County,4bf58dd8d48988d16e941735,Fast Food Restaurants,83.0,"",83.0,5
2020-03-15,NorthDakota,Burleigh County,4bf58dd8d48988d14e941735,American Restaurants,70.0,"",70.0,6
2020-03-15,NorthDakota,Burleigh County,4bf58dd8d48988d1fa931735,Hotels,64.0,"",64.0,7
2020-03-16,NorthDakota,McKenzie County,4bf58dd8d48988d113951735,Gas Stations,87.0,"",87.0,1
2020-03-16,NorthDakota,Ward County,4bf58dd8d48988d113951735,Gas Stations,93.0,"",93.0,1
2020-03-16,NorthDakota,Ward County,4bf58dd8d48988d116941735,Bars,63.0,"",63.0,2
2020-03-16,NorthDakota,Ward County,4bf58dd8d48988d16e941735,Fast Food Restaurants,106.0,"",107.0,3
2020-03-16,NorthDakota,Ward County,52f2ab2ebcbc57f1066b8b42,Big Box Stores,99.0,"",98.0,4
2020-03-16,NorthDakota,Williams County,4bf58dd8d48988d113951735,Gas Stations,84.0,"",84.0,1
2020-03-16,NorthDakota,Williams County,4bf58dd8d48988d118951735,Grocery Stores,164.0,"",161.0,2
2020-03-16,NorthDakota,Cass County,4bf58dd8d48988d113951735,Gas Stations,83.0,"",84.0,1
2020-03-16,NorthDakota,Cass County,4bf58dd8d48988d118951735,Grocery Stores,127.0,"",127.0,2
2020-03-16,NorthDakota,Cass County,4bf58dd8d48988d116941735,Bars,63.0,"",63.0,3
2020-03-16,NorthDakota,Cass County,52f2ab2ebcbc57f1066b8b42,Big Box Stores,97.0,"",96.0,4
2020-03-16,NorthDakota,Cass County,4bf58dd8d48988d16e941735,Fast Food Restaurants,74.0,"",74.0,5
2020-03-16,NorthDakota,Cass County,4bf58dd8d48988d124941735,Offices,99.0,"",99.0,6
2020-03-16,NorthDakota,Cass County,4bf58dd8d48988d1c5941735,Sandwich Places,91.0,"",92.0,7
2020-03-16,NorthDakota,Cass County,52f2ab2ebcbc57f1066b8b46,Supermarkets,140.0,"",143.0,8
2020-03-16,NorthDakota,Cass County,4bf58dd8d48988d196941735,Hospitals,85.0,"",86.0,9
2020-03-16,NorthDakota,Cass County,52e816a6bcbc57f1066b7a54,Warehouse Stores,162.0,"",160.0,9
2020-03-16,NorthDakota,Cass County,4bf58dd8d48988d112951735,Hardware Stores,107.0,"",108.0,10
2020-03-16,NorthDakota,Grand Forks County,52f2ab2ebcbc57f1066b8b42,Big Box Stores,102.0,"",103.0,1
2020-03-16,NorthDakota,Grand Forks County,4bf58dd8d48988d113951735,Gas Stations,80.0,"",80.0,2
2020-03-16,NorthDakota,Grand Forks County,4bf58dd8d48988d116941735,Bars,61.0,"",62.0,3
2020-03-16,NorthDakota,Burleigh County,52f2ab2ebcbc57f1066b8b42,Big Box Stores,115.0,"",116.0,1
2020-03-16,NorthDakota,Burleigh County,4bf58dd8d48988d118951735,Grocery Stores,169.0,"",171.0,2
2020-03-16,NorthDakota,Burleigh County,4bf58dd8d48988d113951735,Gas Stations,80.0,"",81.0,3
2020-03-16,NorthDakota,Burleigh County,4bf58dd8d48988d16e941735,Fast Food Restaurants,94.0,"",93.0,4
2020-03-17,NorthDakota,Grand Forks County,52f2ab2ebcbc57f1066b8b42,Big Box Stores,115.0,"",116.0,1
2020-03-17,NorthDakota,Grand Forks County,4bf58dd8d48988d113951735,Gas Stations,84.0,"",84.0,2
2020-03-17,NorthDakota,Grand Forks County,4bf58dd8d48988d116941735,Bars,65.0,"",64.0,3
2020-03-17,NorthDakota,Ward County,4bf58dd8d48988d113951735,Gas Stations,80.0,"",81.0,1
2020-03-17,NorthDakota,Ward County,52f2ab2ebcbc57f1066b8b42,Big Box Stores,119.0,"",121.0,2
2020-03-17,NorthDakota,Ward County,4bf58dd8d48988d116941735,Bars,48.0,"",48.0,3
2020-03-17,NorthDakota,Ward County,4bf58dd8d48988d118951735,Grocery Stores,185.0,"",189.0,4
2020-03-17,NorthDakota,Ward County,4bf58dd8d48988d16e941735,Fast Food Restaurants,102.0,"",104.0,4
2020-03-17,NorthDakota,Cass County,4bf58dd8d48988d113951735,Gas Stations,91.0,108.0,91.0,1
2020-03-17,NorthDakota,Cass County,4bf58dd8d48988d118951735,Grocery Stores,146.0,142.0,146.0,2
2020-03-17,NorthDakota,Cass County,4bf58dd8d48988d116941735,Bars,65.0,"",65.0,3
2020-03-17,NorthDakota,Cass County,52f2ab2ebcbc57f1066b8b42,Big Box Stores,90.0,"",91.0,4
2020-03-17,NorthDakota,Cass County,4bf58dd8d48988d16e941735,Fast Food Restaurants,80.0,"",80.0,5
2020-03-17,NorthDakota,Cass County,4bf58dd8d48988d1c5941735,Sandwich Places,81.0,"",81.0,6
2020-03-17,NorthDakota,Cass County,4bf58dd8d48988d124941735,Offices,69.0,"",69.0,7
2020-03-17,NorthDakota,Cass County,52f2ab2ebcbc57f1066b8b46,Supermarkets,116.0,"",117.0,8
2020-03-17,NorthDakota,Cass County,52e816a6bcbc57f1066b7a54,Warehouse Stores,155.0,"",159.0,9
2020-03-17,NorthDakota,Cass County,4bf58dd8d48988d112951735,Hardware Stores,109.0,"",109.0,10
2020-03-17,NorthDakota,Burleigh County,52f2ab2ebcbc57f1066b8b42,Big Box Stores,113.0,"",114.0,1
2020-03-17,NorthDakota,Burleigh County,4bf58dd8d48988d113951735,Gas Stations,92.0,"",91.0,2
2020-03-17,NorthDakota,Burleigh County,4bf58dd8d48988d118951735,Grocery Stores,137.0,"",135.0,3
2020-03-17,NorthDakota,Burleigh County,4bf58dd8d48988d16e941735,Fast Food Restaurants,86.0,"",87.0,4
2020-03-17,NorthDakota,Williams County,4bf58dd8d48988d113951735,Gas Stations,83.0,"",84.0,1
2020-03-18,NorthDakota,Ward County,4bf58dd8d48988d116941735,Bars,57.0,"",57.0,1
2020-03-18,NorthDakota,Ward County,4bf58dd8d48988d113951735,Gas Stations,74.0,"",74.0,2
2020-03-18,NorthDakota,Williams County,4bf58dd8d48988d113951735,Gas Stations,79.0,"",79.0,1
2020-03-18,NorthDakota,Williams County,4bf58dd8d48988d118951735,Grocery Stores,163.0,"",164.0,2
2020-03-18,NorthDakota,Cass County,4bf58dd8d48988d113951735,Gas Stations,86.0,"",86.0,1
2020-03-18,NorthDakota,Cass County,4bf58dd8d48988d116941735,Bars,65.0,"",65.0,2
2020-03-18,NorthDakota,Cass County,4bf58dd8d48988d118951735,Grocery Stores,129.0,"",130.0,3
2020-03-18,NorthDakota,Cass County,52f2ab2ebcbc57f1066b8b42,Big Box Stores,102.0,"",102.0,4
2020-03-18,NorthDakota,Cass County,4bf58dd8d48988d1c5941735,Sandwich Places,99.0,"",99.0,5
2020-03-18,NorthDakota,Cass County,4bf58dd8d48988d16e941735,Fast Food Restaurants,68.0,"",68.0,6
2020-03-18,NorthDakota,Cass County,52f2ab2ebcbc57f1066b8b46,Supermarkets,118.0,"",118.0,7
2020-03-18,NorthDakota,Cass County,4bf58dd8d48988d124941735,Offices,77.0,"",76.0,8
2020-03-18,NorthDakota,Cass County,4bf58dd8d48988d124951735,Automotive Shops,125.0,"",126.0,9
2020-03-18,NorthDakota,Cass County,52e816a6bcbc57f1066b7a54,Warehouse Stores,131.0,"",135.0,10
2020-03-18,NorthDakota,Grand Forks County,52f2ab2ebcbc57f1066b8b42,Big Box Stores,119.0,"",119.0,1
2020-03-18,NorthDakota,Grand Forks County,4bf58dd8d48988d113951735,Gas Stations,91.0,"",90.0,2
2020-03-18,NorthDakota,Grand Forks County,4bf58dd8d48988d116941735,Bars,72.0,"",72.0,3
2020-03-18,NorthDakota,Burleigh County,4bf58dd8d48988d113951735,Gas Stations,94.0,"",95.0,1
2020-03-18,NorthDakota,Burleigh County,52f2ab2ebcbc57f1066b8b42,Big Box Stores,98.0,"",99.0,2
2020-03-18,NorthDakota,Burleigh County,4bf58dd8d48988d118951735,Grocery Stores,130.0,"",131.0,3
2020-03-18,NorthDakota,Burleigh County,4bf58dd8d48988d112951735,Hardware Stores,124.0,"",125.0,4
2020-03-18,NorthDakota,Burleigh County,4bf58dd8d48988d16e941735,Fast Food Restaurants,69.0,"",69.0,5
2020-03-18,NorthDakota,McKenzie County,4bf58dd8d48988d113951735,Gas Stations,87.0,"",87.0,1
2020-03-19,NorthDakota,Cass County,4bf58dd8d48988d113951735,Gas Stations,65.0,"",66.0,1
2020-03-19,NorthDakota,Cass County,4bf58dd8d48988d118951735,Grocery Stores,132.0,"",133.0,2
2020-03-19,NorthDakota,Cass County,4bf58dd8d48988d116941735,Bars,47.0,"",47.0,3
2020-03-19,NorthDakota,Cass County,52f2ab2ebcbc57f1066b8b42,Big Box Stores,87.0,"",87.0,4
2020-03-19,NorthDakota,Cass County,4bf58dd8d48988d1c5941735,Sandwich Places,89.0,"",90.0,5
2020-03-19,NorthDakota,Cass County,4bf58dd8d48988d16e941735,Fast Food Restaurants,57.0,"",57.0,6
2020-03-19,NorthDakota,Cass County,52f2ab2ebcbc57f1066b8b46,Supermarkets,105.0,"",107.0,7
2020-03-19,NorthDakota,Cass County,4bf58dd8d48988d124941735,Offices,60.0,"",60.0,8
2020-03-19,NorthDakota,Ward County,4bf58dd8d48988d113951735,Gas Stations,70.0,"",70.0,1
2020-03-19,NorthDakota,Ward County,52f2ab2ebcbc57f1066b8b42,Big Box Stores,88.0,"",88.0,2
2020-03-19,NorthDakota,Ward County,4bf58dd8d48988d116941735,Bars,36.0,"",36.0,3
2020-03-19,NorthDakota,Williams County,4bf58dd8d48988d113951735,Gas Stations,77.0,"",77.0,1
2020-03-19,NorthDakota,Williams County,4bf58dd8d48988d118951735,Grocery Stores,151.0,"",151.0,2
2020-03-19,NorthDakota,Grand Forks County,52f2ab2ebcbc57f1066b8b42,Big Box Stores,82.0,"",82.0,1
2020-03-19,NorthDakota,Grand Forks County,4bf58dd8d48988d113951735,Gas Stations,71.0,"",71.0,2
2020-03-19,NorthDakota,Grand Forks County,4bf58dd8d48988d116941735,Bars,56.0,"",57.0,3
2020-03-19,NorthDakota,Burleigh County,52f2ab2ebcbc57f1066b8b42,Big Box Stores,100.0,"",101.0,1
2020-03-19,NorthDakota,Burleigh County,4bf58dd8d48988d113951735,Gas Stations,72.0,"",73.0,2
2020-03-19,NorthDakota,Burleigh County,4bf58dd8d48988d118951735,Grocery Stores,126.0,"",127.0,3
2020-03-20,NorthDakota,Cass County,4bf58dd8d48988d113951735,Gas Stations,76.0,"",76.0,1
2020-03-20,NorthDakota,Cass County,4bf58dd8d48988d118951735,Grocery Stores,121.0,"",122.0,2
2020-03-20,NorthDakota,Cass County,4bf58dd8d48988d116941735,Bars,33.0,"",33.0,3
2020-03-20,NorthDakota,Cass County,52f2ab2ebcbc57f1066b8b42,Big Box Stores,73.0,"",73.0,4
2020-03-20,NorthDakota,Cass County,4bf58dd8d48988d16e941735,Fast Food Restaurants,65.0,"",65.0,5
2020-03-20,NorthDakota,Cass County,4bf58dd8d48988d1c5941735,Sandwich Places,63.0,"",63.0,6
2020-03-20,NorthDakota,Cass County,52f2ab2ebcbc57f1066b8b46,Supermarkets,111.0,"",113.0,7
2020-03-20,NorthDakota,Cass County,4bf58dd8d48988d112951735,Hardware Stores,102.0,"",103.0,8
2020-03-20,NorthDakota,Cass County,4bf58dd8d48988d124941735,Offices,68.0,"",68.0,9
2020-03-20,NorthDakota,Cass County,52e816a6bcbc57f1066b7a54,Warehouse Stores,98.0,"",98.0,10
2020-03-20,NorthDakota,Ward County,4bf58dd8d48988d113951735,Gas Stations,80.0,"",80.0,1
2020-03-20,NorthDakota,Ward County,4bf58dd8d48988d118951735,Grocery Stores,149.0,"",151.0,2
2020-03-20,NorthDakota,Ward County,4bf58dd8d48988d16e941735,Fast Food Restaurants,73.0,"",74.0,3
2020-03-20,NorthDakota,Ward County,52f2ab2ebcbc57f1066b8b42,Big Box Stores,68.0,"",69.0,4
2020-03-20,NorthDakota,Ward County,4bf58dd8d48988d116941735,Bars,29.0,"",29.0,5
2020-03-20,NorthDakota,Williams County,4bf58dd8d48988d113951735,Gas Stations,79.0,"",80.0,1
2020-03-20,NorthDakota,Williams County,4bf58dd8d48988d118951735,Grocery Stores,147.0,"",147.0,2
2020-03-20,NorthDakota,Burleigh County,4bf58dd8d48988d113951735,Gas Stations,84.0,"",83.0,1
2020-03-20,NorthDakota,Burleigh County,52f2ab2ebcbc57f1066b8b42,Big Box Stores,83.0,"",83.0,1
2020-03-20,NorthDakota,Burleigh County,4bf58dd8d48988d118951735,Grocery Stores,118.0,"",118.0,2
2020-03-20,NorthDakota,Burleigh County,4bf58dd8d48988d16e941735,Fast Food Restaurants,70.0,"",69.0,3
2020-03-20,NorthDakota,Grand Forks County,52f2ab2ebcbc57f1066b8b42,Big Box Stores,95.0,"",96.0,1
2020-03-20,NorthDakota,Grand Forks County,4bf58dd8d48988d113951735,Gas Stations,65.0,"",65.0,2
2020-03-20,NorthDakota,Grand Forks County,4bf58dd8d48988d16e941735,Fast Food Restaurants,67.0,"",67.0,3
2020-03-20,NorthDakota,Grand Forks County,4bf58dd8d48988d118951735,Grocery Stores,151.0,"",154.0,3
2020-03-21,NorthDakota,Cass County,4bf58dd8d48988d118951735,Grocery Stores,90.0,"",90.0,1
2020-03-21,NorthDakota,Cass County,52f2ab2ebcbc57f1066b8b42,Big Box Stores,66.0,"",67.0,2
2020-03-21,NorthDakota,Cass County,4bf58dd8d48988d113951735,Gas Stations,53.0,"",53.0,3
2020-03-21,NorthDakota,Cass County,4bf58dd8d48988d1c5941735,Sandwich Places,62.0,"",62.0,4
2020-03-21,NorthDakota,Cass County,4bf58dd8d48988d16e941735,Fast Food Restaurants,39.0,"",39.0,5
2020-03-21,NorthDakota,Cass County,52f2ab2ebcbc57f1066b8b46,Supermarkets,84.0,"",84.0,6
2020-03-21,NorthDakota,Williams County,4bf58dd8d48988d113951735,Gas Stations,79.0,"",79.0,1
2020-03-21,NorthDakota,Burleigh County,52f2ab2ebcbc57f1066b8b42,Big Box Stores,53.0,"",53.0,1
2020-03-21,NorthDakota,Burleigh County,4bf58dd8d48988d113951735,Gas Stations,51.0,"",51.0,2
2020-03-21,NorthDakota,Burleigh County,4bf58dd8d48988d118951735,Grocery Stores,88.0,"",88.0,3
2020-03-21,NorthDakota,Grand Forks County,52f2ab2ebcbc57f1066b8b42,Big Box Stores,69.0,"",69.0,1
2020-03-21,NorthDakota,Grand Forks County,4bf58dd8d48988d113951735,Gas Stations,64.0,"",64.0,2
2020-03-21,NorthDakota,Ward County,52f2ab2ebcbc57f1066b8b42,Big Box Stores,56.0,"",56.0,1
2020-03-21,NorthDakota,Ward County,4bf58dd8d48988d113951735,Gas Stations,59.0,"",59.0,2
2020-03-22,NorthDakota,Cass County,4bf58dd8d48988d113951735,Gas Stations,54.0,"",54.0,1
2020-03-22,NorthDakota,Cass County,4bf58dd8d48988d118951735,Grocery Stores,74.0,"",74.0,2
2020-03-22,NorthDakota,Cass County,52f2ab2ebcbc57f1066b8b42,Big Box Stores,49.0,"",49.0,3
2020-03-22,NorthDakota,Cass County,4bf58dd8d48988d1c5941735,Sandwich Places,51.0,"",50.0,4
2020-03-22,NorthDakota,Cass County,4bf58dd8d48988d16e941735,Fast Food Restaurants,49.0,"",49.0,5
2020-03-22,NorthDakota,Cass County,52f2ab2ebcbc57f1066b8b46,Supermarkets,80.0,"",79.0,6
2020-03-22,NorthDakota,Williams County,4bf58dd8d48988d113951735,Gas Stations,76.0,"",76.0,1
2020-03-22,NorthDakota,Burleigh County,4bf58dd8d48988d113951735,Gas Stations,72.0,"",72.0,1
2020-03-22,NorthDakota,Burleigh County,52f2ab2ebcbc57f1066b8b42,Big Box Stores,49.0,"",49.0,2
2020-03-22,NorthDakota,Grand Forks County,52f2ab2ebcbc57f1066b8b42,Big Box Stores,51.0,"",51.0,1
2020-03-23,NorthDakota,Williams County,4bf58dd8d48988d113951735,Gas Stations,70.0,"",69.0,1
2020-03-23,NorthDakota,Burleigh County,4bf58dd8d48988d113951735,Gas Stations,74.0,"",75.0,1
2020-03-23,NorthDakota,Burleigh County,52f2ab2ebcbc57f1066b8b42,Big Box Stores,58.0,"",59.0,2
2020-03-23,NorthDakota,Cass County,4bf58dd8d48988d113951735,Gas Stations,77.0,"",78.0,1
2020-03-23,NorthDakota,Cass County,4bf58dd8d48988d118951735,Grocery Stores,87.0,"",87.0,2
2020-03-23,NorthDakota,Cass County,4bf58dd8d48988d16e941735,Fast Food Restaurants,58.0,"",59.0,3
2020-03-23,NorthDakota,Cass County,52f2ab2ebcbc57f1066b8b42,Big Box Stores,64.0,"",64.0,4
2020-03-23,NorthDakota,Cass County,4bf58dd8d48988d124941735,Offices,62.0,"",61.0,5
2020-03-23,NorthDakota,Ward County,4bf58dd8d48988d113951735,Gas Stations,64.0,"",64.0,1
2020-03-23,NorthDakota,Grand Forks County,4bf58dd8d48988d113951735,Gas Stations,77.0,"",77.0,1
2020-03-23,NorthDakota,Grand Forks County,52f2ab2ebcbc57f1066b8b42,Big Box Stores,61.0,"",60.0,2
2020-03-24,NorthDakota,Cass County,4bf58dd8d48988d113951735,Gas Stations,76.0,"",76.0,1
2020-03-24,NorthDakota,Cass County,4bf58dd8d48988d118951735,Grocery Stores,85.0,"",86.0,2
2020-03-24,NorthDakota,Cass County,52f2ab2ebcbc57f1066b8b42,Big Box Stores,64.0,"",63.0,3
2020-03-24,NorthDakota,Cass County,4bf58dd8d48988d16e941735,Fast Food Restaurants,54.0,"",55.0,4
2020-03-24,NorthDakota,Cass County,4bf58dd8d48988d1c5941735,Sandwich Places,60.0,"",60.0,5
2020-03-24,NorthDakota,Grand Forks County,4bf58dd8d48988d113951735,Gas Stations,72.0,"",72.0,1
2020-03-24,NorthDakota,Grand Forks County,52f2ab2ebcbc57f1066b8b42,Big Box Stores,76.0,"",77.0,2
2020-03-24,NorthDakota,Ward County,4bf58dd8d48988d113951735,Gas Stations,80.0,"",81.0,1
2020-03-24,NorthDakota,Burleigh County,4bf58dd8d48988d113951735,Gas Stations,67.0,"",68.0,1
2020-03-24,NorthDakota,Burleigh County,52f2ab2ebcbc57f1066b8b42,Big Box Stores,57.0,"",58.0,2
2020-03-24,NorthDakota,Burleigh County,4bf58dd8d48988d16e941735,Fast Food Restaurants,67.0,"",69.0,3
2020-03-24,NorthDakota,Williams County,4bf58dd8d48988d113951735,Gas Stations,65.0,"",65.0,1
2020-03-25,NorthDakota,Cass County,4bf58dd8d48988d113951735,Gas Stations,70.0,"",70.0,1
2020-03-25,NorthDakota,Cass County,4bf58dd8d48988d118951735,Grocery Stores,80.0,"",80.0,2
2020-03-25,NorthDakota,Cass County,4bf58dd8d48988d16e941735,Fast Food Restaurants,71.0,"",71.0,3
2020-03-25,NorthDakota,Cass County,52f2ab2ebcbc57f1066b8b42,Big Box Stores,78.0,"",79.0,4
2020-03-25,NorthDakota,Cass County,4bf58dd8d48988d1c5941735,Sandwich Places,76.0,"",77.0,5
2020-03-25,NorthDakota,Cass County,4bf58dd8d48988d116941735,Bars,26.0,"",26.0,6
2020-03-25,NorthDakota,Burleigh County,4bf58dd8d48988d113951735,Gas Stations,69.0,"",69.0,1
2020-03-25,NorthDakota,Burleigh County,52f2ab2ebcbc57f1066b8b42,Big Box Stores,62.0,"",62.0,2
2020-03-25,NorthDakota,Burleigh County,4bf58dd8d48988d118951735,Grocery Stores,85.0,"",87.0,3
2020-03-25,NorthDakota,Ward County,4bf58dd8d48988d113951735,Gas Stations,72.0,"",71.0,1
2020-03-25,NorthDakota,Williams County,4bf58dd8d48988d113951735,Gas Stations,67.0,"",67.0,1
2020-03-25,NorthDakota,Grand Forks County,52f2ab2ebcbc57f1066b8b42,Big Box Stores,86.0,"",86.0,1
2020-03-25,NorthDakota,Grand Forks County,4bf58dd8d48988d113951735,Gas Stations,71.0,"",70.0,2
2020-03-26,NorthDakota,Grand Forks County,52f2ab2ebcbc57f1066b8b42,Big Box Stores,81.0,"",82.0,1
2020-03-26,NorthDakota,Grand Forks County,4bf58dd8d48988d113951735,Gas Stations,64.0,"",64.0,2
2020-03-26,NorthDakota,Williams County,4bf58dd8d48988d113951735,Gas Stations,70.0,"",69.0,1
2020-03-26,NorthDakota,Cass County,4bf58dd8d48988d113951735,Gas Stations,70.0,"",70.0,1
2020-03-26,NorthDakota,Cass County,4bf58dd8d48988d118951735,Grocery Stores,109.0,"",110.0,2
2020-03-26,NorthDakota,Cass County,52f2ab2ebcbc57f1066b8b42,Big Box Stores,80.0,"",82.0,3
2020-03-26,NorthDakota,Cass County,4bf58dd8d48988d16e941735,Fast Food Restaurants,61.0,"",62.0,4
2020-03-26,NorthDakota,Cass County,4bf58dd8d48988d116941735,Bars,26.0,"",26.0,5
2020-03-26,NorthDakota,Cass County,4bf58dd8d48988d1c5941735,Sandwich Places,72.0,"",73.0,6
2020-03-26,NorthDakota,Burleigh County,4bf58dd8d48988d113951735,Gas Stations,86.0,"",86.0,1
2020-03-26,NorthDakota,Burleigh County,52f2ab2ebcbc57f1066b8b42,Big Box Stores,69.0,"",70.0,2
2020-03-26,NorthDakota,Burleigh County,4bf58dd8d48988d16e941735,Fast Food Restaurants,76.0,"",76.0,3
2020-03-26,NorthDakota,Ward County,4bf58dd8d48988d113951735,Gas Stations,78.0,"",77.0,1
2020-03-27,NorthDakota,Ward County,4bf58dd8d48988d113951735,Gas Stations,66.0,"",66.0,1
2020-03-27,NorthDakota,Cass County,4bf58dd8d48988d113951735,Gas Stations,68.0,"",68.0,1
2020-03-27,NorthDakota,Cass County,4bf58dd8d48988d118951735,Grocery Stores,92.0,"",92.0,2
2020-03-27,NorthDakota,Cass County,52f2ab2ebcbc57f1066b8b42,Big Box Stores,74.0,"",74.0,3
2020-03-27,NorthDakota,Cass County,4bf58dd8d48988d16e941735,Fast Food Restaurants,57.0,"",57.0,4
2020-03-27,NorthDakota,Cass County,4bf58dd8d48988d1c5941735,Sandwich Places,67.0,"",68.0,5
2020-03-27,NorthDakota,Cass County,4bf58dd8d48988d124941735,Offices,67.0,"",67.0,6
2020-03-27,NorthDakota,Cass County,52f2ab2ebcbc57f1066b8b46,Supermarkets,90.0,"",91.0,7
2020-03-27,NorthDakota,Cass County,4bf58dd8d48988d116941735,Bars,19.0,"",19.0,8
2020-03-27,NorthDakota,Cass County,4bf58dd8d48988d112951735,Hardware Stores,88.0,"",89.0,9
2020-03-27,NorthDakota,Williams County,4bf58dd8d48988d113951735,Gas Stations,66.0,"",66.0,1
2020-03-27,NorthDakota,Grand Forks County,52f2ab2ebcbc57f1066b8b42,Big Box Stores,72.0,"",72.0,1
2020-03-27,NorthDakota,Grand Forks County,4bf58dd8d48988d113951735,Gas Stations,67.0,"",67.0,2
2020-03-27,NorthDakota,Burleigh County,4bf58dd8d48988d113951735,Gas Stations,72.0,"",73.0,1
2020-03-27,NorthDakota,Burleigh County,52f2ab2ebcbc57f1066b8b42,Big Box Stores,60.0,"",60.0,2
2020-03-27,NorthDakota,Burleigh County,4bf58dd8d48988d118951735,Grocery Stores,85.0,"",86.0,3
2020-03-27,NorthDakota,Burleigh County,4bf58dd8d48988d16e941735,Fast Food Restaurants,61.0,"",60.0,4
2020-03-28,NorthDakota,Cass County,4bf58dd8d48988d113951735,Gas Stations,55.0,"",55.0,1
2020-03-28,NorthDakota,Cass County,52f2ab2ebcbc57f1066b8b42,Big Box Stores,60.0,"",60.0,2
2020-03-28,NorthDakota,Cass County,4bf58dd8d48988d118951735,Grocery Stores,78.0,"",78.0,3
2020-03-28,NorthDakota,Cass County,4bf58dd8d48988d1c5941735,Sandwich Places,53.0,"",53.0,4
2020-03-28,NorthDakota,Cass County,4bf58dd8d48988d16e941735,Fast Food Restaurants,43.0,"",43.0,5
2020-03-28,NorthDakota,Cass County,52f2ab2ebcbc57f1066b8b46,Supermarkets,80.0,"",81.0,6
2020-03-28,NorthDakota,Cass County,52e816a6bcbc57f1066b7a54,Warehouse Stores,63.0,"",64.0,7
2020-03-28,NorthDakota,Williams County,4bf58dd8d48988d113951735,Gas Stations,69.0,"",69.0,1
2020-03-28,NorthDakota,Burleigh County,52f2ab2ebcbc57f1066b8b42,Big Box Stores,52.0,"",52.0,1
2020-03-28,NorthDakota,Burleigh County,4bf58dd8d48988d113951735,Gas Stations,63.0,"",63.0,2
2020-03-28,NorthDakota,Burleigh County,4bf58dd8d48988d112951735,Hardware Stores,80.0,"",82.0,3
2020-03-28,NorthDakota,Burleigh County,4bf58dd8d48988d118951735,Grocery Stores,83.0,"",84.0,4
2020-03-28,NorthDakota,Ward County,52f2ab2ebcbc57f1066b8b42,Big Box Stores,69.0,"",69.0,1
2020-03-28,NorthDakota,Ward County,4bf58dd8d48988d113951735,Gas Stations,60.0,"",61.0,2
2020-03-28,NorthDakota,Grand Forks County,52f2ab2ebcbc57f1066b8b42,Big Box Stores,61.0,"",61.0,1
2020-03-28,NorthDakota,Grand Forks County,4bf58dd8d48988d113951735,Gas Stations,66.0,"",67.0,2
2020-03-28,NorthDakota,Grand Forks County,4bf58dd8d48988d112951735,Hardware Stores,109.0,"",110.0,3
2020-03-29,NorthDakota,Cass County,4bf58dd8d48988d113951735,Gas Stations,48.0,"",48.0,1
2020-03-29,NorthDakota,Cass County,4bf58dd8d48988d118951735,Grocery Stores,67.0,"",67.0,2
2020-03-29,NorthDakota,Cass County,52f2ab2ebcbc57f1066b8b42,Big Box Stores,47.0,"",47.0,3
2020-03-29,NorthDakota,Grand Forks County,52f2ab2ebcbc57f1066b8b42,Big Box Stores,45.0,"",45.0,1
2020-03-29,NorthDakota,Burleigh County,4bf58dd8d48988d113951735,Gas Stations,68.0,"",69.0,1
2020-03-29,NorthDakota,Burleigh County,52f2ab2ebcbc57f1066b8b42,Big Box Stores,46.0,"",46.0,2
2020-03-29,NorthDakota,Burleigh County,4bf58dd8d48988d16e941735,Fast Food Restaurants,68.0,"",66.0,3
2020-03-30,NorthDakota,Williams County,4bf58dd8d48988d113951735,Gas Stations,65.0,"",65.0,1
2020-03-30,NorthDakota,Cass County,4bf58dd8d48988d113951735,Gas Stations,59.0,"",60.0,1
2020-03-30,NorthDakota,Cass County,4bf58dd8d48988d118951735,Grocery Stores,74.0,"",74.0,2
2020-03-30,NorthDakota,Cass County,4bf58dd8d48988d16e941735,Fast Food Restaurants,50.0,"",51.0,3
2020-03-30,NorthDakota,Cass County,52f2ab2ebcbc57f1066b8b42,Big Box Stores,56.0,"",57.0,4
2020-03-30,NorthDakota,Cass County,4bf58dd8d48988d1c5941735,Sandwich Places,63.0,"",63.0,5
2020-03-30,NorthDakota,Burleigh County,52f2ab2ebcbc57f1066b8b42,Big Box Stores,58.0,"",59.0,1
2020-03-30,NorthDakota,Burleigh County,4bf58dd8d48988d113951735,Gas Stations,62.0,"",63.0,2
2020-03-30,NorthDakota,Burleigh County,4bf58dd8d48988d16e941735,Fast Food Restaurants,70.0,"",70.0,3
2020-03-31,NorthDakota,Cass County,4bf58dd8d48988d113951735,Gas Stations,53.0,"",54.0,1
2020-03-31,NorthDakota,Cass County,4bf58dd8d48988d118951735,Grocery Stores,73.0,"",74.0,2
2020-03-31,NorthDakota,Cass County,4bf58dd8d48988d16e941735,Fast Food Restaurants,60.0,"",60.0,3
2020-03-31,NorthDakota,Cass County,52f2ab2ebcbc57f1066b8b42,Big Box Stores,55.0,"",55.0,4
2020-03-31,NorthDakota,Ward County,4bf58dd8d48988d113951735,Gas Stations,54.0,"",55.0,1
2020-03-31,NorthDakota,Burleigh County,4bf58dd8d48988d113951735,Gas Stations,65.0,"",67.0,1
2020-03-31,NorthDakota,Burleigh County,52f2ab2ebcbc57f1066b8b42,Big Box Stores,58.0,"",59.0,2
2020-03-31,NorthDakota,Burleigh County,4bf58dd8d48988d118951735,Grocery Stores,92.0,"",93.0,3
2020-03-31,NorthDakota,Burleigh County,4bf58dd8d48988d16e941735,Fast Food Restaurants,66.0,"",66.0,4
2020-03-31,NorthDakota,Williams County,4bf58dd8d48988d113951735,Gas Stations,65.0,"",65.0,1
2020-03-31,NorthDakota,Grand Forks County,4bf58dd8d48988d113951735,Gas Stations,60.0,"",60.0,1
2020-03-31,NorthDakota,Grand Forks County,52f2ab2ebcbc57f1066b8b42,Big Box Stores,65.0,"",65.0,2
2020-04-01,NorthDakota,Ward County,4bf58dd8d48988d113951735,Gas Stations,59.0,"",58.0,1
2020-04-01,NorthDakota,Cass County,4bf58dd8d48988d113951735,Gas Stations,60.0,"",60.0,1
2020-04-01,NorthDakota,Cass County,52f2ab2ebcbc57f1066b8b42,Big Box Stores,86.0,"",86.0,2
2020-04-01,NorthDakota,Cass County,4bf58dd8d48988d118951735,Grocery Stores,74.0,"",74.0,3
2020-04-01,NorthDakota,Cass County,4bf58dd8d48988d1c5941735,Sandwich Places,83.0,"",83.0,4
2020-04-01,NorthDakota,Grand Forks County,52f2ab2ebcbc57f1066b8b42,Big Box Stores,81.0,"",81.0,1
2020-04-01,NorthDakota,Grand Forks County,4bf58dd8d48988d113951735,Gas Stations,58.0,"",57.0,2
2020-04-01,NorthDakota,Williams County,4bf58dd8d48988d113951735,Gas Stations,68.0,"",68.0,1
2020-04-01,NorthDakota,Burleigh County,52f2ab2ebcbc57f1066b8b42,Big Box Stores,77.0,"",77.0,1
2020-04-01,NorthDakota,Burleigh County,4bf58dd8d48988d113951735,Gas Stations,65.0,"",66.0,2
2020-04-01,NorthDakota,Burleigh County,4bf58dd8d48988d118951735,Grocery Stores,87.0,"",87.0,3
