2020-03-01,,Bennington County,4d4b7105d754a06378d81259,Shops & Services,107.0,92.0,108.0,1
2020-03-01,,Bennington County,4d4b7105d754a06374d81259,Food,120.0,"",120.0,2
2020-03-01,,Bennington County,4bf58dd8d48988d1f9941735,Food & Drink Shops,125.0,"",128.0,3
2020-03-01,,Bennington County,4d4b7105d754a06377d81259,Outdoors & Recreation,62.0,"",62.0,4
2020-03-01,,Washington County,4d4b7105d754a06378d81259,Shops & Services,96.0,93.0,96.0,1
2020-03-01,,Washington County,4d4b7105d754a06377d81259,Outdoors & Recreation,82.0,63.0,83.0,2
2020-03-01,,Washington County,4bf58dd8d48988d1e9941735,Ski Areas,86.0,"",87.0,3
2020-03-01,,Washington County,4d4b7105d754a06374d81259,Food,100.0,110.0,99.0,4
2020-03-01,,Washington County,4bf58dd8d48988d1f9941735,Food & Drink Shops,101.0,"",100.0,5
2020-03-01,,Caledonia County,4d4b7105d754a06378d81259,Shops & Services,109.0,"",109.0,1
2020-03-01,,Lamoille County,4d4b7105d754a06377d81259,Outdoors & Recreation,85.0,106.0,84.0,1
2020-03-01,,Lamoille County,4bf58dd8d48988d1e9941735,Ski Areas,86.0,107.0,85.0,2
2020-03-01,,Lamoille County,4d4b7105d754a06378d81259,Shops & Services,95.0,"",95.0,3
2020-03-01,,Lamoille County,4d4b7105d754a06379d81259,Travel & Transport,93.0,"",93.0,4
2020-03-01,,Lamoille County,4bf58dd8d48988d1fa931735,Hotels,96.0,"",96.0,5
2020-03-01,,Lamoille County,4d4b7105d754a06374d81259,Food,79.0,"",79.0,6
2020-03-01,,Orleans County,4d4b7105d754a06377d81259,Outdoors & Recreation,123.0,"",122.0,1
2020-03-01,,Orleans County,4d4b7105d754a06378d81259,Shops & Services,92.0,"",93.0,2
2020-03-01,,Orleans County,4bf58dd8d48988d1e9941735,Ski Areas,130.0,"",129.0,3
2020-03-01,,Addison County,4d4b7105d754a06378d81259,Shops & Services,97.0,"",97.0,1
2020-03-01,,Rutland County,4d4b7105d754a06377d81259,Outdoors & Recreation,76.0,71.0,77.0,1
2020-03-01,,Rutland County,4d4b7105d754a06378d81259,Shops & Services,97.0,115.0,96.0,2
2020-03-01,,Rutland County,4bf58dd8d48988d1e9941735,Ski Areas,75.0,"",75.0,3
2020-03-01,,Rutland County,4d4b7105d754a06374d81259,Food,93.0,85.0,93.0,4
2020-03-01,,Rutland County,4bf58dd8d48988d1f9941735,Food & Drink Shops,90.0,"",90.0,5
2020-03-01,,Rutland County,4bf58dd8d48988d1eb941735,Ski Lodges,68.0,"",68.0,6
2020-03-01,,Rutland County,4d4b7105d754a06379d81259,Travel & Transport,82.0,"",81.0,7
2020-03-01,,Rutland County,4bf58dd8d48988d1fa931735,Hotels,81.0,"",81.0,8
2020-03-01,,Chittenden County,4d4b7105d754a06378d81259,Shops & Services,96.0,92.0,96.0,1
2020-03-01,,Chittenden County,4d4b7105d754a06374d81259,Food,95.0,91.0,95.0,2
2020-03-01,,Chittenden County,4bf58dd8d48988d1f9941735,Food & Drink Shops,98.0,99.0,98.0,3
2020-03-01,,Chittenden County,4d4b7105d754a06377d81259,Outdoors & Recreation,71.0,70.0,71.0,4
2020-03-01,,Chittenden County,4d4b7105d754a06375d81259,Professional & Other Places,78.0,65.0,78.0,5
2020-03-01,,Chittenden County,4d4b7105d754a06372d81259,Colleges & Universities,94.0,"",96.0,6
2020-03-01,,Chittenden County,4d4b7105d754a06379d81259,Travel & Transport,71.0,"",72.0,7
2020-03-01,,Chittenden County,4bf58dd8d48988d1fd941735,Shopping Malls,98.0,"",98.0,8
2020-03-01,,Chittenden County,52f2ab2ebcbc57f1066b8b46,Supermarkets,100.0,"",101.0,9
2020-03-01,,Chittenden County,4d4b7105d754a06376d81259,Nightlife Spots,73.0,"",73.0,10
2020-03-01,,Chittenden County,4bf58dd8d48988d1fa931735,Hotels,72.0,"",72.0,11
2020-03-01,,Windham County,4d4b7105d754a06377d81259,Outdoors & Recreation,70.0,75.0,69.0,1
2020-03-01,,Windham County,4bf58dd8d48988d1e9941735,Ski Areas,65.0,75.0,65.0,2
2020-03-01,,Windham County,4d4b7105d754a06378d81259,Shops & Services,100.0,101.0,100.0,3
2020-03-01,,Windham County,4d4b7105d754a06374d81259,Food,96.0,"",97.0,4
2020-03-01,,Windham County,4bf58dd8d48988d1eb941735,Ski Lodges,61.0,"",61.0,5
2020-03-01,,Windham County,4d4b7105d754a06379d81259,Travel & Transport,81.0,"",82.0,6
2020-03-01,,Windsor County,4d4b7105d754a06377d81259,Outdoors & Recreation,89.0,79.0,90.0,1
2020-03-01,,Windsor County,4bf58dd8d48988d1e9941735,Ski Areas,88.0,81.0,88.0,2
2020-03-01,,Windsor County,4d4b7105d754a06374d81259,Food,94.0,"",94.0,3
2020-03-01,,Windsor County,4d4b7105d754a06378d81259,Shops & Services,89.0,80.0,89.0,4
2020-03-01,,Windsor County,4bf58dd8d48988d1eb941735,Ski Lodges,87.0,"",88.0,5
2020-03-01,,Windsor County,4d4b7105d754a06379d81259,Travel & Transport,78.0,"",78.0,6
2020-03-01,,Franklin County,4d4b7105d754a06378d81259,Shops & Services,88.0,110.0,87.0,1
2020-03-02,,Rutland County,4d4b7105d754a06378d81259,Shops & Services,99.0,87.0,100.0,1
2020-03-02,,Rutland County,4d4b7105d754a06377d81259,Outdoors & Recreation,80.0,89.0,80.0,2
2020-03-02,,Rutland County,4d4b7105d754a06374d81259,Food,92.0,113.0,91.0,3
2020-03-02,,Rutland County,4bf58dd8d48988d1e9941735,Ski Areas,73.0,101.0,72.0,4
2020-03-02,,Rutland County,4d4b7105d754a06375d81259,Professional & Other Places,95.0,82.0,97.0,5
2020-03-02,,Rutland County,4bf58dd8d48988d1f9941735,Food & Drink Shops,110.0,"",111.0,6
2020-03-02,,Windham County,4d4b7105d754a06377d81259,Outdoors & Recreation,75.0,124.0,73.0,1
2020-03-02,,Windham County,4d4b7105d754a06378d81259,Shops & Services,85.0,101.0,84.0,2
2020-03-02,,Windham County,4bf58dd8d48988d1e9941735,Ski Areas,65.0,110.0,63.0,3
2020-03-02,,Windham County,4d4b7105d754a06374d81259,Food,74.0,105.0,72.0,4
2020-03-02,,Windham County,4d4b7105d754a06375d81259,Professional & Other Places,98.0,"",98.0,5
2020-03-02,,Caledonia County,4d4b7105d754a06378d81259,Shops & Services,102.0,"",102.0,1
2020-03-02,,Orleans County,4d4b7105d754a06378d81259,Shops & Services,116.0,111.0,116.0,1
2020-03-02,,Orleans County,4d4b7105d754a06377d81259,Outdoors & Recreation,142.0,"",146.0,2
2020-03-02,,Lamoille County,4d4b7105d754a06377d81259,Outdoors & Recreation,65.0,"",66.0,1
2020-03-02,,Lamoille County,4d4b7105d754a06378d81259,Shops & Services,100.0,103.0,99.0,2
2020-03-02,,Lamoille County,4bf58dd8d48988d1e9941735,Ski Areas,62.0,"",63.0,3
2020-03-02,,Bennington County,4d4b7105d754a06378d81259,Shops & Services,99.0,81.0,101.0,1
2020-03-02,,Bennington County,4d4b7105d754a06374d81259,Food,114.0,"",116.0,2
2020-03-02,,Bennington County,4d4b7105d754a06375d81259,Professional & Other Places,108.0,"",109.0,3
2020-03-02,,Franklin County,4d4b7105d754a06378d81259,Shops & Services,96.0,99.0,96.0,1
2020-03-02,,Franklin County,4d4b7105d754a06375d81259,Professional & Other Places,86.0,"",84.0,2
2020-03-02,,Franklin County,4d4b7105d754a06374d81259,Food,123.0,"",126.0,3
2020-03-02,,Washington County,4d4b7105d754a06378d81259,Shops & Services,99.0,108.0,98.0,1
2020-03-02,,Washington County,4d4b7105d754a06375d81259,Professional & Other Places,89.0,86.0,89.0,2
2020-03-02,,Washington County,4d4b7105d754a06377d81259,Outdoors & Recreation,84.0,"",85.0,3
2020-03-02,,Washington County,4d4b7105d754a06374d81259,Food,90.0,"",90.0,4
2020-03-02,,Washington County,4bf58dd8d48988d1e9941735,Ski Areas,85.0,"",88.0,5
2020-03-02,,Washington County,4bf58dd8d48988d1f9941735,Food & Drink Shops,96.0,"",95.0,6
2020-03-02,,Orange County,4d4b7105d754a06378d81259,Shops & Services,103.0,"",104.0,1
2020-03-02,,Chittenden County,4d4b7105d754a06378d81259,Shops & Services,99.0,94.0,100.0,1
2020-03-02,,Chittenden County,4d4b7105d754a06375d81259,Professional & Other Places,90.0,95.0,89.0,2
2020-03-02,,Chittenden County,4d4b7105d754a06374d81259,Food,95.0,100.0,95.0,3
2020-03-02,,Chittenden County,4d4b7105d754a06372d81259,Colleges & Universities,91.0,"",91.0,4
2020-03-02,,Chittenden County,4d4b7105d754a06377d81259,Outdoors & Recreation,94.0,107.0,93.0,5
2020-03-02,,Chittenden County,4bf58dd8d48988d1f9941735,Food & Drink Shops,102.0,106.0,102.0,6
2020-03-02,,Chittenden County,4bf58dd8d48988d104941735,Medical Centers,99.0,108.0,99.0,7
2020-03-02,,Chittenden County,4d4b7105d754a06379d81259,Travel & Transport,84.0,"",86.0,8
2020-03-02,,Chittenden County,4bf58dd8d48988d1fd941735,Shopping Malls,98.0,"",98.0,9
2020-03-02,,Chittenden County,4bf58dd8d48988d113951735,Gas Stations,103.0,"",102.0,10
2020-03-02,,Chittenden County,4f4528bc4b90abdf24c9de85,Athletics & Sports,106.0,"",106.0,11
2020-03-02,,Chittenden County,52f2ab2ebcbc57f1066b8b46,Supermarkets,98.0,"",97.0,12
2020-03-02,,Chittenden County,4bf58dd8d48988d1ae941735,Universities,98.0,"",98.0,13
2020-03-02,,Chittenden County,4d4b7105d754a06376d81259,Nightlife Spots,97.0,"",97.0,14
2020-03-02,,Windsor County,4d4b7105d754a06378d81259,Shops & Services,91.0,99.0,91.0,1
2020-03-02,,Windsor County,4d4b7105d754a06377d81259,Outdoors & Recreation,84.0,98.0,84.0,2
2020-03-02,,Windsor County,4d4b7105d754a06374d81259,Food,96.0,111.0,95.0,3
2020-03-02,,Windsor County,4bf58dd8d48988d1e9941735,Ski Areas,85.0,"",84.0,4
2020-03-02,,Windsor County,4d4b7105d754a06375d81259,Professional & Other Places,120.0,"",121.0,5
2020-03-02,,Windsor County,4d4b7105d754a06379d81259,Travel & Transport,83.0,"",84.0,6
2020-03-02,,Addison County,4d4b7105d754a06378d81259,Shops & Services,103.0,"",106.0,1
2020-03-03,,Washington County,4d4b7105d754a06378d81259,Shops & Services,103.0,107.0,103.0,1
2020-03-03,,Washington County,4d4b7105d754a06375d81259,Professional & Other Places,94.0,104.0,93.0,2
2020-03-03,,Washington County,4d4b7105d754a06377d81259,Outdoors & Recreation,99.0,100.0,98.0,3
2020-03-03,,Washington County,4d4b7105d754a06374d81259,Food,107.0,139.0,105.0,4
2020-03-03,,Chittenden County,4d4b7105d754a06378d81259,Shops & Services,113.0,107.0,113.0,1
2020-03-03,,Chittenden County,4d4b7105d754a06375d81259,Professional & Other Places,134.0,130.0,134.0,2
2020-03-03,,Chittenden County,4d4b7105d754a06374d81259,Food,113.0,101.0,114.0,3
2020-03-03,,Chittenden County,4d4b7105d754a06377d81259,Outdoors & Recreation,135.0,140.0,134.0,4
2020-03-03,,Chittenden County,4d4b7105d754a06372d81259,Colleges & Universities,90.0,"",90.0,5
2020-03-03,,Chittenden County,4bf58dd8d48988d1f9941735,Food & Drink Shops,115.0,122.0,115.0,6
2020-03-03,,Chittenden County,4bf58dd8d48988d104941735,Medical Centers,113.0,109.0,113.0,7
2020-03-03,,Chittenden County,4bf58dd8d48988d13b941735,Schools,185.0,"",184.0,8
2020-03-03,,Chittenden County,4d4b7105d754a06379d81259,Travel & Transport,73.0,"",74.0,9
2020-03-03,,Chittenden County,4f4528bc4b90abdf24c9de85,Athletics & Sports,137.0,"",139.0,10
2020-03-03,,Chittenden County,4bf58dd8d48988d113951735,Gas Stations,108.0,"",109.0,11
2020-03-03,,Chittenden County,4bf58dd8d48988d1fd941735,Shopping Malls,114.0,"",116.0,12
2020-03-03,,Chittenden County,52f2ab2ebcbc57f1066b8b46,Supermarkets,109.0,"",110.0,13
2020-03-03,,Chittenden County,4d4b7105d754a06376d81259,Nightlife Spots,98.0,"",100.0,14
2020-03-03,,Chittenden County,4bf58dd8d48988d1ae941735,Universities,93.0,"",93.0,15
2020-03-03,,Chittenden County,4bf58dd8d48988d175941735,Gyms or Fitness Centers,138.0,"",141.0,16
2020-03-03,,Lamoille County,4d4b7105d754a06377d81259,Outdoors & Recreation,100.0,100.0,100.0,1
2020-03-03,,Lamoille County,4d4b7105d754a06378d81259,Shops & Services,84.0,"",85.0,2
2020-03-03,,Lamoille County,4bf58dd8d48988d1e9941735,Ski Areas,101.0,"",100.0,3
2020-03-03,,Lamoille County,4d4b7105d754a06379d81259,Travel & Transport,122.0,"",121.0,4
2020-03-03,,Lamoille County,4bf58dd8d48988d1fa931735,Hotels,124.0,"",123.0,5
2020-03-03,,Rutland County,4d4b7105d754a06378d81259,Shops & Services,106.0,117.0,105.0,1
2020-03-03,,Rutland County,4d4b7105d754a06375d81259,Professional & Other Places,114.0,109.0,115.0,2
2020-03-03,,Rutland County,4d4b7105d754a06374d81259,Food,113.0,125.0,112.0,3
2020-03-03,,Rutland County,4d4b7105d754a06377d81259,Outdoors & Recreation,78.0,85.0,78.0,4
2020-03-03,,Rutland County,4bf58dd8d48988d1e9941735,Ski Areas,65.0,"",65.0,5
2020-03-03,,Rutland County,4bf58dd8d48988d1f9941735,Food & Drink Shops,113.0,111.0,113.0,6
2020-03-03,,Caledonia County,4d4b7105d754a06378d81259,Shops & Services,128.0,113.0,129.0,1
2020-03-03,,Caledonia County,4d4b7105d754a06374d81259,Food,131.0,"",133.0,2
2020-03-03,,Windsor County,4d4b7105d754a06378d81259,Shops & Services,101.0,100.0,101.0,1
2020-03-03,,Windsor County,4d4b7105d754a06377d81259,Outdoors & Recreation,97.0,123.0,95.0,2
2020-03-03,,Windsor County,4d4b7105d754a06374d81259,Food,92.0,84.0,93.0,3
2020-03-03,,Windsor County,4d4b7105d754a06375d81259,Professional & Other Places,118.0,143.0,117.0,4
2020-03-03,,Windsor County,4bf58dd8d48988d1e9941735,Ski Areas,95.0,132.0,93.0,5
2020-03-03,,Orange County,4d4b7105d754a06378d81259,Shops & Services,110.0,"",111.0,1
2020-03-03,,Franklin County,4d4b7105d754a06378d81259,Shops & Services,104.0,98.0,104.0,1
2020-03-03,,Franklin County,4d4b7105d754a06375d81259,Professional & Other Places,86.0,"",85.0,2
2020-03-03,,Orleans County,4d4b7105d754a06378d81259,Shops & Services,115.0,112.0,115.0,1
2020-03-03,,Addison County,4d4b7105d754a06378d81259,Shops & Services,111.0,93.0,112.0,1
2020-03-03,,Bennington County,4d4b7105d754a06378d81259,Shops & Services,104.0,108.0,104.0,1
2020-03-03,,Bennington County,4d4b7105d754a06374d81259,Food,123.0,110.0,124.0,2
2020-03-03,,Bennington County,4d4b7105d754a06375d81259,Professional & Other Places,108.0,147.0,105.0,3
2020-03-03,,Windham County,4d4b7105d754a06378d81259,Shops & Services,93.0,96.0,92.0,1
2020-03-03,,Windham County,4d4b7105d754a06377d81259,Outdoors & Recreation,70.0,127.0,67.0,2
2020-03-03,,Windham County,4d4b7105d754a06374d81259,Food,101.0,104.0,100.0,3
2020-03-03,,Windham County,4d4b7105d754a06375d81259,Professional & Other Places,111.0,129.0,110.0,4
2020-03-03,,Windham County,4bf58dd8d48988d1e9941735,Ski Areas,58.0,"",56.0,5
2020-03-04,,Windham County,4d4b7105d754a06378d81259,Shops & Services,85.0,76.0,86.0,1
2020-03-04,,Windham County,4d4b7105d754a06374d81259,Food,90.0,97.0,90.0,2
2020-03-04,,Windham County,4d4b7105d754a06377d81259,Outdoors & Recreation,57.0,96.0,55.0,3
2020-03-04,,Windham County,4d4b7105d754a06375d81259,Professional & Other Places,99.0,"",99.0,4
2020-03-04,,Bennington County,4d4b7105d754a06378d81259,Shops & Services,106.0,107.0,106.0,1
2020-03-04,,Bennington County,4d4b7105d754a06374d81259,Food,88.0,"",89.0,2
2020-03-04,,Bennington County,4bf58dd8d48988d1f9941735,Food & Drink Shops,127.0,"",128.0,3
2020-03-04,,Bennington County,4d4b7105d754a06375d81259,Professional & Other Places,96.0,"",96.0,4
2020-03-04,,Franklin County,4d4b7105d754a06378d81259,Shops & Services,109.0,110.0,109.0,1
2020-03-04,,Franklin County,4d4b7105d754a06375d81259,Professional & Other Places,99.0,"",101.0,2
2020-03-04,,Caledonia County,4d4b7105d754a06378d81259,Shops & Services,99.0,"",101.0,1
2020-03-04,,Addison County,4d4b7105d754a06378d81259,Shops & Services,99.0,"",100.0,1
2020-03-04,,Lamoille County,4d4b7105d754a06378d81259,Shops & Services,94.0,79.0,95.0,1
2020-03-04,,Lamoille County,4d4b7105d754a06377d81259,Outdoors & Recreation,72.0,"",75.0,2
2020-03-04,,Lamoille County,4bf58dd8d48988d1e9941735,Ski Areas,72.0,"",75.0,3
2020-03-04,,Washington County,4d4b7105d754a06378d81259,Shops & Services,83.0,67.0,84.0,1
2020-03-04,,Washington County,4d4b7105d754a06375d81259,Professional & Other Places,80.0,79.0,80.0,2
2020-03-04,,Washington County,4d4b7105d754a06374d81259,Food,82.0,"",82.0,3
2020-03-04,,Washington County,4d4b7105d754a06377d81259,Outdoors & Recreation,84.0,"",85.0,4
2020-03-04,,Rutland County,4d4b7105d754a06378d81259,Shops & Services,94.0,94.0,93.0,1
2020-03-04,,Rutland County,4d4b7105d754a06375d81259,Professional & Other Places,102.0,107.0,102.0,2
2020-03-04,,Rutland County,4d4b7105d754a06374d81259,Food,95.0,97.0,95.0,2
2020-03-04,,Rutland County,4d4b7105d754a06377d81259,Outdoors & Recreation,63.0,78.0,62.0,3
2020-03-04,,Rutland County,4bf58dd8d48988d1f9941735,Food & Drink Shops,92.0,101.0,91.0,4
2020-03-04,,Rutland County,4bf58dd8d48988d1e9941735,Ski Areas,50.0,"",50.0,5
2020-03-04,,Orleans County,4d4b7105d754a06378d81259,Shops & Services,94.0,71.0,96.0,1
2020-03-04,,Chittenden County,4d4b7105d754a06378d81259,Shops & Services,103.0,100.0,104.0,1
2020-03-04,,Chittenden County,4d4b7105d754a06375d81259,Professional & Other Places,98.0,88.0,98.0,2
2020-03-04,,Chittenden County,4d4b7105d754a06374d81259,Food,94.0,74.0,96.0,3
2020-03-04,,Chittenden County,4d4b7105d754a06372d81259,Colleges & Universities,92.0,88.0,92.0,4
2020-03-04,,Chittenden County,4d4b7105d754a06377d81259,Outdoors & Recreation,102.0,112.0,101.0,5
2020-03-04,,Chittenden County,4bf58dd8d48988d1f9941735,Food & Drink Shops,100.0,104.0,99.0,6
2020-03-04,,Chittenden County,4d4b7105d754a06379d81259,Travel & Transport,98.0,"",99.0,7
2020-03-04,,Chittenden County,4bf58dd8d48988d104941735,Medical Centers,95.0,78.0,97.0,8
2020-03-04,,Chittenden County,4bf58dd8d48988d1fd941735,Shopping Malls,115.0,"",116.0,9
2020-03-04,,Chittenden County,4bf58dd8d48988d113951735,Gas Stations,102.0,"",102.0,10
2020-03-04,,Chittenden County,4d4b7105d754a06376d81259,Nightlife Spots,115.0,"",115.0,11
2020-03-04,,Chittenden County,52f2ab2ebcbc57f1066b8b46,Supermarkets,110.0,"",109.0,12
2020-03-04,,Chittenden County,4f4528bc4b90abdf24c9de85,Athletics & Sports,102.0,"",104.0,13
2020-03-04,,Chittenden County,4bf58dd8d48988d1ae941735,Universities,89.0,"",89.0,14
2020-03-04,,Chittenden County,4bf58dd8d48988d175941735,Gyms or Fitness Centers,108.0,"",111.0,15
2020-03-04,,Windsor County,4d4b7105d754a06378d81259,Shops & Services,81.0,80.0,81.0,1
2020-03-04,,Windsor County,4d4b7105d754a06377d81259,Outdoors & Recreation,68.0,85.0,66.0,2
2020-03-04,,Windsor County,4d4b7105d754a06374d81259,Food,77.0,89.0,76.0,3
2020-03-04,,Windsor County,4d4b7105d754a06375d81259,Professional & Other Places,90.0,"",92.0,4
2020-03-05,,Washington County,4d4b7105d754a06378d81259,Shops & Services,110.0,111.0,110.0,1
2020-03-05,,Washington County,4d4b7105d754a06375d81259,Professional & Other Places,99.0,94.0,99.0,2
2020-03-05,,Washington County,4d4b7105d754a06377d81259,Outdoors & Recreation,94.0,"",93.0,3
2020-03-05,,Washington County,4d4b7105d754a06374d81259,Food,89.0,"",89.0,4
2020-03-05,,Washington County,4bf58dd8d48988d1f9941735,Food & Drink Shops,94.0,"",93.0,5
2020-03-05,,Windham County,4d4b7105d754a06378d81259,Shops & Services,116.0,133.0,115.0,1
2020-03-05,,Windham County,4d4b7105d754a06374d81259,Food,119.0,114.0,119.0,2
2020-03-05,,Windham County,4d4b7105d754a06377d81259,Outdoors & Recreation,80.0,86.0,80.0,3
2020-03-05,,Windham County,4d4b7105d754a06375d81259,Professional & Other Places,102.0,"",102.0,4
2020-03-05,,Windham County,4bf58dd8d48988d1e9941735,Ski Areas,66.0,"",66.0,5
2020-03-05,,Windham County,4bf58dd8d48988d1f9941735,Food & Drink Shops,131.0,"",128.0,6
2020-03-05,,Addison County,4d4b7105d754a06378d81259,Shops & Services,126.0,118.0,127.0,1
2020-03-05,,Orleans County,4d4b7105d754a06378d81259,Shops & Services,96.0,81.0,97.0,1
2020-03-05,,Windsor County,4d4b7105d754a06378d81259,Shops & Services,105.0,117.0,104.0,1
2020-03-05,,Windsor County,4d4b7105d754a06377d81259,Outdoors & Recreation,118.0,155.0,115.0,2
2020-03-05,,Windsor County,4d4b7105d754a06374d81259,Food,112.0,111.0,112.0,3
2020-03-05,,Windsor County,4bf58dd8d48988d1e9941735,Ski Areas,136.0,220.0,130.0,4
2020-03-05,,Windsor County,4d4b7105d754a06375d81259,Professional & Other Places,110.0,97.0,111.0,5
2020-03-05,,Windsor County,4d4b7105d754a06379d81259,Travel & Transport,94.0,"",94.0,6
2020-03-05,,Windsor County,4bf58dd8d48988d1f9941735,Food & Drink Shops,116.0,149.0,114.0,7
2020-03-05,,Caledonia County,4d4b7105d754a06378d81259,Shops & Services,105.0,119.0,104.0,1
2020-03-05,,Lamoille County,4d4b7105d754a06377d81259,Outdoors & Recreation,98.0,"",99.0,1
2020-03-05,,Lamoille County,4d4b7105d754a06378d81259,Shops & Services,104.0,102.0,104.0,2
2020-03-05,,Lamoille County,4bf58dd8d48988d1e9941735,Ski Areas,94.0,"",95.0,3
2020-03-05,,Chittenden County,4d4b7105d754a06378d81259,Shops & Services,108.0,102.0,108.0,1
2020-03-05,,Chittenden County,4d4b7105d754a06375d81259,Professional & Other Places,102.0,97.0,103.0,2
2020-03-05,,Chittenden County,4d4b7105d754a06374d81259,Food,111.0,100.0,112.0,3
2020-03-05,,Chittenden County,4d4b7105d754a06372d81259,Colleges & Universities,98.0,"",98.0,4
2020-03-05,,Chittenden County,4d4b7105d754a06377d81259,Outdoors & Recreation,104.0,129.0,103.0,5
2020-03-05,,Chittenden County,4bf58dd8d48988d1f9941735,Food & Drink Shops,103.0,85.0,104.0,6
2020-03-05,,Chittenden County,4d4b7105d754a06379d81259,Travel & Transport,102.0,"",102.0,7
2020-03-05,,Chittenden County,4bf58dd8d48988d104941735,Medical Centers,108.0,104.0,108.0,8
2020-03-05,,Chittenden County,4bf58dd8d48988d1fd941735,Shopping Malls,113.0,"",113.0,9
2020-03-05,,Chittenden County,4bf58dd8d48988d113951735,Gas Stations,96.0,"",96.0,10
2020-03-05,,Chittenden County,4bf58dd8d48988d1ae941735,Universities,98.0,"",98.0,11
2020-03-05,,Chittenden County,4d4b7105d754a06376d81259,Nightlife Spots,94.0,"",94.0,12
2020-03-05,,Chittenden County,4bf58dd8d48988d1fa931735,Hotels,121.0,"",120.0,13
2020-03-05,,Chittenden County,52f2ab2ebcbc57f1066b8b46,Supermarkets,92.0,"",92.0,14
2020-03-05,,Chittenden County,4f4528bc4b90abdf24c9de85,Athletics & Sports,100.0,"",100.0,15
2020-03-05,,Orange County,4d4b7105d754a06378d81259,Shops & Services,119.0,"",119.0,1
2020-03-05,,Bennington County,4d4b7105d754a06378d81259,Shops & Services,115.0,106.0,116.0,1
2020-03-05,,Bennington County,4d4b7105d754a06374d81259,Food,111.0,133.0,110.0,2
2020-03-05,,Bennington County,4d4b7105d754a06375d81259,Professional & Other Places,115.0,"",117.0,3
2020-03-05,,Rutland County,4d4b7105d754a06378d81259,Shops & Services,92.0,101.0,91.0,1
2020-03-05,,Rutland County,4d4b7105d754a06377d81259,Outdoors & Recreation,89.0,99.0,88.0,2
2020-03-05,,Rutland County,4d4b7105d754a06374d81259,Food,97.0,98.0,97.0,3
2020-03-05,,Rutland County,4d4b7105d754a06375d81259,Professional & Other Places,83.0,85.0,83.0,4
2020-03-05,,Rutland County,4bf58dd8d48988d1e9941735,Ski Areas,81.0,"",80.0,5
2020-03-05,,Rutland County,4bf58dd8d48988d1f9941735,Food & Drink Shops,82.0,101.0,80.0,6
2020-03-05,,Franklin County,4d4b7105d754a06378d81259,Shops & Services,109.0,104.0,110.0,1
2020-03-05,,Franklin County,4d4b7105d754a06375d81259,Professional & Other Places,95.0,"",95.0,2
2020-03-06,,Orange County,4d4b7105d754a06378d81259,Shops & Services,99.0,"",97.0,1
2020-03-06,,Chittenden County,4d4b7105d754a06378d81259,Shops & Services,113.0,113.0,113.0,1
2020-03-06,,Chittenden County,4d4b7105d754a06374d81259,Food,111.0,111.0,111.0,2
2020-03-06,,Chittenden County,4d4b7105d754a06375d81259,Professional & Other Places,113.0,103.0,113.0,3
2020-03-06,,Chittenden County,4d4b7105d754a06377d81259,Outdoors & Recreation,104.0,135.0,103.0,4
2020-03-06,,Chittenden County,4bf58dd8d48988d1f9941735,Food & Drink Shops,111.0,87.0,113.0,5
2020-03-06,,Chittenden County,4d4b7105d754a06372d81259,Colleges & Universities,80.0,"",80.0,6
2020-03-06,,Chittenden County,4d4b7105d754a06379d81259,Travel & Transport,100.0,105.0,100.0,7
2020-03-06,,Chittenden County,4bf58dd8d48988d104941735,Medical Centers,121.0,129.0,120.0,8
2020-03-06,,Chittenden County,4d4b7105d754a06376d81259,Nightlife Spots,120.0,"",120.0,9
2020-03-06,,Chittenden County,4bf58dd8d48988d1fd941735,Shopping Malls,115.0,"",115.0,10
2020-03-06,,Chittenden County,52f2ab2ebcbc57f1066b8b46,Supermarkets,114.0,116.0,113.0,11
2020-03-06,,Chittenden County,4bf58dd8d48988d1fa931735,Hotels,105.0,"",104.0,12
2020-03-06,,Chittenden County,4bf58dd8d48988d113951735,Gas Stations,89.0,"",89.0,13
2020-03-06,,Chittenden County,4f4528bc4b90abdf24c9de85,Athletics & Sports,104.0,"",103.0,14
2020-03-06,,Chittenden County,4bf58dd8d48988d116941735,Bars,123.0,"",124.0,15
2020-03-06,,Addison County,4d4b7105d754a06378d81259,Shops & Services,118.0,"",120.0,1
2020-03-06,,Orleans County,4d4b7105d754a06378d81259,Shops & Services,112.0,109.0,112.0,1
2020-03-06,,Orleans County,4d4b7105d754a06374d81259,Food,118.0,"",118.0,2
2020-03-06,,Windsor County,4d4b7105d754a06378d81259,Shops & Services,97.0,90.0,98.0,1
2020-03-06,,Windsor County,4d4b7105d754a06377d81259,Outdoors & Recreation,89.0,87.0,89.0,2
2020-03-06,,Windsor County,4d4b7105d754a06374d81259,Food,106.0,124.0,104.0,3
2020-03-06,,Windsor County,4bf58dd8d48988d1e9941735,Ski Areas,80.0,"",80.0,4
2020-03-06,,Windsor County,4d4b7105d754a06375d81259,Professional & Other Places,110.0,"",112.0,5
2020-03-06,,Windsor County,4d4b7105d754a06379d81259,Travel & Transport,89.0,"",89.0,6
2020-03-06,,Windsor County,4bf58dd8d48988d1f9941735,Food & Drink Shops,105.0,"",107.0,7
2020-03-06,,Windsor County,4bf58dd8d48988d1fa931735,Hotels,90.0,"",90.0,8
2020-03-06,,Rutland County,4d4b7105d754a06378d81259,Shops & Services,101.0,106.0,101.0,1
2020-03-06,,Rutland County,4d4b7105d754a06377d81259,Outdoors & Recreation,133.0,95.0,134.0,2
2020-03-06,,Rutland County,4bf58dd8d48988d1e9941735,Ski Areas,133.0,"",135.0,3
2020-03-06,,Rutland County,4d4b7105d754a06374d81259,Food,100.0,95.0,100.0,4
2020-03-06,,Rutland County,4d4b7105d754a06375d81259,Professional & Other Places,100.0,94.0,100.0,5
2020-03-06,,Rutland County,4bf58dd8d48988d1f9941735,Food & Drink Shops,99.0,100.0,99.0,6
2020-03-06,,Rutland County,4bf58dd8d48988d1eb941735,Ski Lodges,138.0,"",139.0,7
2020-03-06,,Rutland County,4d4b7105d754a06379d81259,Travel & Transport,123.0,"",124.0,8
2020-03-06,,Rutland County,4bf58dd8d48988d1fa931735,Hotels,129.0,"",129.0,9
2020-03-06,,Windham County,4d4b7105d754a06377d81259,Outdoors & Recreation,78.0,75.0,78.0,1
2020-03-06,,Windham County,4d4b7105d754a06378d81259,Shops & Services,98.0,96.0,98.0,2
2020-03-06,,Windham County,4d4b7105d754a06374d81259,Food,100.0,94.0,101.0,3
2020-03-06,,Windham County,4bf58dd8d48988d1e9941735,Ski Areas,71.0,68.0,71.0,4
2020-03-06,,Windham County,4d4b7105d754a06375d81259,Professional & Other Places,95.0,"",95.0,5
2020-03-06,,Windham County,4bf58dd8d48988d1f9941735,Food & Drink Shops,104.0,"",104.0,6
2020-03-06,,Franklin County,4d4b7105d754a06378d81259,Shops & Services,111.0,104.0,112.0,1
2020-03-06,,Franklin County,4d4b7105d754a06375d81259,Professional & Other Places,92.0,"",94.0,2
2020-03-06,,Bennington County,4d4b7105d754a06378d81259,Shops & Services,104.0,100.0,104.0,1
2020-03-06,,Bennington County,4d4b7105d754a06374d81259,Food,102.0,"",103.0,2
2020-03-06,,Bennington County,4d4b7105d754a06377d81259,Outdoors & Recreation,102.0,"",102.0,3
2020-03-06,,Bennington County,4d4b7105d754a06375d81259,Professional & Other Places,107.0,"",108.0,4
2020-03-06,,Bennington County,4bf58dd8d48988d1f9941735,Food & Drink Shops,108.0,115.0,107.0,5
2020-03-06,,Washington County,4d4b7105d754a06378d81259,Shops & Services,108.0,121.0,107.0,1
2020-03-06,,Washington County,4d4b7105d754a06375d81259,Professional & Other Places,107.0,134.0,106.0,2
2020-03-06,,Washington County,4d4b7105d754a06377d81259,Outdoors & Recreation,84.0,105.0,83.0,3
2020-03-06,,Washington County,4d4b7105d754a06374d81259,Food,101.0,95.0,101.0,4
2020-03-06,,Washington County,4bf58dd8d48988d1f9941735,Food & Drink Shops,105.0,146.0,102.0,5
2020-03-06,,Washington County,4bf58dd8d48988d1e9941735,Ski Areas,77.0,"",76.0,6
2020-03-06,,Lamoille County,4d4b7105d754a06377d81259,Outdoors & Recreation,96.0,"",97.0,1
2020-03-06,,Lamoille County,4bf58dd8d48988d1e9941735,Ski Areas,97.0,"",98.0,2
2020-03-06,,Lamoille County,4d4b7105d754a06378d81259,Shops & Services,114.0,117.0,114.0,3
2020-03-06,,Lamoille County,4d4b7105d754a06379d81259,Travel & Transport,88.0,"",89.0,4
2020-03-06,,Lamoille County,4d4b7105d754a06374d81259,Food,82.0,"",83.0,5
2020-03-06,,Lamoille County,4bf58dd8d48988d1fa931735,Hotels,88.0,"",89.0,6
2020-03-06,,Caledonia County,4d4b7105d754a06378d81259,Shops & Services,101.0,113.0,100.0,1
2020-03-06,,Caledonia County,4d4b7105d754a06374d81259,Food,97.0,"",96.0,2
2020-03-07,,Orleans County,4d4b7105d754a06378d81259,Shops & Services,102.0,90.0,103.0,1
2020-03-07,,Orleans County,4d4b7105d754a06377d81259,Outdoors & Recreation,88.0,"",88.0,2
2020-03-07,,Orleans County,4d4b7105d754a06374d81259,Food,111.0,"",111.0,3
2020-03-07,,Orleans County,4bf58dd8d48988d1e9941735,Ski Areas,89.0,"",89.0,4
2020-03-07,,Chittenden County,4d4b7105d754a06378d81259,Shops & Services,102.0,86.0,103.0,1
2020-03-07,,Chittenden County,4d4b7105d754a06374d81259,Food,90.0,96.0,90.0,2
2020-03-07,,Chittenden County,4d4b7105d754a06377d81259,Outdoors & Recreation,99.0,101.0,98.0,3
2020-03-07,,Chittenden County,4d4b7105d754a06375d81259,Professional & Other Places,105.0,84.0,106.0,4
2020-03-07,,Chittenden County,4bf58dd8d48988d1f9941735,Food & Drink Shops,96.0,81.0,97.0,5
2020-03-07,,Chittenden County,4d4b7105d754a06379d81259,Travel & Transport,89.0,107.0,88.0,6
2020-03-07,,Chittenden County,4bf58dd8d48988d1fd941735,Shopping Malls,96.0,"",97.0,7
2020-03-07,,Chittenden County,4d4b7105d754a06376d81259,Nightlife Spots,104.0,"",105.0,8
2020-03-07,,Chittenden County,4bf58dd8d48988d1fa931735,Hotels,96.0,"",94.0,9
2020-03-07,,Chittenden County,4d4b7105d754a06372d81259,Colleges & Universities,63.0,"",63.0,9
2020-03-07,,Chittenden County,52f2ab2ebcbc57f1066b8b46,Supermarkets,98.0,"",98.0,10
2020-03-07,,Chittenden County,4bf58dd8d48988d113951735,Gas Stations,106.0,"",106.0,11
2020-03-07,,Chittenden County,4bf58dd8d48988d116941735,Bars,102.0,"",103.0,12
2020-03-07,,Chittenden County,4f4528bc4b90abdf24c9de85,Athletics & Sports,96.0,"",96.0,13
2020-03-07,,Rutland County,4d4b7105d754a06377d81259,Outdoors & Recreation,102.0,92.0,103.0,1
2020-03-07,,Rutland County,4bf58dd8d48988d1e9941735,Ski Areas,108.0,110.0,107.0,2
2020-03-07,,Rutland County,4d4b7105d754a06378d81259,Shops & Services,90.0,95.0,89.0,3
2020-03-07,,Rutland County,4d4b7105d754a06374d81259,Food,101.0,77.0,103.0,4
2020-03-07,,Rutland County,4bf58dd8d48988d1eb941735,Ski Lodges,100.0,"",101.0,5
2020-03-07,,Rutland County,4d4b7105d754a06379d81259,Travel & Transport,96.0,"",96.0,6
2020-03-07,,Rutland County,4eb1c0ed3b7b52c0e1adc2ea,Ski Chairlifts,124.0,"",123.0,7
2020-03-07,,Rutland County,4bf58dd8d48988d1fa931735,Hotels,97.0,"",96.0,8
2020-03-07,,Rutland County,4bf58dd8d48988d1f9941735,Food & Drink Shops,84.0,115.0,82.0,9
2020-03-07,,Rutland County,4d4b7105d754a06375d81259,Professional & Other Places,84.0,"",85.0,10
2020-03-07,,Rutland County,4d4b7105d754a06376d81259,Nightlife Spots,102.0,"",103.0,11
2020-03-07,,Windsor County,4d4b7105d754a06377d81259,Outdoors & Recreation,73.0,79.0,72.0,1
2020-03-07,,Windsor County,4bf58dd8d48988d1e9941735,Ski Areas,70.0,73.0,70.0,2
2020-03-07,,Windsor County,4d4b7105d754a06378d81259,Shops & Services,84.0,100.0,83.0,3
2020-03-07,,Windsor County,4d4b7105d754a06374d81259,Food,91.0,86.0,91.0,4
2020-03-07,,Windsor County,4d4b7105d754a06379d81259,Travel & Transport,87.0,"",86.0,5
2020-03-07,,Windsor County,4bf58dd8d48988d1eb941735,Ski Lodges,72.0,"",72.0,6
2020-03-07,,Windsor County,4bf58dd8d48988d1fa931735,Hotels,87.0,"",87.0,7
2020-03-07,,Windsor County,4bf58dd8d48988d1f9941735,Food & Drink Shops,89.0,"",88.0,8
2020-03-07,,Windham County,4d4b7105d754a06377d81259,Outdoors & Recreation,90.0,60.0,91.0,1
2020-03-07,,Windham County,4bf58dd8d48988d1e9941735,Ski Areas,88.0,51.0,89.0,2
2020-03-07,,Windham County,4d4b7105d754a06378d81259,Shops & Services,93.0,95.0,93.0,3
2020-03-07,,Windham County,4d4b7105d754a06374d81259,Food,86.0,77.0,87.0,4
2020-03-07,,Windham County,4bf58dd8d48988d1eb941735,Ski Lodges,86.0,"",86.0,5
2020-03-07,,Windham County,4eb1c0ed3b7b52c0e1adc2ea,Ski Chairlifts,81.0,"",82.0,6
2020-03-07,,Windham County,4d4b7105d754a06379d81259,Travel & Transport,92.0,"",91.0,7
2020-03-07,,Windham County,4d4b7105d754a06376d81259,Nightlife Spots,96.0,"",97.0,8
2020-03-07,,Windham County,4bf58dd8d48988d1f9941735,Food & Drink Shops,96.0,"",96.0,9
2020-03-07,,Windham County,4bf58dd8d48988d1fa931735,Hotels,89.0,"",88.0,10
2020-03-07,,Bennington County,4d4b7105d754a06378d81259,Shops & Services,116.0,114.0,116.0,1
2020-03-07,,Bennington County,4d4b7105d754a06374d81259,Food,100.0,"",100.0,2
2020-03-07,,Bennington County,4d4b7105d754a06377d81259,Outdoors & Recreation,90.0,"",91.0,3
2020-03-07,,Bennington County,4bf58dd8d48988d1f9941735,Food & Drink Shops,125.0,"",124.0,4
2020-03-07,,Franklin County,4d4b7105d754a06378d81259,Shops & Services,115.0,86.0,117.0,1
2020-03-07,,Franklin County,4d4b7105d754a06374d81259,Food,100.0,"",99.0,2
2020-03-07,,Addison County,4d4b7105d754a06378d81259,Shops & Services,86.0,"",88.0,1
2020-03-07,,Washington County,4d4b7105d754a06378d81259,Shops & Services,104.0,107.0,104.0,1
2020-03-07,,Washington County,4d4b7105d754a06377d81259,Outdoors & Recreation,89.0,80.0,89.0,2
2020-03-07,,Washington County,4bf58dd8d48988d1e9941735,Ski Areas,83.0,"",83.0,3
2020-03-07,,Washington County,4d4b7105d754a06374d81259,Food,96.0,"",97.0,4
2020-03-07,,Washington County,4d4b7105d754a06375d81259,Professional & Other Places,103.0,"",103.0,5
2020-03-07,,Washington County,4bf58dd8d48988d1f9941735,Food & Drink Shops,101.0,"",102.0,6
2020-03-07,,Washington County,4bf58dd8d48988d1eb941735,Ski Lodges,86.0,"",86.0,7
2020-03-07,,Lamoille County,4d4b7105d754a06377d81259,Outdoors & Recreation,86.0,83.0,86.0,1
2020-03-07,,Lamoille County,4bf58dd8d48988d1e9941735,Ski Areas,88.0,79.0,88.0,2
2020-03-07,,Lamoille County,4d4b7105d754a06378d81259,Shops & Services,101.0,"",102.0,3
2020-03-07,,Lamoille County,4d4b7105d754a06379d81259,Travel & Transport,104.0,"",106.0,4
2020-03-07,,Lamoille County,4bf58dd8d48988d1fa931735,Hotels,103.0,"",105.0,5
2020-03-07,,Lamoille County,4d4b7105d754a06374d81259,Food,93.0,"",95.0,6
2020-03-07,,Caledonia County,4d4b7105d754a06378d81259,Shops & Services,91.0,"",91.0,1
2020-03-07,,Caledonia County,4d4b7105d754a06374d81259,Food,94.0,"",93.0,2
2020-03-08,,Franklin County,4d4b7105d754a06378d81259,Shops & Services,101.0,90.0,101.0,1
2020-03-08,,Caledonia County,4d4b7105d754a06378d81259,Shops & Services,113.0,"",114.0,1
2020-03-08,,Orleans County,4d4b7105d754a06378d81259,Shops & Services,102.0,"",102.0,1
2020-03-08,,Orleans County,4d4b7105d754a06377d81259,Outdoors & Recreation,73.0,"",74.0,2
2020-03-08,,Rutland County,4d4b7105d754a06377d81259,Outdoors & Recreation,83.0,96.0,82.0,1
2020-03-08,,Rutland County,4d4b7105d754a06378d81259,Shops & Services,90.0,99.0,90.0,2
2020-03-08,,Rutland County,4bf58dd8d48988d1e9941735,Ski Areas,81.0,103.0,80.0,3
2020-03-08,,Rutland County,4d4b7105d754a06374d81259,Food,98.0,99.0,98.0,4
2020-03-08,,Rutland County,4d4b7105d754a06379d81259,Travel & Transport,117.0,"",116.0,5
2020-03-08,,Rutland County,4bf58dd8d48988d1fa931735,Hotels,114.0,"",113.0,6
2020-03-08,,Rutland County,4bf58dd8d48988d1eb941735,Ski Lodges,72.0,"",71.0,7
2020-03-08,,Rutland County,4bf58dd8d48988d1f9941735,Food & Drink Shops,77.0,"",77.0,8
2020-03-08,,Rutland County,4d4b7105d754a06376d81259,Nightlife Spots,113.0,"",111.0,9
2020-03-08,,Rutland County,4d4b7105d754a06375d81259,Professional & Other Places,99.0,"",99.0,10
2020-03-08,,Washington County,4d4b7105d754a06378d81259,Shops & Services,95.0,79.0,96.0,1
2020-03-08,,Washington County,4d4b7105d754a06377d81259,Outdoors & Recreation,77.0,65.0,77.0,2
2020-03-08,,Washington County,4bf58dd8d48988d1e9941735,Ski Areas,69.0,"",69.0,3
2020-03-08,,Washington County,4d4b7105d754a06374d81259,Food,97.0,"",98.0,4
2020-03-08,,Washington County,4bf58dd8d48988d1f9941735,Food & Drink Shops,104.0,"",104.0,5
2020-03-08,,Washington County,4d4b7105d754a06375d81259,Professional & Other Places,84.0,"",86.0,6
2020-03-08,,Windsor County,4d4b7105d754a06377d81259,Outdoors & Recreation,75.0,117.0,74.0,1
2020-03-08,,Windsor County,4d4b7105d754a06374d81259,Food,91.0,101.0,91.0,2
2020-03-08,,Windsor County,4bf58dd8d48988d1e9941735,Ski Areas,72.0,117.0,71.0,3
2020-03-08,,Windsor County,4d4b7105d754a06378d81259,Shops & Services,89.0,108.0,88.0,4
2020-03-08,,Windsor County,4d4b7105d754a06379d81259,Travel & Transport,80.0,"",79.0,5
2020-03-08,,Windsor County,4bf58dd8d48988d1eb941735,Ski Lodges,69.0,"",68.0,6
2020-03-08,,Lamoille County,4d4b7105d754a06377d81259,Outdoors & Recreation,73.0,86.0,72.0,1
2020-03-08,,Lamoille County,4bf58dd8d48988d1e9941735,Ski Areas,77.0,98.0,77.0,2
2020-03-08,,Lamoille County,4d4b7105d754a06378d81259,Shops & Services,104.0,"",104.0,3
2020-03-08,,Lamoille County,4d4b7105d754a06374d81259,Food,76.0,"",76.0,4
2020-03-08,,Lamoille County,4d4b7105d754a06379d81259,Travel & Transport,74.0,"",75.0,5
2020-03-08,,Lamoille County,4bf58dd8d48988d1fa931735,Hotels,73.0,"",73.0,6
2020-03-08,,Windham County,4d4b7105d754a06377d81259,Outdoors & Recreation,79.0,77.0,79.0,1
2020-03-08,,Windham County,4bf58dd8d48988d1e9941735,Ski Areas,76.0,71.0,76.0,2
2020-03-08,,Windham County,4d4b7105d754a06378d81259,Shops & Services,103.0,114.0,102.0,3
2020-03-08,,Windham County,4d4b7105d754a06374d81259,Food,93.0,103.0,93.0,4
2020-03-08,,Windham County,4bf58dd8d48988d1eb941735,Ski Lodges,74.0,"",74.0,5
2020-03-08,,Windham County,4d4b7105d754a06379d81259,Travel & Transport,103.0,"",105.0,6
2020-03-08,,Windham County,4eb1c0ed3b7b52c0e1adc2ea,Ski Chairlifts,68.0,"",68.0,7
2020-03-08,,Bennington County,4d4b7105d754a06378d81259,Shops & Services,115.0,89.0,116.0,1
2020-03-08,,Bennington County,4d4b7105d754a06374d81259,Food,111.0,"",112.0,2
2020-03-08,,Bennington County,4d4b7105d754a06377d81259,Outdoors & Recreation,92.0,"",94.0,3
2020-03-08,,Bennington County,4bf58dd8d48988d1f9941735,Food & Drink Shops,122.0,"",122.0,4
2020-03-08,,Addison County,4d4b7105d754a06378d81259,Shops & Services,96.0,"",95.0,1
2020-03-08,,Chittenden County,4d4b7105d754a06378d81259,Shops & Services,109.0,79.0,110.0,1
2020-03-08,,Chittenden County,4d4b7105d754a06374d81259,Food,102.0,84.0,103.0,2
2020-03-08,,Chittenden County,4d4b7105d754a06377d81259,Outdoors & Recreation,108.0,108.0,108.0,3
2020-03-08,,Chittenden County,4bf58dd8d48988d1f9941735,Food & Drink Shops,103.0,68.0,105.0,4
2020-03-08,,Chittenden County,4d4b7105d754a06375d81259,Professional & Other Places,83.0,70.0,84.0,5
2020-03-08,,Chittenden County,4d4b7105d754a06379d81259,Travel & Transport,90.0,"",90.0,6
2020-03-08,,Chittenden County,4bf58dd8d48988d1fd941735,Shopping Malls,115.0,"",117.0,7
2020-03-08,,Chittenden County,52f2ab2ebcbc57f1066b8b46,Supermarkets,102.0,"",105.0,8
2020-03-08,,Chittenden County,4d4b7105d754a06376d81259,Nightlife Spots,87.0,"",86.0,9
2020-03-08,,Chittenden County,4bf58dd8d48988d1fa931735,Hotels,90.0,"",90.0,10
2020-03-08,,Chittenden County,4d4b7105d754a06372d81259,Colleges & Universities,67.0,"",66.0,11
2020-03-08,,Chittenden County,4bf58dd8d48988d113951735,Gas Stations,104.0,"",104.0,12
2020-03-09,,Caledonia County,4d4b7105d754a06378d81259,Shops & Services,121.0,115.0,122.0,1
2020-03-09,,Addison County,4d4b7105d754a06378d81259,Shops & Services,111.0,92.0,113.0,1
2020-03-09,,Washington County,4d4b7105d754a06378d81259,Shops & Services,106.0,114.0,105.0,1
2020-03-09,,Washington County,4d4b7105d754a06375d81259,Professional & Other Places,100.0,90.0,101.0,2
2020-03-09,,Washington County,4d4b7105d754a06377d81259,Outdoors & Recreation,76.0,"",77.0,3
2020-03-09,,Washington County,4d4b7105d754a06374d81259,Food,79.0,95.0,79.0,4
2020-03-09,,Washington County,4bf58dd8d48988d1f9941735,Food & Drink Shops,100.0,147.0,97.0,5
2020-03-09,,Orleans County,4d4b7105d754a06378d81259,Shops & Services,84.0,75.0,85.0,1
2020-03-09,,Chittenden County,4d4b7105d754a06378d81259,Shops & Services,108.0,104.0,108.0,1
2020-03-09,,Chittenden County,4d4b7105d754a06375d81259,Professional & Other Places,97.0,82.0,99.0,2
2020-03-09,,Chittenden County,4d4b7105d754a06374d81259,Food,105.0,106.0,105.0,3
2020-03-09,,Chittenden County,4d4b7105d754a06377d81259,Outdoors & Recreation,112.0,107.0,112.0,4
2020-03-09,,Chittenden County,4bf58dd8d48988d1f9941735,Food & Drink Shops,106.0,91.0,107.0,5
2020-03-09,,Chittenden County,4d4b7105d754a06372d81259,Colleges & Universities,68.0,"",67.0,6
2020-03-09,,Chittenden County,4bf58dd8d48988d104941735,Medical Centers,92.0,67.0,94.0,7
2020-03-09,,Chittenden County,4d4b7105d754a06379d81259,Travel & Transport,78.0,"",77.0,8
2020-03-09,,Chittenden County,4bf58dd8d48988d113951735,Gas Stations,109.0,"",109.0,9
2020-03-09,,Chittenden County,4bf58dd8d48988d1fd941735,Shopping Malls,93.0,"",93.0,10
2020-03-09,,Chittenden County,52f2ab2ebcbc57f1066b8b46,Supermarkets,113.0,"",115.0,11
2020-03-09,,Chittenden County,4d4b7105d754a06376d81259,Nightlife Spots,108.0,"",109.0,12
2020-03-09,,Chittenden County,4f4528bc4b90abdf24c9de85,Athletics & Sports,94.0,"",97.0,13
2020-03-09,,Windsor County,4d4b7105d754a06378d81259,Shops & Services,95.0,90.0,95.0,1
2020-03-09,,Windsor County,4d4b7105d754a06374d81259,Food,90.0,99.0,89.0,2
2020-03-09,,Windsor County,4d4b7105d754a06377d81259,Outdoors & Recreation,62.0,96.0,60.0,3
2020-03-09,,Windsor County,4d4b7105d754a06375d81259,Professional & Other Places,112.0,"",113.0,4
2020-03-09,,Rutland County,4d4b7105d754a06378d81259,Shops & Services,99.0,94.0,100.0,1
2020-03-09,,Rutland County,4d4b7105d754a06377d81259,Outdoors & Recreation,84.0,93.0,84.0,2
2020-03-09,,Rutland County,4d4b7105d754a06374d81259,Food,96.0,85.0,96.0,3
2020-03-09,,Rutland County,4bf58dd8d48988d1e9941735,Ski Areas,78.0,103.0,77.0,4
2020-03-09,,Rutland County,4d4b7105d754a06375d81259,Professional & Other Places,96.0,82.0,97.0,5
2020-03-09,,Rutland County,4bf58dd8d48988d1f9941735,Food & Drink Shops,100.0,"",101.0,6
2020-03-09,,Windham County,4d4b7105d754a06377d81259,Outdoors & Recreation,67.0,71.0,66.0,1
2020-03-09,,Windham County,4d4b7105d754a06378d81259,Shops & Services,85.0,88.0,84.0,2
2020-03-09,,Windham County,4bf58dd8d48988d1e9941735,Ski Areas,62.0,"",62.0,3
2020-03-09,,Windham County,4d4b7105d754a06374d81259,Food,68.0,"",67.0,4
2020-03-09,,Windham County,4d4b7105d754a06375d81259,Professional & Other Places,106.0,"",106.0,5
2020-03-09,,Lamoille County,4d4b7105d754a06377d81259,Outdoors & Recreation,72.0,"",72.0,1
2020-03-09,,Lamoille County,4d4b7105d754a06378d81259,Shops & Services,95.0,95.0,95.0,2
2020-03-09,,Lamoille County,4bf58dd8d48988d1e9941735,Ski Areas,72.0,"",72.0,3
2020-03-09,,Franklin County,4d4b7105d754a06378d81259,Shops & Services,88.0,78.0,89.0,1
2020-03-09,,Franklin County,4d4b7105d754a06375d81259,Professional & Other Places,122.0,"",126.0,2
2020-03-09,,Bennington County,4d4b7105d754a06378d81259,Shops & Services,106.0,88.0,108.0,1
2020-03-09,,Bennington County,4d4b7105d754a06374d81259,Food,86.0,"",85.0,2
2020-03-09,,Bennington County,4d4b7105d754a06375d81259,Professional & Other Places,110.0,"",113.0,3
2020-03-10,,Rutland County,4d4b7105d754a06378d81259,Shops & Services,99.0,96.0,99.0,1
2020-03-10,,Rutland County,4d4b7105d754a06377d81259,Outdoors & Recreation,87.0,83.0,87.0,2
2020-03-10,,Rutland County,4d4b7105d754a06374d81259,Food,111.0,116.0,111.0,3
2020-03-10,,Rutland County,4d4b7105d754a06375d81259,Professional & Other Places,88.0,80.0,88.0,4
2020-03-10,,Rutland County,4bf58dd8d48988d1e9941735,Ski Areas,87.0,"",88.0,5
2020-03-10,,Rutland County,4bf58dd8d48988d1f9941735,Food & Drink Shops,96.0,"",97.0,6
2020-03-10,,Caledonia County,4d4b7105d754a06378d81259,Shops & Services,107.0,"",109.0,1
2020-03-10,,Bennington County,4d4b7105d754a06378d81259,Shops & Services,88.0,74.0,89.0,1
2020-03-10,,Bennington County,4d4b7105d754a06374d81259,Food,81.0,"",82.0,2
2020-03-10,,Windsor County,4d4b7105d754a06378d81259,Shops & Services,93.0,111.0,92.0,1
2020-03-10,,Windsor County,4d4b7105d754a06374d81259,Food,87.0,99.0,87.0,2
2020-03-10,,Windsor County,4d4b7105d754a06377d81259,Outdoors & Recreation,62.0,114.0,59.0,3
2020-03-10,,Windsor County,4d4b7105d754a06375d81259,Professional & Other Places,106.0,"",106.0,4
2020-03-10,,Lamoille County,4d4b7105d754a06378d81259,Shops & Services,89.0,85.0,90.0,1
2020-03-10,,Lamoille County,4d4b7105d754a06377d81259,Outdoors & Recreation,63.0,"",63.0,2
2020-03-10,,Franklin County,4d4b7105d754a06378d81259,Shops & Services,84.0,87.0,84.0,1
2020-03-10,,Franklin County,4d4b7105d754a06375d81259,Professional & Other Places,94.0,"",94.0,2
2020-03-10,,Addison County,4d4b7105d754a06378d81259,Shops & Services,89.0,"",90.0,1
2020-03-10,,Orange County,4d4b7105d754a06378d81259,Shops & Services,114.0,"",115.0,1
2020-03-10,,Windham County,4d4b7105d754a06378d81259,Shops & Services,81.0,81.0,81.0,1
2020-03-10,,Windham County,4d4b7105d754a06377d81259,Outdoors & Recreation,73.0,99.0,72.0,2
2020-03-10,,Windham County,4d4b7105d754a06374d81259,Food,92.0,"",92.0,3
2020-03-10,,Windham County,4d4b7105d754a06375d81259,Professional & Other Places,98.0,"",98.0,4
2020-03-10,,Windham County,4bf58dd8d48988d1e9941735,Ski Areas,59.0,"",57.0,5
2020-03-10,,Washington County,4d4b7105d754a06378d81259,Shops & Services,92.0,77.0,93.0,1
2020-03-10,,Washington County,4d4b7105d754a06375d81259,Professional & Other Places,78.0,73.0,78.0,2
2020-03-10,,Washington County,4d4b7105d754a06374d81259,Food,104.0,"",104.0,3
2020-03-10,,Washington County,4d4b7105d754a06377d81259,Outdoors & Recreation,67.0,"",68.0,4
2020-03-10,,Washington County,4bf58dd8d48988d1f9941735,Food & Drink Shops,104.0,"",106.0,5
2020-03-10,,Chittenden County,4d4b7105d754a06378d81259,Shops & Services,108.0,112.0,107.0,1
2020-03-10,,Chittenden County,4d4b7105d754a06375d81259,Professional & Other Places,105.0,90.0,106.0,2
2020-03-10,,Chittenden County,4d4b7105d754a06374d81259,Food,105.0,84.0,107.0,3
2020-03-10,,Chittenden County,4d4b7105d754a06377d81259,Outdoors & Recreation,95.0,96.0,95.0,4
2020-03-10,,Chittenden County,4d4b7105d754a06372d81259,Colleges & Universities,66.0,133.0,64.0,5
2020-03-10,,Chittenden County,4bf58dd8d48988d104941735,Medical Centers,108.0,96.0,109.0,6
2020-03-10,,Chittenden County,4bf58dd8d48988d1f9941735,Food & Drink Shops,94.0,104.0,94.0,7
2020-03-10,,Chittenden County,4d4b7105d754a06379d81259,Travel & Transport,80.0,84.0,80.0,8
2020-03-10,,Chittenden County,4d4b7105d754a06376d81259,Nightlife Spots,117.0,"",118.0,9
2020-03-10,,Chittenden County,4bf58dd8d48988d113951735,Gas Stations,106.0,"",106.0,10
2020-03-10,,Chittenden County,4bf58dd8d48988d1fd941735,Shopping Malls,101.0,"",102.0,11
2020-03-10,,Chittenden County,4bf58dd8d48988d13b941735,Schools,113.0,"",113.0,12
2020-03-10,,Chittenden County,52f2ab2ebcbc57f1066b8b46,Supermarkets,98.0,"",99.0,13
2020-03-10,,Chittenden County,4f4528bc4b90abdf24c9de85,Athletics & Sports,104.0,"",106.0,14
2020-03-10,,Orleans County,4d4b7105d754a06378d81259,Shops & Services,102.0,91.0,104.0,1
2020-03-11,,Windsor County,4d4b7105d754a06378d81259,Shops & Services,84.0,75.0,85.0,1
2020-03-11,,Windsor County,4d4b7105d754a06377d81259,Outdoors & Recreation,69.0,79.0,69.0,2
2020-03-11,,Windsor County,4d4b7105d754a06374d81259,Food,78.0,86.0,78.0,3
2020-03-11,,Windsor County,4d4b7105d754a06375d81259,Professional & Other Places,88.0,83.0,89.0,4
2020-03-11,,Franklin County,4d4b7105d754a06378d81259,Shops & Services,103.0,112.0,102.0,1
2020-03-11,,Franklin County,4d4b7105d754a06375d81259,Professional & Other Places,102.0,"",104.0,2
2020-03-11,,Windham County,4d4b7105d754a06378d81259,Shops & Services,91.0,74.0,92.0,1
2020-03-11,,Windham County,4d4b7105d754a06377d81259,Outdoors & Recreation,68.0,66.0,69.0,2
2020-03-11,,Windham County,4d4b7105d754a06374d81259,Food,93.0,98.0,93.0,3
2020-03-11,,Windham County,4d4b7105d754a06375d81259,Professional & Other Places,109.0,141.0,107.0,4
2020-03-11,,Windham County,4bf58dd8d48988d1e9941735,Ski Areas,59.0,"",59.0,5
2020-03-11,,Lamoille County,4d4b7105d754a06377d81259,Outdoors & Recreation,70.0,"",72.0,1
2020-03-11,,Lamoille County,4d4b7105d754a06378d81259,Shops & Services,81.0,82.0,81.0,2
2020-03-11,,Lamoille County,4bf58dd8d48988d1e9941735,Ski Areas,73.0,"",76.0,3
2020-03-11,,Bennington County,4d4b7105d754a06378d81259,Shops & Services,100.0,96.0,100.0,1
2020-03-11,,Bennington County,4d4b7105d754a06374d81259,Food,90.0,"",90.0,2
2020-03-11,,Bennington County,4d4b7105d754a06375d81259,Professional & Other Places,91.0,"",89.0,3
2020-03-11,,Rutland County,4d4b7105d754a06378d81259,Shops & Services,95.0,91.0,96.0,1
2020-03-11,,Rutland County,4d4b7105d754a06377d81259,Outdoors & Recreation,84.0,64.0,85.0,2
2020-03-11,,Rutland County,4d4b7105d754a06374d81259,Food,99.0,107.0,99.0,3
2020-03-11,,Rutland County,4d4b7105d754a06375d81259,Professional & Other Places,79.0,90.0,78.0,4
2020-03-11,,Rutland County,4bf58dd8d48988d1e9941735,Ski Areas,77.0,"",80.0,5
2020-03-11,,Rutland County,4bf58dd8d48988d1f9941735,Food & Drink Shops,96.0,"",96.0,6
2020-03-11,,Caledonia County,4d4b7105d754a06378d81259,Shops & Services,117.0,129.0,116.0,1
2020-03-11,,Orange County,4d4b7105d754a06378d81259,Shops & Services,106.0,"",105.0,1
2020-03-11,,Addison County,4d4b7105d754a06378d81259,Shops & Services,96.0,"",97.0,1
2020-03-11,,Chittenden County,4d4b7105d754a06378d81259,Shops & Services,98.0,101.0,98.0,1
2020-03-11,,Chittenden County,4d4b7105d754a06375d81259,Professional & Other Places,99.0,95.0,99.0,2
2020-03-11,,Chittenden County,4d4b7105d754a06374d81259,Food,97.0,104.0,96.0,3
2020-03-11,,Chittenden County,4d4b7105d754a06377d81259,Outdoors & Recreation,96.0,103.0,96.0,4
2020-03-11,,Chittenden County,4bf58dd8d48988d1f9941735,Food & Drink Shops,101.0,108.0,100.0,5
2020-03-11,,Chittenden County,4d4b7105d754a06372d81259,Colleges & Universities,56.0,"",55.0,6
2020-03-11,,Chittenden County,4bf58dd8d48988d104941735,Medical Centers,97.0,111.0,96.0,7
2020-03-11,,Chittenden County,4d4b7105d754a06379d81259,Travel & Transport,89.0,"",89.0,8
2020-03-11,,Chittenden County,52f2ab2ebcbc57f1066b8b46,Supermarkets,104.0,128.0,103.0,9
2020-03-11,,Chittenden County,4bf58dd8d48988d113951735,Gas Stations,90.0,"",90.0,10
2020-03-11,,Chittenden County,4bf58dd8d48988d1fd941735,Shopping Malls,97.0,"",99.0,11
2020-03-11,,Chittenden County,4f4528bc4b90abdf24c9de85,Athletics & Sports,97.0,"",97.0,12
2020-03-11,,Chittenden County,4d4b7105d754a06376d81259,Nightlife Spots,98.0,"",99.0,13
2020-03-11,,Chittenden County,4bf58dd8d48988d13b941735,Schools,106.0,"",107.0,14
2020-03-11,,Washington County,4d4b7105d754a06378d81259,Shops & Services,88.0,69.0,90.0,1
2020-03-11,,Washington County,4d4b7105d754a06375d81259,Professional & Other Places,75.0,67.0,75.0,2
2020-03-11,,Washington County,4d4b7105d754a06377d81259,Outdoors & Recreation,88.0,"",90.0,3
2020-03-11,,Washington County,4d4b7105d754a06374d81259,Food,82.0,"",82.0,4
2020-03-11,,Orleans County,4d4b7105d754a06378d81259,Shops & Services,90.0,90.0,90.0,1
2020-03-12,,Franklin County,4d4b7105d754a06378d81259,Shops & Services,96.0,97.0,96.0,1
2020-03-12,,Franklin County,4d4b7105d754a06375d81259,Professional & Other Places,77.0,"",78.0,2
2020-03-12,,Addison County,4d4b7105d754a06378d81259,Shops & Services,110.0,133.0,109.0,1
2020-03-12,,Windsor County,4d4b7105d754a06378d81259,Shops & Services,79.0,72.0,79.0,1
2020-03-12,,Windsor County,4d4b7105d754a06374d81259,Food,82.0,102.0,80.0,2
2020-03-12,,Windsor County,4d4b7105d754a06377d81259,Outdoors & Recreation,78.0,90.0,77.0,3
2020-03-12,,Windsor County,4d4b7105d754a06375d81259,Professional & Other Places,89.0,"",90.0,4
2020-03-12,,Windsor County,4d4b7105d754a06379d81259,Travel & Transport,86.0,"",85.0,5
2020-03-12,,Chittenden County,4d4b7105d754a06378d81259,Shops & Services,104.0,101.0,104.0,1
2020-03-12,,Chittenden County,4d4b7105d754a06375d81259,Professional & Other Places,99.0,104.0,99.0,2
2020-03-12,,Chittenden County,4d4b7105d754a06374d81259,Food,103.0,95.0,103.0,3
2020-03-12,,Chittenden County,4d4b7105d754a06377d81259,Outdoors & Recreation,94.0,112.0,93.0,4
2020-03-12,,Chittenden County,4bf58dd8d48988d1f9941735,Food & Drink Shops,103.0,93.0,104.0,5
2020-03-12,,Chittenden County,4bf58dd8d48988d104941735,Medical Centers,105.0,120.0,104.0,6
2020-03-12,,Chittenden County,4d4b7105d754a06372d81259,Colleges & Universities,40.0,"",40.0,7
2020-03-12,,Chittenden County,52f2ab2ebcbc57f1066b8b46,Supermarkets,122.0,115.0,123.0,8
2020-03-12,,Chittenden County,4d4b7105d754a06379d81259,Travel & Transport,66.0,"",66.0,9
2020-03-12,,Chittenden County,4bf58dd8d48988d113951735,Gas Stations,103.0,"",103.0,10
2020-03-12,,Chittenden County,4bf58dd8d48988d1fd941735,Shopping Malls,102.0,"",102.0,11
2020-03-12,,Chittenden County,4d4b7105d754a06376d81259,Nightlife Spots,88.0,"",87.0,12
2020-03-12,,Washington County,4d4b7105d754a06378d81259,Shops & Services,109.0,112.0,109.0,1
2020-03-12,,Washington County,4d4b7105d754a06375d81259,Professional & Other Places,109.0,94.0,110.0,2
2020-03-12,,Washington County,4d4b7105d754a06377d81259,Outdoors & Recreation,106.0,"",106.0,3
2020-03-12,,Washington County,4d4b7105d754a06374d81259,Food,103.0,114.0,103.0,4
2020-03-12,,Washington County,4bf58dd8d48988d1f9941735,Food & Drink Shops,132.0,"",133.0,5
2020-03-12,,Caledonia County,4d4b7105d754a06378d81259,Shops & Services,105.0,118.0,104.0,1
2020-03-12,,Orleans County,4d4b7105d754a06378d81259,Shops & Services,89.0,92.0,89.0,1
2020-03-12,,Rutland County,4d4b7105d754a06378d81259,Shops & Services,100.0,107.0,100.0,1
2020-03-12,,Rutland County,4d4b7105d754a06377d81259,Outdoors & Recreation,104.0,139.0,102.0,2
2020-03-12,,Rutland County,4d4b7105d754a06374d81259,Food,101.0,97.0,101.0,3
2020-03-12,,Rutland County,4d4b7105d754a06375d81259,Professional & Other Places,93.0,97.0,93.0,4
2020-03-12,,Rutland County,4bf58dd8d48988d1e9941735,Ski Areas,103.0,207.0,98.0,5
2020-03-12,,Rutland County,4bf58dd8d48988d1f9941735,Food & Drink Shops,101.0,95.0,102.0,6
2020-03-12,,Lamoille County,4d4b7105d754a06378d81259,Shops & Services,116.0,152.0,113.0,1
2020-03-12,,Lamoille County,4d4b7105d754a06377d81259,Outdoors & Recreation,91.0,107.0,90.0,2
2020-03-12,,Lamoille County,4bf58dd8d48988d1e9941735,Ski Areas,94.0,"",93.0,3
2020-03-12,,Bennington County,4d4b7105d754a06378d81259,Shops & Services,99.0,79.0,101.0,1
2020-03-12,,Bennington County,4d4b7105d754a06374d81259,Food,85.0,"",86.0,2
2020-03-12,,Bennington County,4d4b7105d754a06375d81259,Professional & Other Places,102.0,"",104.0,3
2020-03-12,,Windham County,4d4b7105d754a06378d81259,Shops & Services,100.0,95.0,100.0,1
2020-03-12,,Windham County,4d4b7105d754a06377d81259,Outdoors & Recreation,78.0,61.0,79.0,2
2020-03-12,,Windham County,4d4b7105d754a06374d81259,Food,91.0,94.0,91.0,3
2020-03-12,,Windham County,4bf58dd8d48988d1e9941735,Ski Areas,67.0,"",68.0,4
2020-03-12,,Windham County,4d4b7105d754a06375d81259,Professional & Other Places,96.0,"",98.0,5
2020-03-13,,Windsor County,4d4b7105d754a06378d81259,Shops & Services,104.0,106.0,103.0,1
2020-03-13,,Windsor County,4d4b7105d754a06374d81259,Food,83.0,68.0,84.0,2
2020-03-13,,Windsor County,4d4b7105d754a06377d81259,Outdoors & Recreation,54.0,64.0,53.0,3
2020-03-13,,Windsor County,4d4b7105d754a06379d81259,Travel & Transport,83.0,"",82.0,4
2020-03-13,,Windsor County,4bf58dd8d48988d1f9941735,Food & Drink Shops,108.0,"",108.0,5
2020-03-13,,Windsor County,4d4b7105d754a06375d81259,Professional & Other Places,90.0,"",89.0,6
2020-03-13,,Windsor County,4bf58dd8d48988d113951735,Gas Stations,123.0,"",121.0,7
2020-03-13,,Windsor County,4bf58dd8d48988d1fa931735,Hotels,88.0,"",87.0,8
2020-03-13,,Windham County,4d4b7105d754a06378d81259,Shops & Services,87.0,99.0,87.0,1
2020-03-13,,Windham County,4d4b7105d754a06374d81259,Food,90.0,91.0,90.0,2
2020-03-13,,Windham County,4d4b7105d754a06377d81259,Outdoors & Recreation,40.0,44.0,40.0,3
2020-03-13,,Windham County,4d4b7105d754a06375d81259,Professional & Other Places,90.0,"",91.0,4
2020-03-13,,Windham County,4bf58dd8d48988d1f9941735,Food & Drink Shops,101.0,"",99.0,5
2020-03-13,,Addison County,4d4b7105d754a06378d81259,Shops & Services,115.0,"",117.0,1
2020-03-13,,Lamoille County,4d4b7105d754a06378d81259,Shops & Services,116.0,"",119.0,1
2020-03-13,,Lamoille County,4d4b7105d754a06377d81259,Outdoors & Recreation,37.0,"",37.0,2
2020-03-13,,Lamoille County,4d4b7105d754a06374d81259,Food,81.0,"",82.0,3
2020-03-13,,Lamoille County,4d4b7105d754a06379d81259,Travel & Transport,80.0,"",82.0,4
2020-03-13,,Washington County,4d4b7105d754a06378d81259,Shops & Services,106.0,94.0,107.0,1
2020-03-13,,Washington County,4d4b7105d754a06375d81259,Professional & Other Places,97.0,"",98.0,2
2020-03-13,,Washington County,4d4b7105d754a06374d81259,Food,104.0,"",105.0,3
2020-03-13,,Washington County,4bf58dd8d48988d1f9941735,Food & Drink Shops,129.0,"",130.0,4
2020-03-13,,Washington County,4d4b7105d754a06377d81259,Outdoors & Recreation,48.0,"",48.0,5
2020-03-13,,Bennington County,4d4b7105d754a06378d81259,Shops & Services,95.0,74.0,97.0,1
2020-03-13,,Bennington County,4d4b7105d754a06374d81259,Food,104.0,"",106.0,2
2020-03-13,,Bennington County,4d4b7105d754a06375d81259,Professional & Other Places,105.0,"",107.0,3
2020-03-13,,Orleans County,4d4b7105d754a06378d81259,Shops & Services,99.0,85.0,100.0,1
2020-03-13,,Chittenden County,4d4b7105d754a06378d81259,Shops & Services,113.0,103.0,114.0,1
2020-03-13,,Chittenden County,4d4b7105d754a06374d81259,Food,97.0,89.0,97.0,2
2020-03-13,,Chittenden County,4d4b7105d754a06375d81259,Professional & Other Places,105.0,95.0,106.0,3
2020-03-13,,Chittenden County,4bf58dd8d48988d1f9941735,Food & Drink Shops,132.0,131.0,132.0,4
2020-03-13,,Chittenden County,4d4b7105d754a06377d81259,Outdoors & Recreation,92.0,87.0,93.0,5
2020-03-13,,Chittenden County,52f2ab2ebcbc57f1066b8b46,Supermarkets,140.0,135.0,140.0,6
2020-03-13,,Chittenden County,4bf58dd8d48988d104941735,Medical Centers,106.0,120.0,105.0,7
2020-03-13,,Chittenden County,4d4b7105d754a06379d81259,Travel & Transport,70.0,"",71.0,8
2020-03-13,,Chittenden County,4d4b7105d754a06376d81259,Nightlife Spots,114.0,"",115.0,9
2020-03-13,,Chittenden County,4bf58dd8d48988d113951735,Gas Stations,97.0,"",98.0,10
2020-03-13,,Chittenden County,4d4b7105d754a06372d81259,Colleges & Universities,38.0,"",37.0,11
2020-03-13,,Chittenden County,4bf58dd8d48988d1fd941735,Shopping Malls,82.0,"",83.0,12
2020-03-13,,Chittenden County,4bf58dd8d48988d118951735,Grocery Stores,148.0,"",147.0,13
2020-03-13,,Chittenden County,4bf58dd8d48988d13b941735,Schools,142.0,"",144.0,14
2020-03-13,,Chittenden County,4bf58dd8d48988d1fa931735,Hotels,77.0,"",78.0,15
2020-03-13,,Orange County,4d4b7105d754a06378d81259,Shops & Services,107.0,"",108.0,1
2020-03-13,,Caledonia County,4d4b7105d754a06378d81259,Shops & Services,115.0,125.0,115.0,1
2020-03-13,,Franklin County,4d4b7105d754a06378d81259,Shops & Services,124.0,127.0,123.0,1
2020-03-13,,Franklin County,4d4b7105d754a06375d81259,Professional & Other Places,107.0,"",109.0,2
2020-03-13,,Rutland County,4d4b7105d754a06378d81259,Shops & Services,116.0,102.0,117.0,1
2020-03-13,,Rutland County,4d4b7105d754a06374d81259,Food,104.0,101.0,105.0,2
2020-03-13,,Rutland County,4d4b7105d754a06375d81259,Professional & Other Places,106.0,103.0,106.0,3
2020-03-13,,Rutland County,4d4b7105d754a06377d81259,Outdoors & Recreation,48.0,"",48.0,4
2020-03-13,,Rutland County,4bf58dd8d48988d1f9941735,Food & Drink Shops,117.0,102.0,119.0,5
2020-03-13,,Rutland County,4bf58dd8d48988d1e9941735,Ski Areas,34.0,"",34.0,6
2020-03-13,,Rutland County,4d954b0ea243a5684a65b473,Convenience Stores,138.0,"",142.0,7
2020-03-14,,Windham County,4d4b7105d754a06377d81259,Outdoors & Recreation,49.0,49.0,49.0,1
2020-03-14,,Windham County,4bf58dd8d48988d1e9941735,Ski Areas,43.0,"",43.0,2
2020-03-14,,Windham County,4d4b7105d754a06378d81259,Shops & Services,86.0,85.0,86.0,3
2020-03-14,,Windham County,4d4b7105d754a06374d81259,Food,67.0,"",67.0,4
2020-03-14,,Windham County,4bf58dd8d48988d1f9941735,Food & Drink Shops,109.0,"",109.0,5
2020-03-14,,Lamoille County,4d4b7105d754a06377d81259,Outdoors & Recreation,62.0,60.0,63.0,1
2020-03-14,,Lamoille County,4bf58dd8d48988d1e9941735,Ski Areas,60.0,"",60.0,2
2020-03-14,,Lamoille County,4d4b7105d754a06378d81259,Shops & Services,100.0,94.0,100.0,3
2020-03-14,,Lamoille County,4d4b7105d754a06379d81259,Travel & Transport,84.0,"",85.0,4
2020-03-14,,Lamoille County,4bf58dd8d48988d1fa931735,Hotels,87.0,"",87.0,5
2020-03-14,,Lamoille County,4d4b7105d754a06374d81259,Food,78.0,"",78.0,6
2020-03-14,,Washington County,4d4b7105d754a06378d81259,Shops & Services,88.0,99.0,88.0,1
2020-03-14,,Washington County,4d4b7105d754a06377d81259,Outdoors & Recreation,63.0,"",63.0,2
2020-03-14,,Washington County,4bf58dd8d48988d1e9941735,Ski Areas,64.0,"",64.0,3
2020-03-14,,Washington County,4d4b7105d754a06374d81259,Food,79.0,102.0,78.0,4
2020-03-14,,Washington County,4bf58dd8d48988d1f9941735,Food & Drink Shops,116.0,148.0,114.0,5
2020-03-14,,Washington County,4d4b7105d754a06375d81259,Professional & Other Places,82.0,"",82.0,6
2020-03-14,,Caledonia County,4d4b7105d754a06378d81259,Shops & Services,103.0,"",103.0,1
2020-03-14,,Orleans County,4d4b7105d754a06378d81259,Shops & Services,101.0,91.0,102.0,1
2020-03-14,,Rutland County,4d4b7105d754a06378d81259,Shops & Services,111.0,118.0,111.0,1
2020-03-14,,Rutland County,4d4b7105d754a06377d81259,Outdoors & Recreation,69.0,71.0,69.0,2
2020-03-14,,Rutland County,4bf58dd8d48988d1e9941735,Ski Areas,67.0,71.0,67.0,3
2020-03-14,,Rutland County,4d4b7105d754a06374d81259,Food,88.0,66.0,89.0,4
2020-03-14,,Rutland County,4bf58dd8d48988d1f9941735,Food & Drink Shops,122.0,124.0,122.0,5
2020-03-14,,Rutland County,4bf58dd8d48988d1eb941735,Ski Lodges,62.0,"",62.0,6
2020-03-14,,Rutland County,4d4b7105d754a06375d81259,Professional & Other Places,108.0,105.0,109.0,7
2020-03-14,,Rutland County,4d4b7105d754a06379d81259,Travel & Transport,86.0,"",85.0,8
2020-03-14,,Rutland County,4bf58dd8d48988d1fa931735,Hotels,83.0,"",82.0,9
2020-03-14,,Rutland County,4d4b7105d754a06376d81259,Nightlife Spots,100.0,"",101.0,10
2020-03-14,,Rutland County,52f2ab2ebcbc57f1066b8b46,Supermarkets,138.0,"",138.0,11
2020-03-14,,Addison County,4d4b7105d754a06378d81259,Shops & Services,89.0,"",91.0,1
2020-03-14,,Chittenden County,4d4b7105d754a06378d81259,Shops & Services,86.0,69.0,87.0,1
2020-03-14,,Chittenden County,4d4b7105d754a06374d81259,Food,75.0,61.0,76.0,2
2020-03-14,,Chittenden County,4d4b7105d754a06377d81259,Outdoors & Recreation,95.0,81.0,95.0,3
2020-03-14,,Chittenden County,4bf58dd8d48988d1f9941735,Food & Drink Shops,108.0,88.0,109.0,4
2020-03-14,,Chittenden County,4d4b7105d754a06375d81259,Professional & Other Places,77.0,71.0,78.0,5
2020-03-14,,Chittenden County,52f2ab2ebcbc57f1066b8b46,Supermarkets,117.0,"",119.0,6
2020-03-14,,Chittenden County,4bf58dd8d48988d1fd941735,Shopping Malls,74.0,"",74.0,7
2020-03-14,,Chittenden County,4d4b7105d754a06376d81259,Nightlife Spots,79.0,"",80.0,8
2020-03-14,,Chittenden County,4d4b7105d754a06379d81259,Travel & Transport,53.0,"",53.0,9
2020-03-14,,Chittenden County,4bf58dd8d48988d113951735,Gas Stations,83.0,"",84.0,10
2020-03-14,,Franklin County,4d4b7105d754a06378d81259,Shops & Services,114.0,80.0,116.0,1
2020-03-14,,Bennington County,4d4b7105d754a06378d81259,Shops & Services,106.0,87.0,107.0,1
2020-03-14,,Bennington County,4d4b7105d754a06374d81259,Food,85.0,"",86.0,2
2020-03-14,,Bennington County,4bf58dd8d48988d1f9941735,Food & Drink Shops,116.0,"",117.0,3
2020-03-14,,Bennington County,4d4b7105d754a06377d81259,Outdoors & Recreation,61.0,"",60.0,4
2020-03-14,,Orange County,4d4b7105d754a06378d81259,Shops & Services,108.0,"",107.0,1
2020-03-14,,Windsor County,4d4b7105d754a06377d81259,Outdoors & Recreation,48.0,46.0,48.0,1
2020-03-14,,Windsor County,4d4b7105d754a06378d81259,Shops & Services,78.0,86.0,78.0,2
2020-03-14,,Windsor County,4d4b7105d754a06374d81259,Food,64.0,66.0,64.0,3
2020-03-14,,Windsor County,4bf58dd8d48988d1e9941735,Ski Areas,44.0,"",44.0,4
2020-03-14,,Windsor County,4d4b7105d754a06379d81259,Travel & Transport,77.0,"",78.0,5
2020-03-14,,Windsor County,4bf58dd8d48988d1fa931735,Hotels,76.0,"",76.0,6
2020-03-14,,Windsor County,4bf58dd8d48988d1f9941735,Food & Drink Shops,90.0,"",91.0,7
2020-03-15,,Windsor County,4d4b7105d754a06378d81259,Shops & Services,90.0,105.0,90.0,1
2020-03-15,,Windsor County,4d4b7105d754a06374d81259,Food,62.0,"",62.0,2
2020-03-15,,Windsor County,4d4b7105d754a06377d81259,Outdoors & Recreation,31.0,"",30.0,3
2020-03-15,,Windsor County,4bf58dd8d48988d1f9941735,Food & Drink Shops,106.0,"",104.0,4
2020-03-15,,Caledonia County,4d4b7105d754a06378d81259,Shops & Services,97.0,"",95.0,1
2020-03-15,,Rutland County,4d4b7105d754a06378d81259,Shops & Services,97.0,87.0,97.0,1
2020-03-15,,Rutland County,4d4b7105d754a06374d81259,Food,69.0,"",69.0,2
2020-03-15,,Rutland County,4d4b7105d754a06377d81259,Outdoors & Recreation,25.0,"",24.0,3
2020-03-15,,Rutland County,4bf58dd8d48988d1f9941735,Food & Drink Shops,108.0,"",110.0,4
2020-03-15,,Rutland County,4d4b7105d754a06379d81259,Travel & Transport,80.0,"",78.0,5
2020-03-15,,Rutland County,4d4b7105d754a06375d81259,Professional & Other Places,100.0,"",99.0,6
2020-03-15,,Franklin County,4d4b7105d754a06378d81259,Shops & Services,100.0,"",102.0,1
2020-03-15,,Orleans County,4d4b7105d754a06378d81259,Shops & Services,89.0,"",90.0,1
2020-03-15,,Washington County,4d4b7105d754a06378d81259,Shops & Services,85.0,76.0,85.0,1
2020-03-15,,Washington County,4d4b7105d754a06374d81259,Food,74.0,"",73.0,2
2020-03-15,,Washington County,4bf58dd8d48988d1f9941735,Food & Drink Shops,115.0,"",117.0,3
2020-03-15,,Washington County,4d4b7105d754a06377d81259,Outdoors & Recreation,26.0,"",27.0,4
2020-03-15,,Lamoille County,4d4b7105d754a06378d81259,Shops & Services,92.0,"",92.0,1
2020-03-15,,Lamoille County,4d4b7105d754a06377d81259,Outdoors & Recreation,26.0,"",27.0,2
2020-03-15,,Chittenden County,4d4b7105d754a06378d81259,Shops & Services,85.0,83.0,85.0,1
2020-03-15,,Chittenden County,4d4b7105d754a06374d81259,Food,67.0,58.0,67.0,2
2020-03-15,,Chittenden County,4bf58dd8d48988d1f9941735,Food & Drink Shops,99.0,97.0,99.0,3
2020-03-15,,Chittenden County,4d4b7105d754a06377d81259,Outdoors & Recreation,72.0,57.0,72.0,4
2020-03-15,,Chittenden County,4d4b7105d754a06375d81259,Professional & Other Places,58.0,77.0,57.0,5
2020-03-15,,Chittenden County,52f2ab2ebcbc57f1066b8b46,Supermarkets,100.0,"",100.0,6
2020-03-15,,Chittenden County,4bf58dd8d48988d1fd941735,Shopping Malls,73.0,"",73.0,7
2020-03-15,,Chittenden County,4d4b7105d754a06379d81259,Travel & Transport,47.0,"",48.0,8
2020-03-15,,Chittenden County,4d4b7105d754a06376d81259,Nightlife Spots,64.0,"",64.0,9
2020-03-15,,Bennington County,4d4b7105d754a06378d81259,Shops & Services,97.0,82.0,98.0,1
2020-03-15,,Bennington County,4d4b7105d754a06374d81259,Food,73.0,"",73.0,2
2020-03-15,,Windham County,4d4b7105d754a06378d81259,Shops & Services,81.0,86.0,81.0,1
2020-03-15,,Windham County,4d4b7105d754a06374d81259,Food,60.0,"",61.0,2
2020-03-15,,Windham County,4d4b7105d754a06377d81259,Outdoors & Recreation,18.0,"",17.0,3
2020-03-15,,Windham County,4bf58dd8d48988d1f9941735,Food & Drink Shops,90.0,"",90.0,4
2020-03-16,,Rutland County,4d4b7105d754a06378d81259,Shops & Services,101.0,84.0,103.0,1
2020-03-16,,Rutland County,4d4b7105d754a06375d81259,Professional & Other Places,88.0,76.0,89.0,2
2020-03-16,,Rutland County,4d4b7105d754a06374d81259,Food,74.0,74.0,75.0,3
2020-03-16,,Rutland County,4bf58dd8d48988d1f9941735,Food & Drink Shops,127.0,111.0,129.0,4
2020-03-16,,Rutland County,4d4b7105d754a06377d81259,Outdoors & Recreation,28.0,"",28.0,5
2020-03-16,,Addison County,4d4b7105d754a06378d81259,Shops & Services,125.0,110.0,126.0,1
2020-03-16,,Bennington County,4d4b7105d754a06378d81259,Shops & Services,105.0,91.0,106.0,1
2020-03-16,,Bennington County,4d4b7105d754a06374d81259,Food,94.0,"",94.0,2
2020-03-16,,Bennington County,4bf58dd8d48988d1f9941735,Food & Drink Shops,128.0,"",131.0,3
2020-03-16,,Windham County,4d4b7105d754a06378d81259,Shops & Services,82.0,88.0,82.0,1
2020-03-16,,Windham County,4d4b7105d754a06377d81259,Outdoors & Recreation,31.0,"",31.0,2
2020-03-16,,Windham County,4d4b7105d754a06374d81259,Food,59.0,"",58.0,2
2020-03-16,,Windham County,4d4b7105d754a06375d81259,Professional & Other Places,82.0,"",82.0,3
2020-03-16,,Windham County,4bf58dd8d48988d1f9941735,Food & Drink Shops,106.0,"",106.0,4
2020-03-16,,Chittenden County,4d4b7105d754a06378d81259,Shops & Services,110.0,94.0,111.0,1
2020-03-16,,Chittenden County,4d4b7105d754a06375d81259,Professional & Other Places,79.0,75.0,79.0,2
2020-03-16,,Chittenden County,4d4b7105d754a06374d81259,Food,83.0,60.0,84.0,3
2020-03-16,,Chittenden County,4bf58dd8d48988d1f9941735,Food & Drink Shops,134.0,130.0,134.0,4
2020-03-16,,Chittenden County,4d4b7105d754a06377d81259,Outdoors & Recreation,78.0,88.0,78.0,5
2020-03-16,,Chittenden County,4bf58dd8d48988d104941735,Medical Centers,75.0,62.0,76.0,6
2020-03-16,,Chittenden County,4d4b7105d754a06372d81259,Colleges & Universities,46.0,"",46.0,7
2020-03-16,,Chittenden County,52f2ab2ebcbc57f1066b8b46,Supermarkets,142.0,130.0,143.0,8
2020-03-16,,Chittenden County,4bf58dd8d48988d1fd941735,Shopping Malls,96.0,"",97.0,9
2020-03-16,,Chittenden County,4d4b7105d754a06379d81259,Travel & Transport,57.0,"",57.0,9
2020-03-16,,Chittenden County,4bf58dd8d48988d113951735,Gas Stations,97.0,"",98.0,10
2020-03-16,,Orleans County,4d4b7105d754a06378d81259,Shops & Services,115.0,96.0,117.0,1
2020-03-16,,Franklin County,4d4b7105d754a06378d81259,Shops & Services,114.0,100.0,115.0,1
2020-03-16,,Franklin County,4d4b7105d754a06375d81259,Professional & Other Places,101.0,"",104.0,2
2020-03-16,,Washington County,4d4b7105d754a06378d81259,Shops & Services,101.0,93.0,101.0,1
2020-03-16,,Washington County,4d4b7105d754a06375d81259,Professional & Other Places,78.0,"",79.0,2
2020-03-16,,Washington County,4bf58dd8d48988d1f9941735,Food & Drink Shops,117.0,"",118.0,3
2020-03-16,,Washington County,4d4b7105d754a06374d81259,Food,62.0,"",63.0,4
2020-03-16,,Lamoille County,4d4b7105d754a06378d81259,Shops & Services,88.0,"",87.0,1
2020-03-16,,Caledonia County,4d4b7105d754a06378d81259,Shops & Services,108.0,"",110.0,1
2020-03-16,,Windsor County,4d4b7105d754a06378d81259,Shops & Services,85.0,92.0,85.0,1
2020-03-16,,Windsor County,4d4b7105d754a06377d81259,Outdoors & Recreation,48.0,62.0,47.0,2
2020-03-16,,Windsor County,4d4b7105d754a06374d81259,Food,61.0,"",61.0,3
2020-03-16,,Orange County,4d4b7105d754a06378d81259,Shops & Services,101.0,"",100.0,1
2020-03-17,,Bennington County,4d4b7105d754a06378d81259,Shops & Services,81.0,63.0,83.0,1
2020-03-17,,Bennington County,4d4b7105d754a06374d81259,Food,66.0,"",67.0,2
2020-03-17,,Lamoille County,4d4b7105d754a06378d81259,Shops & Services,74.0,86.0,73.0,1
2020-03-17,,Windsor County,4d4b7105d754a06378d81259,Shops & Services,72.0,68.0,72.0,1
2020-03-17,,Windsor County,4d4b7105d754a06374d81259,Food,52.0,"",53.0,2
2020-03-17,,Windsor County,4d4b7105d754a06377d81259,Outdoors & Recreation,46.0,"",45.0,3
2020-03-17,,Orleans County,4d4b7105d754a06378d81259,Shops & Services,93.0,80.0,94.0,1
2020-03-17,,Rutland County,4d4b7105d754a06378d81259,Shops & Services,92.0,94.0,92.0,1
2020-03-17,,Rutland County,4d4b7105d754a06374d81259,Food,73.0,77.0,72.0,2
2020-03-17,,Rutland County,4d4b7105d754a06375d81259,Professional & Other Places,64.0,59.0,64.0,3
2020-03-17,,Rutland County,4bf58dd8d48988d1f9941735,Food & Drink Shops,126.0,121.0,127.0,4
2020-03-17,,Rutland County,4d4b7105d754a06377d81259,Outdoors & Recreation,29.0,"",29.0,5
2020-03-17,,Addison County,4d4b7105d754a06378d81259,Shops & Services,90.0,94.0,90.0,1
2020-03-17,,Caledonia County,4d4b7105d754a06378d81259,Shops & Services,98.0,"",99.0,1
2020-03-17,,Windham County,4d4b7105d754a06378d81259,Shops & Services,68.0,52.0,69.0,1
2020-03-17,,Franklin County,4d4b7105d754a06378d81259,Shops & Services,98.0,101.0,98.0,1
2020-03-17,,Franklin County,4d4b7105d754a06375d81259,Professional & Other Places,78.0,"",79.0,2
2020-03-17,,Chittenden County,4d4b7105d754a06378d81259,Shops & Services,86.0,64.0,88.0,1
2020-03-17,,Chittenden County,4d4b7105d754a06375d81259,Professional & Other Places,57.0,51.0,58.0,2
2020-03-17,,Chittenden County,4d4b7105d754a06374d81259,Food,62.0,40.0,64.0,3
2020-03-17,,Chittenden County,4bf58dd8d48988d1f9941735,Food & Drink Shops,114.0,86.0,116.0,4
2020-03-17,,Chittenden County,4d4b7105d754a06377d81259,Outdoors & Recreation,70.0,65.0,70.0,5
2020-03-17,,Chittenden County,52f2ab2ebcbc57f1066b8b46,Supermarkets,121.0,"",124.0,6
2020-03-17,,Chittenden County,4d4b7105d754a06372d81259,Colleges & Universities,31.0,"",30.0,7
2020-03-17,,Chittenden County,4bf58dd8d48988d104941735,Medical Centers,52.0,"",53.0,8
2020-03-17,,Chittenden County,4d4b7105d754a06379d81259,Travel & Transport,46.0,"",47.0,9
2020-03-17,,Chittenden County,4bf58dd8d48988d113951735,Gas Stations,82.0,"",83.0,10
2020-03-17,,Washington County,4d4b7105d754a06378d81259,Shops & Services,78.0,77.0,78.0,1
2020-03-17,,Washington County,4d4b7105d754a06375d81259,Professional & Other Places,51.0,"",51.0,2
2020-03-18,,Orleans County,4d4b7105d754a06378d81259,Shops & Services,90.0,67.0,92.0,1
2020-03-18,,Washington County,4d4b7105d754a06378d81259,Shops & Services,74.0,76.0,74.0,1
2020-03-18,,Washington County,4d4b7105d754a06375d81259,Professional & Other Places,37.0,"",37.0,2
2020-03-18,,Washington County,4bf58dd8d48988d1f9941735,Food & Drink Shops,89.0,"",88.0,3
2020-03-18,,Addison County,4d4b7105d754a06378d81259,Shops & Services,83.0,95.0,81.0,1
2020-03-18,,Bennington County,4d4b7105d754a06378d81259,Shops & Services,88.0,49.0,91.0,1
2020-03-18,,Lamoille County,4d4b7105d754a06378d81259,Shops & Services,92.0,110.0,91.0,1
2020-03-18,,Chittenden County,4d4b7105d754a06378d81259,Shops & Services,76.0,75.0,76.0,1
2020-03-18,,Chittenden County,4d4b7105d754a06375d81259,Professional & Other Places,52.0,56.0,52.0,2
2020-03-18,,Chittenden County,4d4b7105d754a06374d81259,Food,57.0,56.0,57.0,3
2020-03-18,,Chittenden County,4d4b7105d754a06377d81259,Outdoors & Recreation,81.0,82.0,81.0,4
2020-03-18,,Chittenden County,4bf58dd8d48988d1f9941735,Food & Drink Shops,90.0,104.0,89.0,5
2020-03-18,,Chittenden County,4bf58dd8d48988d113951735,Gas Stations,95.0,"",94.0,6
2020-03-18,,Chittenden County,52f2ab2ebcbc57f1066b8b46,Supermarkets,106.0,"",106.0,7
2020-03-18,,Chittenden County,4bf58dd8d48988d104941735,Medical Centers,46.0,"",46.0,8
2020-03-18,,Rutland County,4d4b7105d754a06378d81259,Shops & Services,69.0,63.0,69.0,1
2020-03-18,,Rutland County,4d4b7105d754a06375d81259,Professional & Other Places,72.0,80.0,72.0,2
2020-03-18,,Rutland County,4d4b7105d754a06374d81259,Food,55.0,58.0,54.0,3
2020-03-18,,Rutland County,4d4b7105d754a06377d81259,Outdoors & Recreation,35.0,"",34.0,4
2020-03-18,,Windsor County,4d4b7105d754a06378d81259,Shops & Services,73.0,64.0,73.0,1
2020-03-18,,Windsor County,4d4b7105d754a06377d81259,Outdoors & Recreation,53.0,61.0,52.0,2
2020-03-18,,Windsor County,4d4b7105d754a06374d81259,Food,51.0,"",51.0,3
2020-03-18,,Windsor County,4d4b7105d754a06375d81259,Professional & Other Places,59.0,"",60.0,4
2020-03-18,,Franklin County,4d4b7105d754a06378d81259,Shops & Services,99.0,98.0,99.0,1
2020-03-18,,Caledonia County,4d4b7105d754a06378d81259,Shops & Services,94.0,"",95.0,1
2020-03-18,,Windham County,4d4b7105d754a06378d81259,Shops & Services,79.0,90.0,78.0,1
2020-03-18,,Windham County,4d4b7105d754a06377d81259,Outdoors & Recreation,39.0,58.0,37.0,2
2020-03-19,,Orleans County,4d4b7105d754a06378d81259,Shops & Services,70.0,"",71.0,1
2020-03-19,,Windsor County,4d4b7105d754a06378d81259,Shops & Services,65.0,53.0,66.0,1
2020-03-19,,Windsor County,4d4b7105d754a06374d81259,Food,59.0,"",59.0,2
2020-03-19,,Windsor County,4d4b7105d754a06377d81259,Outdoors & Recreation,46.0,"",47.0,3
2020-03-19,,Caledonia County,4d4b7105d754a06378d81259,Shops & Services,99.0,"",101.0,1
2020-03-19,,Rutland County,4d4b7105d754a06378d81259,Shops & Services,80.0,82.0,80.0,1
2020-03-19,,Rutland County,4d4b7105d754a06374d81259,Food,55.0,58.0,55.0,2
2020-03-19,,Rutland County,4d4b7105d754a06375d81259,Professional & Other Places,56.0,"",56.0,3
2020-03-19,,Rutland County,4bf58dd8d48988d1f9941735,Food & Drink Shops,80.0,"",81.0,4
2020-03-19,,Franklin County,4d4b7105d754a06378d81259,Shops & Services,88.0,94.0,88.0,1
2020-03-19,,Bennington County,4d4b7105d754a06378d81259,Shops & Services,83.0,75.0,84.0,1
2020-03-19,,Lamoille County,4d4b7105d754a06378d81259,Shops & Services,64.0,"",62.0,1
2020-03-19,,Addison County,4d4b7105d754a06378d81259,Shops & Services,83.0,114.0,81.0,1
2020-03-19,,Chittenden County,4d4b7105d754a06378d81259,Shops & Services,69.0,68.0,69.0,1
2020-03-19,,Chittenden County,4d4b7105d754a06375d81259,Professional & Other Places,56.0,68.0,55.0,2
2020-03-19,,Chittenden County,4d4b7105d754a06377d81259,Outdoors & Recreation,84.0,83.0,84.0,3
2020-03-19,,Chittenden County,4d4b7105d754a06374d81259,Food,49.0,46.0,49.0,4
2020-03-19,,Chittenden County,4bf58dd8d48988d1f9941735,Food & Drink Shops,81.0,75.0,81.0,5
2020-03-19,,Chittenden County,4d4b7105d754a06372d81259,Colleges & Universities,28.0,"",27.0,6
2020-03-19,,Chittenden County,4d4b7105d754a06379d81259,Travel & Transport,49.0,"",49.0,7
2020-03-19,,Chittenden County,52f2ab2ebcbc57f1066b8b46,Supermarkets,88.0,"",90.0,7
2020-03-19,,Chittenden County,4bf58dd8d48988d104941735,Medical Centers,56.0,"",56.0,8
2020-03-19,,Washington County,4d4b7105d754a06378d81259,Shops & Services,67.0,78.0,66.0,1
2020-03-19,,Washington County,4d4b7105d754a06375d81259,Professional & Other Places,41.0,"",41.0,2
2020-03-19,,Windham County,4d4b7105d754a06378d81259,Shops & Services,75.0,66.0,76.0,1
2020-03-19,,Windham County,4d4b7105d754a06374d81259,Food,47.0,"",47.0,2
2020-03-20,,Windham County,4d4b7105d754a06378d81259,Shops & Services,71.0,69.0,71.0,1
2020-03-20,,Windham County,4d4b7105d754a06374d81259,Food,46.0,"",46.0,2
2020-03-20,,Windham County,4d4b7105d754a06377d81259,Outdoors & Recreation,22.0,"",21.0,3
2020-03-20,,Caledonia County,4d4b7105d754a06378d81259,Shops & Services,79.0,"",79.0,1
2020-03-20,,Orleans County,4d4b7105d754a06378d81259,Shops & Services,71.0,"",72.0,1
2020-03-20,,Lamoille County,4d4b7105d754a06378d81259,Shops & Services,79.0,"",79.0,1
2020-03-20,,Rutland County,4d4b7105d754a06378d81259,Shops & Services,79.0,65.0,81.0,1
2020-03-20,,Rutland County,4d4b7105d754a06375d81259,Professional & Other Places,77.0,73.0,77.0,2
2020-03-20,,Rutland County,4d4b7105d754a06374d81259,Food,55.0,"",56.0,3
2020-03-20,,Rutland County,4bf58dd8d48988d1f9941735,Food & Drink Shops,74.0,"",76.0,4
2020-03-20,,Washington County,4d4b7105d754a06378d81259,Shops & Services,71.0,83.0,70.0,1
2020-03-20,,Washington County,4d4b7105d754a06375d81259,Professional & Other Places,55.0,"",54.0,2
2020-03-20,,Washington County,4bf58dd8d48988d1f9941735,Food & Drink Shops,94.0,"",93.0,3
2020-03-20,,Addison County,4d4b7105d754a06378d81259,Shops & Services,95.0,"",95.0,1
2020-03-20,,Bennington County,4d4b7105d754a06378d81259,Shops & Services,76.0,67.0,77.0,1
2020-03-20,,Bennington County,4bf58dd8d48988d1f9941735,Food & Drink Shops,103.0,"",105.0,2
2020-03-20,,Chittenden County,4d4b7105d754a06378d81259,Shops & Services,76.0,70.0,76.0,1
2020-03-20,,Chittenden County,4d4b7105d754a06375d81259,Professional & Other Places,65.0,54.0,65.0,2
2020-03-20,,Chittenden County,4d4b7105d754a06374d81259,Food,49.0,42.0,50.0,3
2020-03-20,,Chittenden County,4d4b7105d754a06377d81259,Outdoors & Recreation,79.0,97.0,78.0,4
2020-03-20,,Chittenden County,4bf58dd8d48988d1f9941735,Food & Drink Shops,91.0,79.0,92.0,4
2020-03-20,,Chittenden County,52f2ab2ebcbc57f1066b8b46,Supermarkets,97.0,"",97.0,5
2020-03-20,,Chittenden County,4bf58dd8d48988d104941735,Medical Centers,66.0,"",68.0,6
2020-03-20,,Chittenden County,4bf58dd8d48988d113951735,Gas Stations,68.0,"",68.0,7
2020-03-20,,Franklin County,4d4b7105d754a06378d81259,Shops & Services,104.0,99.0,104.0,1
2020-03-20,,Windsor County,4d4b7105d754a06378d81259,Shops & Services,64.0,67.0,64.0,1
2020-03-20,,Windsor County,4d4b7105d754a06374d81259,Food,50.0,"",51.0,2
2020-03-20,,Windsor County,4d4b7105d754a06377d81259,Outdoors & Recreation,34.0,"",34.0,3
2020-03-21,,Caledonia County,4d4b7105d754a06378d81259,Shops & Services,76.0,"",76.0,1
2020-03-21,,Addison County,4d4b7105d754a06378d81259,Shops & Services,71.0,"",73.0,1
2020-03-21,,Bennington County,4d4b7105d754a06378d81259,Shops & Services,74.0,61.0,75.0,1
2020-03-21,,Bennington County,4bf58dd8d48988d1f9941735,Food & Drink Shops,98.0,"",100.0,2
2020-03-21,,Franklin County,4d4b7105d754a06378d81259,Shops & Services,89.0,87.0,89.0,1
2020-03-21,,Windham County,4d4b7105d754a06378d81259,Shops & Services,58.0,"",58.0,1
2020-03-21,,Windham County,4d4b7105d754a06377d81259,Outdoors & Recreation,10.0,"",10.0,2
2020-03-21,,Windham County,4bf58dd8d48988d1f9941735,Food & Drink Shops,81.0,"",81.0,3
2020-03-21,,Orleans County,4d4b7105d754a06378d81259,Shops & Services,82.0,"",83.0,1
2020-03-21,,Windsor County,4d4b7105d754a06378d81259,Shops & Services,50.0,57.0,49.0,1
2020-03-21,,Windsor County,4d4b7105d754a06377d81259,Outdoors & Recreation,18.0,"",17.0,2
2020-03-21,,Windsor County,4d4b7105d754a06374d81259,Food,32.0,"",32.0,3
2020-03-21,,Washington County,4d4b7105d754a06378d81259,Shops & Services,68.0,59.0,68.0,1
2020-03-21,,Washington County,4bf58dd8d48988d1f9941735,Food & Drink Shops,90.0,"",91.0,2
2020-03-21,,Rutland County,4d4b7105d754a06378d81259,Shops & Services,75.0,75.0,75.0,1
2020-03-21,,Rutland County,4d4b7105d754a06374d81259,Food,38.0,"",37.0,2
2020-03-21,,Rutland County,4bf58dd8d48988d1f9941735,Food & Drink Shops,86.0,93.0,86.0,3
2020-03-21,,Rutland County,4d4b7105d754a06375d81259,Professional & Other Places,68.0,"",67.0,4
2020-03-21,,Lamoille County,4d4b7105d754a06378d81259,Shops & Services,59.0,"",59.0,1
2020-03-21,,Chittenden County,4d4b7105d754a06378d81259,Shops & Services,55.0,55.0,55.0,1
2020-03-21,,Chittenden County,4d4b7105d754a06377d81259,Outdoors & Recreation,70.0,75.0,69.0,2
2020-03-21,,Chittenden County,4bf58dd8d48988d1f9941735,Food & Drink Shops,79.0,63.0,81.0,3
2020-03-21,,Chittenden County,4d4b7105d754a06374d81259,Food,33.0,33.0,33.0,4
2020-03-21,,Chittenden County,4d4b7105d754a06375d81259,Professional & Other Places,51.0,53.0,51.0,5
2020-03-21,,Chittenden County,52f2ab2ebcbc57f1066b8b46,Supermarkets,108.0,"",109.0,6
2020-03-22,,Washington County,4d4b7105d754a06378d81259,Shops & Services,54.0,"",55.0,1
2020-03-22,,Orleans County,4d4b7105d754a06378d81259,Shops & Services,58.0,"",59.0,1
2020-03-22,,Franklin County,4d4b7105d754a06378d81259,Shops & Services,60.0,"",60.0,1
2020-03-22,,Bennington County,4d4b7105d754a06378d81259,Shops & Services,68.0,66.0,68.0,1
2020-03-22,,Rutland County,4d4b7105d754a06378d81259,Shops & Services,60.0,58.0,60.0,1
2020-03-22,,Rutland County,4d4b7105d754a06374d81259,Food,37.0,"",36.0,2
2020-03-22,,Chittenden County,4d4b7105d754a06378d81259,Shops & Services,50.0,48.0,50.0,1
2020-03-22,,Chittenden County,4d4b7105d754a06377d81259,Outdoors & Recreation,54.0,56.0,53.0,2
2020-03-22,,Chittenden County,4bf58dd8d48988d1f9941735,Food & Drink Shops,64.0,"",65.0,3
2020-03-22,,Chittenden County,4d4b7105d754a06374d81259,Food,28.0,"",28.0,4
2020-03-22,,Chittenden County,4d4b7105d754a06375d81259,Professional & Other Places,44.0,"",44.0,5
2020-03-22,,Chittenden County,52f2ab2ebcbc57f1066b8b46,Supermarkets,69.0,"",70.0,6
2020-03-22,,Windsor County,4d4b7105d754a06378d81259,Shops & Services,47.0,"",47.0,1
2020-03-22,,Windsor County,4d4b7105d754a06377d81259,Outdoors & Recreation,19.0,"",19.0,2
2020-03-22,,Windham County,4d4b7105d754a06378d81259,Shops & Services,57.0,"",56.0,1
2020-03-23,,Orleans County,4d4b7105d754a06378d81259,Shops & Services,66.0,"",69.0,1
2020-03-23,,Bennington County,4d4b7105d754a06378d81259,Shops & Services,66.0,55.0,67.0,1
2020-03-23,,Caledonia County,4d4b7105d754a06378d81259,Shops & Services,91.0,"",92.0,1
2020-03-23,,Windham County,4d4b7105d754a06378d81259,Shops & Services,54.0,"",55.0,1
2020-03-23,,Windham County,4d4b7105d754a06374d81259,Food,43.0,"",42.0,2
2020-03-23,,Addison County,4d4b7105d754a06378d81259,Shops & Services,87.0,"",89.0,1
2020-03-23,,Franklin County,4d4b7105d754a06378d81259,Shops & Services,72.0,80.0,71.0,1
2020-03-23,,Washington County,4d4b7105d754a06378d81259,Shops & Services,78.0,75.0,78.0,1
2020-03-23,,Washington County,4d4b7105d754a06375d81259,Professional & Other Places,49.0,"",49.0,2
2020-03-23,,Lamoille County,4d4b7105d754a06378d81259,Shops & Services,61.0,"",60.0,1
2020-03-23,,Windsor County,4d4b7105d754a06378d81259,Shops & Services,63.0,50.0,64.0,1
2020-03-23,,Windsor County,4d4b7105d754a06374d81259,Food,45.0,"",45.0,2
2020-03-23,,Rutland County,4d4b7105d754a06378d81259,Shops & Services,62.0,52.0,63.0,1
2020-03-23,,Rutland County,4d4b7105d754a06375d81259,Professional & Other Places,53.0,"",55.0,2
2020-03-23,,Chittenden County,4d4b7105d754a06378d81259,Shops & Services,54.0,47.0,54.0,1
2020-03-23,,Chittenden County,4d4b7105d754a06375d81259,Professional & Other Places,48.0,45.0,48.0,2
2020-03-23,,Chittenden County,4d4b7105d754a06374d81259,Food,42.0,43.0,41.0,3
2020-03-23,,Chittenden County,4d4b7105d754a06377d81259,Outdoors & Recreation,54.0,"",55.0,4
2020-03-23,,Chittenden County,4bf58dd8d48988d1f9941735,Food & Drink Shops,67.0,"",68.0,5
2020-03-24,,Bennington County,4d4b7105d754a06378d81259,Shops & Services,61.0,53.0,61.0,1
2020-03-24,,Rutland County,4d4b7105d754a06378d81259,Shops & Services,71.0,60.0,72.0,1
2020-03-24,,Rutland County,4d4b7105d754a06375d81259,Professional & Other Places,43.0,"",44.0,2
2020-03-24,,Rutland County,4d4b7105d754a06374d81259,Food,40.0,"",40.0,3
2020-03-24,,Rutland County,4bf58dd8d48988d1f9941735,Food & Drink Shops,87.0,"",89.0,4
2020-03-24,,Orleans County,4d4b7105d754a06378d81259,Shops & Services,69.0,69.0,69.0,1
2020-03-24,,Washington County,4d4b7105d754a06378d81259,Shops & Services,61.0,49.0,62.0,1
2020-03-24,,Washington County,4d4b7105d754a06375d81259,Professional & Other Places,38.0,"",38.0,2
2020-03-24,,Caledonia County,4d4b7105d754a06378d81259,Shops & Services,74.0,"",73.0,1
2020-03-24,,Windham County,4d4b7105d754a06378d81259,Shops & Services,51.0,"",52.0,1
2020-03-24,,Windham County,4d4b7105d754a06377d81259,Outdoors & Recreation,38.0,"",38.0,2
2020-03-24,,Addison County,4d4b7105d754a06378d81259,Shops & Services,83.0,"",84.0,1
2020-03-24,,Windsor County,4d4b7105d754a06378d81259,Shops & Services,42.0,"",42.0,1
2020-03-24,,Windsor County,4d4b7105d754a06377d81259,Outdoors & Recreation,43.0,"",44.0,2
2020-03-24,,Franklin County,4d4b7105d754a06378d81259,Shops & Services,74.0,76.0,73.0,1
2020-03-24,,Chittenden County,4d4b7105d754a06378d81259,Shops & Services,55.0,50.0,55.0,1
2020-03-24,,Chittenden County,4d4b7105d754a06375d81259,Professional & Other Places,48.0,47.0,49.0,2
2020-03-24,,Chittenden County,4d4b7105d754a06374d81259,Food,44.0,31.0,45.0,3
2020-03-24,,Chittenden County,4d4b7105d754a06377d81259,Outdoors & Recreation,60.0,56.0,61.0,4
2020-03-24,,Chittenden County,4bf58dd8d48988d1f9941735,Food & Drink Shops,75.0,80.0,75.0,5
2020-03-24,,Chittenden County,4bf58dd8d48988d104941735,Medical Centers,45.0,"",46.0,6
2020-03-24,,Lamoille County,4d4b7105d754a06378d81259,Shops & Services,56.0,"",56.0,1
2020-03-25,,Windsor County,4d4b7105d754a06378d81259,Shops & Services,54.0,43.0,55.0,1
2020-03-25,,Windsor County,4d4b7105d754a06374d81259,Food,42.0,"",43.0,2
2020-03-25,,Chittenden County,4d4b7105d754a06378d81259,Shops & Services,61.0,53.0,62.0,1
2020-03-25,,Chittenden County,4d4b7105d754a06375d81259,Professional & Other Places,43.0,50.0,43.0,2
2020-03-25,,Chittenden County,4d4b7105d754a06377d81259,Outdoors & Recreation,74.0,92.0,73.0,3
2020-03-25,,Chittenden County,4bf58dd8d48988d1f9941735,Food & Drink Shops,95.0,79.0,97.0,4
2020-03-25,,Chittenden County,4d4b7105d754a06374d81259,Food,43.0,35.0,44.0,5
2020-03-25,,Chittenden County,52f2ab2ebcbc57f1066b8b46,Supermarkets,101.0,"",102.0,6
2020-03-25,,Washington County,4d4b7105d754a06378d81259,Shops & Services,65.0,71.0,65.0,1
2020-03-25,,Washington County,4d4b7105d754a06375d81259,Professional & Other Places,39.0,"",38.0,2
2020-03-25,,Franklin County,4d4b7105d754a06378d81259,Shops & Services,93.0,101.0,92.0,1
2020-03-25,,Bennington County,4d4b7105d754a06378d81259,Shops & Services,74.0,58.0,75.0,1
2020-03-25,,Windham County,4d4b7105d754a06378d81259,Shops & Services,66.0,"",67.0,1
2020-03-25,,Addison County,4d4b7105d754a06378d81259,Shops & Services,71.0,"",72.0,1
2020-03-25,,Orleans County,4d4b7105d754a06378d81259,Shops & Services,74.0,"",76.0,1
2020-03-25,,Lamoille County,4d4b7105d754a06378d81259,Shops & Services,56.0,"",56.0,1
2020-03-25,,Caledonia County,4d4b7105d754a06378d81259,Shops & Services,78.0,"",77.0,1
2020-03-25,,Rutland County,4d4b7105d754a06378d81259,Shops & Services,74.0,70.0,74.0,1
2020-03-25,,Rutland County,4d4b7105d754a06374d81259,Food,48.0,"",48.0,2
2020-03-25,,Rutland County,4bf58dd8d48988d1f9941735,Food & Drink Shops,101.0,"",102.0,3
2020-03-25,,Rutland County,4d4b7105d754a06375d81259,Professional & Other Places,48.0,"",49.0,4
2020-03-26,,Washington County,4d4b7105d754a06378d81259,Shops & Services,59.0,69.0,59.0,1
2020-03-26,,Chittenden County,4d4b7105d754a06378d81259,Shops & Services,50.0,45.0,51.0,1
2020-03-26,,Chittenden County,4d4b7105d754a06377d81259,Outdoors & Recreation,76.0,98.0,75.0,2
2020-03-26,,Chittenden County,4d4b7105d754a06375d81259,Professional & Other Places,41.0,46.0,41.0,3
2020-03-26,,Chittenden County,4bf58dd8d48988d1f9941735,Food & Drink Shops,65.0,59.0,65.0,4
2020-03-26,,Chittenden County,4d4b7105d754a06374d81259,Food,32.0,"",33.0,5
2020-03-26,,Rutland County,4d4b7105d754a06378d81259,Shops & Services,62.0,57.0,62.0,1
2020-03-26,,Rutland County,4d4b7105d754a06375d81259,Professional & Other Places,50.0,"",52.0,2
2020-03-26,,Rutland County,4d4b7105d754a06374d81259,Food,40.0,"",41.0,3
2020-03-26,,Addison County,4d4b7105d754a06378d81259,Shops & Services,70.0,"",70.0,1
2020-03-26,,Windsor County,4d4b7105d754a06378d81259,Shops & Services,53.0,57.0,53.0,1
2020-03-26,,Windsor County,4d4b7105d754a06377d81259,Outdoors & Recreation,49.0,"",49.0,2
2020-03-26,,Windsor County,4d4b7105d754a06374d81259,Food,45.0,"",45.0,3
2020-03-26,,Bennington County,4d4b7105d754a06378d81259,Shops & Services,69.0,48.0,71.0,1
2020-03-26,,Franklin County,4d4b7105d754a06378d81259,Shops & Services,61.0,68.0,60.0,1
2020-03-26,,Windham County,4d4b7105d754a06378d81259,Shops & Services,57.0,68.0,57.0,1
2020-03-26,,Orleans County,4d4b7105d754a06378d81259,Shops & Services,62.0,"",63.0,1
2020-03-27,,Chittenden County,4d4b7105d754a06378d81259,Shops & Services,52.0,47.0,52.0,1
2020-03-27,,Chittenden County,4d4b7105d754a06377d81259,Outdoors & Recreation,81.0,96.0,80.0,2
2020-03-27,,Chittenden County,4d4b7105d754a06375d81259,Professional & Other Places,45.0,41.0,45.0,3
2020-03-27,,Chittenden County,4d4b7105d754a06374d81259,Food,33.0,35.0,33.0,4
2020-03-27,,Chittenden County,4bf58dd8d48988d1f9941735,Food & Drink Shops,73.0,55.0,74.0,5
2020-03-27,,Chittenden County,52f2ab2ebcbc57f1066b8b46,Supermarkets,78.0,"",81.0,6
2020-03-27,,Orleans County,4d4b7105d754a06378d81259,Shops & Services,60.0,"",61.0,1
2020-03-27,,Windsor County,4d4b7105d754a06378d81259,Shops & Services,45.0,46.0,45.0,1
2020-03-27,,Windsor County,4d4b7105d754a06374d81259,Food,43.0,"",43.0,2
2020-03-27,,Windsor County,4d4b7105d754a06377d81259,Outdoors & Recreation,33.0,"",33.0,3
2020-03-27,,Windham County,4d4b7105d754a06378d81259,Shops & Services,49.0,60.0,48.0,1
2020-03-27,,Rutland County,4d4b7105d754a06378d81259,Shops & Services,65.0,50.0,66.0,1
2020-03-27,,Rutland County,4d4b7105d754a06374d81259,Food,44.0,"",44.0,2
2020-03-27,,Rutland County,4d4b7105d754a06375d81259,Professional & Other Places,56.0,"",56.0,3
2020-03-27,,Washington County,4d4b7105d754a06378d81259,Shops & Services,53.0,54.0,53.0,1
2020-03-27,,Washington County,4d4b7105d754a06375d81259,Professional & Other Places,48.0,"",48.0,2
2020-03-27,,Washington County,4bf58dd8d48988d1f9941735,Food & Drink Shops,77.0,"",77.0,3
2020-03-27,,Bennington County,4d4b7105d754a06378d81259,Shops & Services,60.0,46.0,61.0,1
2020-03-27,,Caledonia County,4d4b7105d754a06378d81259,Shops & Services,55.0,"",56.0,1
2020-03-27,,Franklin County,4d4b7105d754a06378d81259,Shops & Services,71.0,67.0,71.0,1
2020-03-28,,Addison County,4d4b7105d754a06378d81259,Shops & Services,66.0,"",68.0,1
2020-03-28,,Rutland County,4d4b7105d754a06378d81259,Shops & Services,59.0,53.0,59.0,1
2020-03-28,,Rutland County,4d4b7105d754a06374d81259,Food,33.0,"",34.0,2
2020-03-28,,Rutland County,4d4b7105d754a06375d81259,Professional & Other Places,82.0,"",84.0,3
2020-03-28,,Rutland County,4d4b7105d754a06377d81259,Outdoors & Recreation,11.0,"",11.0,4
2020-03-28,,Rutland County,4bf58dd8d48988d1f9941735,Food & Drink Shops,65.0,"",66.0,5
2020-03-28,,Chittenden County,4d4b7105d754a06378d81259,Shops & Services,38.0,34.0,38.0,1
2020-03-28,,Chittenden County,4d4b7105d754a06377d81259,Outdoors & Recreation,73.0,90.0,72.0,2
2020-03-28,,Chittenden County,4d4b7105d754a06374d81259,Food,29.0,"",29.0,3
2020-03-28,,Chittenden County,4bf58dd8d48988d1f9941735,Food & Drink Shops,56.0,54.0,56.0,4
2020-03-28,,Chittenden County,4d4b7105d754a06375d81259,Professional & Other Places,41.0,"",42.0,5
2020-03-28,,Windham County,4d4b7105d754a06378d81259,Shops & Services,39.0,"",39.0,1
2020-03-28,,Windham County,4d4b7105d754a06377d81259,Outdoors & Recreation,10.0,"",10.0,2
2020-03-28,,Franklin County,4d4b7105d754a06378d81259,Shops & Services,64.0,"",65.0,1
2020-03-28,,Orleans County,4d4b7105d754a06378d81259,Shops & Services,63.0,"",64.0,1
2020-03-28,,Windsor County,4d4b7105d754a06378d81259,Shops & Services,42.0,51.0,41.0,1
2020-03-28,,Windsor County,4d4b7105d754a06377d81259,Outdoors & Recreation,17.0,"",17.0,2
2020-03-28,,Windsor County,4d4b7105d754a06374d81259,Food,30.0,"",30.0,3
2020-03-28,,Caledonia County,4d4b7105d754a06378d81259,Shops & Services,61.0,"",62.0,1
2020-03-28,,Bennington County,4d4b7105d754a06378d81259,Shops & Services,61.0,58.0,61.0,1
2020-03-28,,Washington County,4d4b7105d754a06378d81259,Shops & Services,45.0,"",46.0,1
2020-03-28,,Lamoille County,4d4b7105d754a06378d81259,Shops & Services,51.0,"",51.0,1
2020-03-29,,Franklin County,4d4b7105d754a06378d81259,Shops & Services,45.0,"",45.0,1
2020-03-29,,Washington County,4d4b7105d754a06378d81259,Shops & Services,32.0,"",33.0,1
2020-03-29,,Bennington County,4d4b7105d754a06378d81259,Shops & Services,43.0,"",44.0,1
2020-03-29,,Rutland County,4d4b7105d754a06378d81259,Shops & Services,38.0,38.0,38.0,1
2020-03-29,,Windham County,4d4b7105d754a06378d81259,Shops & Services,30.0,"",29.0,1
2020-03-29,,Chittenden County,4d4b7105d754a06378d81259,Shops & Services,28.0,20.0,28.0,1
2020-03-29,,Chittenden County,4d4b7105d754a06374d81259,Food,18.0,"",18.0,2
2020-03-29,,Chittenden County,4bf58dd8d48988d1f9941735,Food & Drink Shops,35.0,"",36.0,3
2020-03-30,,Franklin County,4d4b7105d754a06378d81259,Shops & Services,46.0,"",46.0,1
2020-03-30,,Rutland County,4d4b7105d754a06378d81259,Shops & Services,63.0,58.0,64.0,1
2020-03-30,,Rutland County,4d4b7105d754a06375d81259,Professional & Other Places,50.0,"",51.0,2
2020-03-30,,Chittenden County,4d4b7105d754a06378d81259,Shops & Services,44.0,37.0,44.0,1
2020-03-30,,Chittenden County,4d4b7105d754a06375d81259,Professional & Other Places,35.0,31.0,35.0,2
2020-03-30,,Chittenden County,4d4b7105d754a06374d81259,Food,29.0,"",29.0,3
2020-03-30,,Chittenden County,4bf58dd8d48988d1f9941735,Food & Drink Shops,56.0,"",57.0,4
2020-03-30,,Chittenden County,4d4b7105d754a06377d81259,Outdoors & Recreation,41.0,"",40.0,5
2020-03-30,,Windsor County,4d4b7105d754a06378d81259,Shops & Services,39.0,42.0,39.0,1
2020-03-30,,Bennington County,4d4b7105d754a06378d81259,Shops & Services,53.0,37.0,55.0,1
2020-03-30,,Windham County,4d4b7105d754a06378d81259,Shops & Services,32.0,"",31.0,1
2020-03-30,,Washington County,4d4b7105d754a06378d81259,Shops & Services,38.0,"",38.0,1
2020-03-30,,Orleans County,4d4b7105d754a06378d81259,Shops & Services,74.0,"",77.0,1
